{
    "count_spike": 34,
    "creation_time": 3432,
    "potential": 2.0326010673617834,
    "recent_spikes": [
        0,
        0,
        0,
        0,
        0
    ],
    "spike_train": [],
    "spiking_rate": 9.916191749682931e-68,
    "threshold": 30.0
}
