{
    "count_spike": 177,
    "creation_time": 3432,
    "potential": 0.15562053827559735,
    "recent_spikes": [
        0,
        0,
        0,
        0,
        0
    ],
    "spike_train": [],
    "spiking_rate": 8.637333504000002e-05,
    "threshold": 30.0
}
