{
    "count_spike": 13,
    "creation_time": 3432,
    "potential": 0.852632206380163,
    "recent_spikes": [
        0,
        0,
        0,
        0,
        0
    ],
    "spike_train": [],
    "spiking_rate": 1.3739497863458702e-28,
    "threshold": 30.0
}
