{
    "count_spike": 143,
    "creation_time": 3432,
    "potential": 1.5331317623449237,
    "recent_spikes": [
        0,
        0,
        0,
        0,
        0
    ],
    "spike_train": [],
    "spiking_rate": 3.602879333552565e-41,
    "threshold": 30.0
}
