{
    "count_spike": 61,
    "creation_time": 3432,
    "potential": 0.5655904898797185,
    "recent_spikes": [
        0,
        0,
        0,
        0,
        0
    ],
    "spike_train": [],
    "spiking_rate": 3.354369458176001e-19,
    "threshold": 30.0
}
