{
    "count_spike": 31,
    "creation_time": 3432,
    "potential": -1.045297256394593,
    "recent_spikes": [
        0,
        0,
        0,
        0,
        0
    ],
    "spike_train": [],
    "spiking_rate": 2.305105139450746e-45,
    "threshold": 30.0
}
