{
    "count_spike": 10,
    "creation_time": 3432,
    "potential": 0.42049864317137337,
    "recent_spikes": [
        0,
        0,
        0,
        0,
        0
    ],
    "spike_train": [],
    "spiking_rate": 6.869748706621426e-28,
    "threshold": 30.0
}
