{
    "count_spike": 56,
    "creation_time": 3432,
    "potential": 3.032592569471852,
    "recent_spikes": [
        0,
        0,
        0,
        0,
        0
    ],
    "spike_train": [],
    "spiking_rate": 8.189378563354368e-11,
    "threshold": 30.0
}
