{
    "count_spike": 60,
    "creation_time": 3432,
    "potential": 0.6718010113146647,
    "recent_spikes": [
        0,
        0,
        0,
        0,
        0
    ],
    "spike_train": [],
    "spiking_rate": 0.0016803820339200003,
    "threshold": 30.0
}
