{
    "count_spike": 217,
    "creation_time": 3432,
    "potential": 2.299936760779088,
    "recent_spikes": [
        0,
        0,
        0,
        0,
        0
    ],
    "spike_train": [],
    "spiking_rate": 1.0063108415746485e-18,
    "threshold": 30.0
}
