{
    "count_spike": 208,
    "creation_time": 3432,
    "potential": 2.051424008773192,
    "recent_spikes": [
        0,
        0,
        0,
        0,
        3
    ],
    "spike_train": [
        1481799159056179,
        1481799159066728,
        1481799161446900,
        1481799161485186,
        1481799161502466
    ],
    "spiking_rate": 0.753758720409469,
    "threshold": 30.0
}
