{
    "count_spike": 2,
    "creation_time": 3432,
    "potential": 0.031579107792063806,
    "recent_spikes": [
        0,
        0,
        0,
        0,
        0
    ],
    "spike_train": [],
    "spiking_rate": 3.2582145997152936e-215,
    "threshold": 30.0
}
