{
    "count_spike": 175,
    "creation_time": 3432,
    "potential": 1.6125798515032195,
    "recent_spikes": [
        0,
        0,
        0,
        0,
        0
    ],
    "spike_train": [],
    "spiking_rate": 2.456813568e-10,
    "threshold": 30.0
}
