{
    "count_spike": 52,
    "creation_time": 3432,
    "potential": 0.0782617543806294,
    "recent_spikes": [
        0,
        0,
        0,
        0,
        0
    ],
    "spike_train": [],
    "spiking_rate": 4.259244163213555e-27,
    "threshold": 30.0
}
