{
    "count_spike": 582,
    "creation_time": 3432,
    "potential": 1.3092156427568096,
    "recent_spikes": [
        0,
        0,
        0,
        0,
        1
    ],
    "spike_train": [
        1481799161790757
    ],
    "spiking_rate": 0.24992000024568134,
    "threshold": 30.0
}
