{
    "count_spike": 644,
    "creation_time": 3432,
    "potential": 2.3609665055310405,
    "recent_spikes": [
        0,
        0,
        0,
        0,
        1
    ],
    "spike_train": [
        1481799158517775,
        1481799161173682,
        1481799161682522
    ],
    "spiking_rate": 0.3019033601228407,
    "threshold": 30.0
}
