{
    "count_spike": 45,
    "creation_time": 3432,
    "potential": 6.017126287857735,
    "recent_spikes": [
        0,
        0,
        0,
        0,
        0
    ],
    "spike_train": [],
    "spiking_rate": 0.00039999999993446406,
    "threshold": 30.0
}
