{
    "count_spike": 218,
    "creation_time": 3432,
    "potential": 1.1012656484107723,
    "recent_spikes": [
        0,
        0,
        0,
        0,
        0
    ],
    "spike_train": [
        1481799158540877,
        1481799160969042
    ],
    "spiking_rate": 0.05198336,
    "threshold": 30.0
}
