{
    "count_spike": 33,
    "creation_time": 3432,
    "potential": 0.2177766907751969,
    "recent_spikes": [
        0,
        0,
        0,
        0,
        0
    ],
    "spike_train": [],
    "spiking_rate": 1.8128130858181484e-56,
    "threshold": 30.0
}
