{
    "count_spike": 13,
    "creation_time": 3432,
    "potential": 0.38872481724395186,
    "recent_spikes": [
        0,
        0,
        0,
        0,
        0
    ],
    "spike_train": [],
    "spiking_rate": 3.354369488402895e-20,
    "threshold": 30.0
}
