{
    "count_spike": 153,
    "creation_time": 3432,
    "potential": 0.149436899966035,
    "recent_spikes": [
        0,
        0,
        0,
        0,
        0
    ],
    "spike_train": [],
    "spiking_rate": 8.243698408551828e-28,
    "threshold": 30.0
}
