{
    "count_spike": 42,
    "creation_time": 3432,
    "potential": 0.315162265130165,
    "recent_spikes": [
        0,
        0,
        0,
        0,
        0
    ],
    "spike_train": [
        1481799167047947
    ],
    "spiking_rate": 1.125539747958322e-37,
    "threshold": 30.0
}
