{
    "count_spike": 201,
    "creation_time": 3432,
    "potential": 3.704284789799511,
    "recent_spikes": [
        0,
        0,
        1,
        0,
        2
    ],
    "spike_train": [
        1481799158896177,
        1481799160920545,
        1481799161183735,
        1481799161689286,
        1481799161811622,
        1481799163868238
    ],
    "spiking_rate": 0.8498873589760001,
    "threshold": 30.0
}
