{
    "count_spike": 730,
    "creation_time": 3432,
    "potential": 1.4034145018091626,
    "recent_spikes": [
        0,
        0,
        0,
        0,
        1
    ],
    "spike_train": [
        1481799161874919
    ],
    "spiking_rate": 0.24992,
    "threshold": 30.0
}
