{
    "count_spike": 63,
    "creation_time": 3432,
    "potential": 5.7110321304162115,
    "recent_spikes": [
        0,
        0,
        0,
        0,
        0
    ],
    "spike_train": [],
    "spiking_rate": 2.305105139450746e-45,
    "threshold": 30.0
}
