{
    "count_spike": 66,
    "creation_time": 3432,
    "potential": 0.43475703657400266,
    "recent_spikes": [
        0,
        0,
        0,
        0,
        0
    ],
    "spike_train": [],
    "spiking_rate": 0.0032007681631846404,
    "threshold": 30.0
}
