{
    "count_spike": 468,
    "creation_time": 3432,
    "potential": 8.16617287341113,
    "recent_spikes": [
        2,
        0,
        0,
        17,
        8
    ],
    "spike_train": [
        1481799158487111,
        1481799158528772,
        1481799158670130,
        1481799159070940,
        1481799159106885,
        1481799160724996,
        1481799160749820,
        1481799160865058,
        1481799160895429,
        1481799160926095,
        1481799160953185,
        1481799161506907,
        1481799161580261,
        1481799161607711,
        1481799161635536,
        1481799161658783,
        1481799161839795,
        1481799161890284,
        1481799162234248,
        1481799162658025,
        1481799162681526,
        1481799162705701,
        1481799162729743,
        1481799162745901,
        1481799162758236,
        1481799162773453,
        1481799162841569,
        1481799162858780,
        1481799162872337,
        1481799162932878,
        1481799162951747,
        1481799162970008,
        1481799162990269,
        1481799163034868,
        1481799163064556,
        1481799163168302,
        1481799166064545,
        1481799166095965,
        1481799166585802,
        1481799166621482,
        1481799166648233,
        1481799166687552,
        1481799166705745,
        1481799166730165,
        1481799166775238,
        1481799166797139,
        1481799166811715,
        1481799166836336
    ],
    "spiking_rate": 6.952460800204735,
    "threshold": 30.0
}
