{
    "count_spike": 4,
    "creation_time": 3432,
    "potential": 1.0836487182326522,
    "recent_spikes": [
        0,
        0,
        0,
        0,
        0
    ],
    "spike_train": [],
    "spiking_rate": 1.2375438984728123e-65,
    "threshold": 30.0
}
