{
    "count_spike": 403,
    "creation_time": 3432,
    "potential": 21.426575040045158,
    "recent_spikes": [
        0,
        0,
        1,
        0,
        0
    ],
    "spike_train": [
        1481799158968956,
        1481799158994937,
        1481799160522746,
        1481799161198017,
        1481799163982657
    ],
    "spiking_rate": 0.3519667200818938,
    "threshold": 30.0
}
