{
    "count_spike": 60,
    "creation_time": 3432,
    "potential": 1.5925596137092075,
    "recent_spikes": [
        0,
        0,
        0,
        0,
        0
    ],
    "spike_train": [],
    "spiking_rate": 4.09468928e-11,
    "threshold": 30.0
}
