{
    "count_spike": 324,
    "creation_time": 3432,
    "potential": 6.379008769383558,
    "recent_spikes": [
        0,
        0,
        1,
        0,
        1
    ],
    "spike_train": [
        1481799160610567,
        1481799161503132,
        1481799164354013
    ],
    "spiking_rate": 0.5479199950847344,
    "threshold": 30.0
}
