{
    "count_spike": 105,
    "creation_time": 3432,
    "potential": 8.92596340354127,
    "recent_spikes": [
        1,
        0,
        0,
        0,
        2
    ],
    "spike_train": [
        1481799160877542,
        1481799160971824,
        1481799161134811,
        1481799162160822,
        1481799162377327,
        1481799165622542
    ],
    "spiking_rate": 0.8497920000409469,
    "threshold": 30.0
}
