{
    "count_spike": 12,
    "creation_time": 3432,
    "potential": 1.9702844318607615,
    "recent_spikes": [
        0,
        0,
        0,
        0,
        0
    ],
    "spike_train": [],
    "spiking_rate": 1.2375440505422038e-65,
    "threshold": 30.0
}
