{
    "count_spike": 311,
    "creation_time": 3432,
    "potential": 3.3600127847350003,
    "recent_spikes": [
        0,
        0,
        0,
        0,
        0
    ],
    "spike_train": [],
    "spiking_rate": 0.00039999999993446406,
    "threshold": 30.0
}
