{
    "count_spike": 297,
    "creation_time": 3432,
    "potential": 5.416310503340842,
    "recent_spikes": [
        2,
        0,
        2,
        2,
        3
    ],
    "spike_train": [
        1481799158556672,
        1481799158579165,
        1481799158594290,
        1481799159046053,
        1481799161457983,
        1481799161664646,
        1481799162098053,
        1481799162496023,
        1481799162592790,
        1481799163851170,
        1481799164092486,
        1481799166105759,
        1481799166275426,
        1481799166544240
    ],
    "spiking_rate": 2.152974459985566,
    "threshold": 30.0
}
