{
    "count_spike": 164,
    "creation_time": 3432,
    "potential": 1.2610811118681082,
    "recent_spikes": [
        0,
        0,
        0,
        0,
        0
    ],
    "spike_train": [
        1481799161172860
    ],
    "spiking_rate": 0.04998400004094689,
    "threshold": 30.0
}
