{
    "count_spike": 87,
    "creation_time": 3432,
    "potential": 17.806754652933165,
    "recent_spikes": [
        2,
        0,
        1,
        0,
        0
    ],
    "spike_train": [
        1481799161044900,
        1481799163570901,
        1481799165820348,
        1481799166216357
    ],
    "spiking_rate": 0.697984,
    "threshold": 30.0
}
