{
    "count_spike": 102,
    "creation_time": 3432,
    "potential": -49.56977716323712,
    "recent_spikes": [
        0,
        0,
        0,
        1,
        1
    ],
    "spike_train": [
        1481799161401074,
        1481799162606297
    ],
    "spiking_rate": 0.49953599488,
    "threshold": 30.0
}
