{
    "count_spike": 53,
    "creation_time": 3432,
    "potential": 0.6517752946001245,
    "recent_spikes": [
        0,
        0,
        0,
        0,
        0
    ],
    "spike_train": [],
    "spiking_rate": 1.3830630836704471e-45,
    "threshold": 30.0
}
