{
    "count_spike": 497,
    "creation_time": 3432,
    "potential": 11.210192738093838,
    "recent_spikes": [
        0,
        0,
        0,
        0,
        1
    ],
    "spike_train": [
        1481799159136924,
        1481799159708524,
        1481799160061492,
        1481799160110931,
        1481799160890728,
        1481799161457428
    ],
    "spiking_rate": 0.33191661608946893,
    "threshold": 30.0
}
