{
    "count_spike": 10,
    "creation_time": 3432,
    "potential": 0.19526953266825275,
    "recent_spikes": [
        0,
        0,
        0,
        0,
        0
    ],
    "spike_train": [],
    "spiking_rate": 1.1541177732578666e-27,
    "threshold": 30.0
}
