{
    "count_spike": 47,
    "creation_time": 3432,
    "potential": 0.9586701681826831,
    "recent_spikes": [
        0,
        0,
        0,
        0,
        0
    ],
    "spike_train": [
        1481799166926570,
        1481799166947710,
        1481799167039354
    ],
    "spiking_rate": 1.6771847304619496e-19,
    "threshold": 30.0
}
