{
    "count_spike": 35,
    "creation_time": 3432,
    "potential": 0.7244133023298723,
    "recent_spikes": [
        0,
        0,
        0,
        0,
        0
    ],
    "spike_train": [],
    "spiking_rate": 1.648739676082667e-28,
    "threshold": 30.0
}
