{
    "count_spike": 21,
    "creation_time": 3432,
    "potential": 0.8347865559939995,
    "recent_spikes": [
        0,
        0,
        0,
        0,
        0
    ],
    "spike_train": [],
    "spiking_rate": 4.4353573978399895e-71,
    "threshold": 30.0
}
