{
    "count_spike": 34,
    "creation_time": 3432,
    "potential": 0.7775012668981087,
    "recent_spikes": [
        0,
        0,
        0,
        0,
        0
    ],
    "spike_train": [
        1481799166808250
    ],
    "spiking_rate": 3.227147195231044e-45,
    "threshold": 30.0
}
