{
    "count_spike": 16,
    "creation_time": 3432,
    "potential": 0.8140632037287948,
    "recent_spikes": [
        0,
        0,
        0,
        0,
        0
    ],
    "spike_train": [],
    "spiking_rate": 4.094689307505829e-11,
    "threshold": 30.0
}
