{
    "count_spike": 190,
    "creation_time": 3432,
    "potential": 0.11285806764800219,
    "recent_spikes": [
        0,
        0,
        0,
        0,
        0
    ],
    "spike_train": [],
    "spiking_rate": 1.4406907180579667e-42,
    "threshold": 30.0
}
