{
    "count_spike": 164,
    "creation_time": 3432,
    "potential": 0.37439775217731175,
    "recent_spikes": [
        0,
        0,
        0,
        0,
        0
    ],
    "spike_train": [],
    "spiking_rate": 2.587843624959999e-08,
    "threshold": 30.0
}
