{
    "count_spike": 20,
    "creation_time": 3432,
    "potential": 1.4208488476963494,
    "recent_spikes": [
        0,
        0,
        0,
        0,
        0
    ],
    "spike_train": [],
    "spiking_rate": 0.0003999997952,
    "threshold": 30.0
}
