{
    "count_spike": 106,
    "creation_time": 3432,
    "potential": 2.949158422735144,
    "recent_spikes": [
        0,
        0,
        0,
        0,
        0
    ],
    "spike_train": [],
    "spiking_rate": 9.903519300162563e-68,
    "threshold": 30.0
}
