{
    "count_spike": 147,
    "creation_time": 3432,
    "potential": 2.546308279472502,
    "recent_spikes": [
        0,
        0,
        0,
        0,
        0
    ],
    "spike_train": [],
    "spiking_rate": 3.688168223121194e-48,
    "threshold": 30.0
}
