{
    "count_spike": 174,
    "creation_time": 3432,
    "potential": 2.30762937082722,
    "recent_spikes": [
        0,
        0,
        0,
        0,
        0
    ],
    "spike_train": [],
    "spiking_rate": 7.999918073446485e-05,
    "threshold": 30.0
}
