{
    "count_spike": 17,
    "creation_time": 3432,
    "potential": 0.9498024660404412,
    "recent_spikes": [
        0,
        0,
        0,
        0,
        0
    ],
    "spike_train": [],
    "spiking_rate": 5.068979884550776e-74,
    "threshold": 30.0
}
