{
    "count_spike": 23,
    "creation_time": 3432,
    "potential": 0.07463408710023788,
    "recent_spikes": [
        0,
        0,
        0,
        0,
        0
    ],
    "spike_train": [],
    "spiking_rate": 5.4427756250235224e-95,
    "threshold": 30.0
}
