{
    "count_spike": 187,
    "creation_time": 3432,
    "potential": 0.4627776144593917,
    "recent_spikes": [
        0,
        0,
        0,
        0,
        0
    ],
    "spike_train": [],
    "spiking_rate": 3.517874079075317e-33,
    "threshold": 30.0
}
