{
    "count_spike": 122,
    "creation_time": 3432,
    "potential": 1.4655991371797115,
    "recent_spikes": [
        0,
        0,
        0,
        0,
        0
    ],
    "spike_train": [],
    "spiking_rate": 7.999909884067839e-05,
    "threshold": 30.0
}
