{
    "count_spike": 400,
    "creation_time": 3432,
    "potential": 1.4617191915650456,
    "recent_spikes": [
        0,
        0,
        0,
        2,
        0
    ],
    "spike_train": [
        1481799158778918,
        1481799158810211,
        1481799158835360,
        1481799158853466,
        1481799158878164,
        1481799158945806,
        1481799158961536,
        1481799162880260,
        1481799163002823,
        1481799166532632,
        1481799166563112,
        1481799166626541,
        1481799166672014
    ],
    "spiking_rate": 0.5132755191807344,
    "threshold": 30.0
}
