{
    "count_spike": 127,
    "creation_time": 3432,
    "potential": 0.10077420594407815,
    "recent_spikes": [
        0,
        0,
        0,
        0,
        0
    ],
    "spike_train": [
        1481799160758679,
        1481799160906594,
        1481799160955609
    ],
    "spiking_rate": 0.14995200016378757,
    "threshold": 30.0
}
