{
    "count_spike": 194,
    "creation_time": 3432,
    "potential": 17.193983914540517,
    "recent_spikes": [
        2,
        0,
        4,
        13,
        7
    ],
    "spike_train": [
        1481799161413959,
        1481799161473301,
        1481799161497216,
        1481799161588409,
        1481799161625429,
        1481799161682492,
        1481799161703580,
        1481799162401736,
        1481799162547760,
        1481799162583588,
        1481799162612435,
        1481799162631594,
        1481799162657325,
        1481799162679562,
        1481799162700227,
        1481799162720783,
        1481799162795022,
        1481799162823252,
        1481799162932173,
        1481799162969520,
        1481799163624001,
        1481799163702151,
        1481799163742259,
        1481799163904623,
        1481799166063410,
        1481799166161839,
        1481799166517442,
        1481799166540674,
        1481799166565637,
        1481799166599326
    ],
    "spiking_rate": 6.3862400000818935,
    "threshold": 30.0
}
