{
    "count_spike": 575,
    "creation_time": 3432,
    "potential": 0.4672766444269394,
    "recent_spikes": [
        0,
        0,
        0,
        0,
        0
    ],
    "spike_train": [
        1481799161090092,
        1481799161131592
    ],
    "spiking_rate": 0.10004814229013789,
    "threshold": 30.0
}
