{
    "count_spike": 162,
    "creation_time": 3432,
    "potential": 5.352915124427051,
    "recent_spikes": [
        0,
        0,
        0,
        0,
        0
    ],
    "spike_train": [],
    "spiking_rate": 3.198976e-05,
    "threshold": 30.0
}
