{
    "count_spike": 143,
    "creation_time": 3432,
    "potential": 1.9347892358764331,
    "recent_spikes": [
        0,
        0,
        0,
        0,
        0
    ],
    "spike_train": [],
    "spiking_rate": 3.3543701451510413e-20,
    "threshold": 30.0
}
