{
    "count_spike": 74,
    "creation_time": 3432,
    "potential": 0.027759687544409203,
    "recent_spikes": [
        0,
        0,
        0,
        0,
        0
    ],
    "spike_train": [],
    "spiking_rate": 2.5591808000003346e-07,
    "threshold": 30.0
}
