{
    "count_spike": 65,
    "creation_time": 3432,
    "potential": 0.25260317961329637,
    "recent_spikes": [
        0,
        0,
        0,
        0,
        0
    ],
    "spike_train": [],
    "spiking_rate": 1.4553267929131855e-106,
    "threshold": 30.0
}
