{
    "count_spike": 60,
    "creation_time": 3432,
    "potential": 4.20476959437528,
    "recent_spikes": [
        1,
        0,
        0,
        1,
        3
    ],
    "spike_train": [
        1481799160658381,
        1481799160985970,
        1481799161631569,
        1481799161675569,
        1481799161717851,
        1481799162735454,
        1481799166311277
    ],
    "spiking_rate": 1.2993280010236723,
    "threshold": 30.0
}
