{
    "count_spike": 97,
    "creation_time": 3432,
    "potential": 1.0958102754740415,
    "recent_spikes": [
        0,
        0,
        0,
        0,
        0
    ],
    "spike_train": [],
    "spiking_rate": 5.12204734464047e-07,
    "threshold": 30.0
}
