{
    "count_spike": 7,
    "creation_time": 3432,
    "potential": 0.48428747162296176,
    "recent_spikes": [
        0,
        0,
        0,
        0,
        0
    ],
    "spike_train": [],
    "spiking_rate": 1.1766816839973601e-116,
    "threshold": 30.0
}
