{
    "count_spike": 153,
    "creation_time": 3432,
    "potential": 0.11472716972503758,
    "recent_spikes": [
        0,
        0,
        0,
        0,
        0
    ],
    "spike_train": [],
    "spiking_rate": 1.4406907180577873e-42,
    "threshold": 30.0
}
