{
    "count_spike": 80,
    "creation_time": 3432,
    "potential": 0.10052251082524609,
    "recent_spikes": [
        0,
        0,
        0,
        0,
        0
    ],
    "spike_train": [],
    "spiking_rate": 1.0553059467988637e-32,
    "threshold": 30.0
}
