{
    "count_spike": 87,
    "creation_time": 3432,
    "potential": 0.6194971742930878,
    "recent_spikes": [
        0,
        0,
        0,
        0,
        0
    ],
    "spike_train": [],
    "spiking_rate": 5.120019654511898e-07,
    "threshold": 30.0
}
