{
    "count_spike": 214,
    "creation_time": 3432,
    "potential": 0.5972376790422047,
    "recent_spikes": [
        0,
        0,
        0,
        0,
        0
    ],
    "spike_train": [],
    "spiking_rate": 2.5594297613011855e-08,
    "threshold": 30.0
}
