{
    "count_spike": 21,
    "creation_time": 3432,
    "potential": 0.3888489963479951,
    "recent_spikes": [
        0,
        0,
        0,
        0,
        0
    ],
    "spike_train": [],
    "spiking_rate": 5.758490931748092e-74,
    "threshold": 30.0
}
