{
    "count_spike": 1,
    "creation_time": 3432,
    "potential": 0.3224671512484999,
    "recent_spikes": [
        0,
        0,
        0,
        0,
        0
    ],
    "spike_train": [],
    "spiking_rate": 2.461837347150728e-268,
    "threshold": 30.0
}
