{
    "count_spike": 226,
    "creation_time": 3432,
    "potential": 2.330980389639164,
    "recent_spikes": [
        0,
        0,
        0,
        0,
        0
    ],
    "spike_train": [],
    "spiking_rate": 8.18937856e-11,
    "threshold": 30.0
}
