{
    "count_spike": 47,
    "creation_time": 3432,
    "potential": 0.3373177887292599,
    "recent_spikes": [
        0,
        0,
        0,
        0,
        0
    ],
    "spike_train": [],
    "spiking_rate": 1.180228938135823e-51,
    "threshold": 30.0
}
