{
    "count_spike": 248,
    "creation_time": 3432,
    "potential": 0.553565277836571,
    "recent_spikes": [
        0,
        0,
        0,
        0,
        0
    ],
    "spike_train": [],
    "spiking_rate": 8.796654891585652e-33,
    "threshold": 30.0
}
