{
    "count_spike": 72,
    "creation_time": 3432,
    "potential": 0.24486881886879996,
    "recent_spikes": [
        0,
        0,
        0,
        0,
        0
    ],
    "spike_train": [],
    "spiking_rate": 2.6206028163847285e-12,
    "threshold": 30.0
}
