{
    "count_spike": 130,
    "creation_time": 3432,
    "potential": 0.4437932389633054,
    "recent_spikes": [
        0,
        0,
        0,
        0,
        0
    ],
    "spike_train": [],
    "spiking_rate": 1.3739497306316588e-27,
    "threshold": 30.0
}
