{
    "count_spike": 107,
    "creation_time": 3432,
    "potential": 3.178517607765983,
    "recent_spikes": [
        0,
        0,
        0,
        0,
        0
    ],
    "spike_train": [],
    "spiking_rate": 1.999079114596229e-68,
    "threshold": 30.0
}
