{
    "count_spike": 3,
    "creation_time": 3432,
    "potential": 1.1928207022761659,
    "recent_spikes": [
        0,
        0,
        0,
        0,
        0
    ],
    "spike_train": [],
    "spiking_rate": 1.0381270647080194e-81,
    "threshold": 30.0
}
