{
    "count_spike": 4,
    "creation_time": 3432,
    "potential": 0.5827592797450087,
    "recent_spikes": [
        0,
        0,
        0,
        0,
        0
    ],
    "spike_train": [],
    "spiking_rate": 1.2256041389346214e-130,
    "threshold": 30.0
}
