{
    "count_spike": 185,
    "creation_time": 3432,
    "potential": 0.28969888788385173,
    "recent_spikes": [
        0,
        0,
        0,
        0,
        0
    ],
    "spike_train": [
        1481799166907869
    ],
    "spiking_rate": 4.0946892800000004e-10,
    "threshold": 30.0
}
