{
    "count_spike": 154,
    "creation_time": 3432,
    "potential": 7.835717526569632,
    "recent_spikes": [
        0,
        0,
        0,
        0,
        1
    ],
    "spike_train": [
        1481799160646900,
        1481799160888902,
        1481799160921216,
        1481799160957888,
        1481799160996188,
        1481799161027535,
        1481799161159951,
        1481799162086920
    ],
    "spiking_rate": 0.599808,
    "threshold": 30.0
}
