{
    "count_spike": 54,
    "creation_time": 3432,
    "potential": 2.046811235179618,
    "recent_spikes": [
        0,
        0,
        0,
        0,
        0
    ],
    "spike_train": [],
    "spiking_rate": 1.180244044911539e-51,
    "threshold": 30.0
}
