{
    "count_spike": 83,
    "creation_time": 3432,
    "potential": -10.251449288626262,
    "recent_spikes": [
        1,
        0,
        0,
        0,
        0
    ],
    "spike_train": [
        1481799166325581,
        1481799166619462,
        1481799166638145,
        1481799167055681
    ],
    "spiking_rate": 0.20000000008189378,
    "threshold": 30.0
}
