{
    "count_spike": 809,
    "creation_time": 3432,
    "potential": 9.116570406798878,
    "recent_spikes": [
        0,
        1,
        0,
        0,
        2
    ],
    "spike_train": [
        1481799158641783,
        1481799159240602,
        1481799159255493,
        1481799159593066,
        1481799160836190,
        1481799161020513,
        1481799161078761,
        1481799161577124,
        1481799161657821,
        1481799164460207,
        1481799166581881,
        1481799166603709
    ],
    "spiking_rate": 0.9058028752894689,
    "threshold": 30.0
}
