{
    "count_spike": 322,
    "creation_time": 3432,
    "potential": 2.512995297629751,
    "recent_spikes": [
        0,
        0,
        0,
        0,
        3
    ],
    "spike_train": [
        1481799161152559,
        1481799161232417,
        1481799161377981,
        1481799161450419,
        1481799161528697,
        1481799161623783
    ],
    "spiking_rate": 0.8997120000409469,
    "threshold": 30.0
}
