{
    "count_spike": 245,
    "creation_time": 3432,
    "potential": 7.757038219523907,
    "recent_spikes": [
        3,
        0,
        1,
        13,
        2
    ],
    "spike_train": [
        1481799159014334,
        1481799159032470,
        1481799161519262,
        1481799161567933,
        1481799162624354,
        1481799162652157,
        1481799162674240,
        1481799162690708,
        1481799162736456,
        1481799162762418,
        1481799162778551,
        1481799162841756,
        1481799162875235,
        1481799162890723,
        1481799162918851,
        1481799162955341,
        1481799163060850,
        1481799164088134,
        1481799165980077,
        1481799166258231,
        1481799166275775,
        1481799166542342,
        1481799166604746,
        1481799166624204,
        1481799166691844,
        1481799166714353,
        1481799166740446
    ],
    "spiking_rate": 4.5966547149209465,
    "threshold": 30.0
}
