{
    "count_spike": 11,
    "creation_time": 3432,
    "potential": 0.5707279978378285,
    "recent_spikes": [
        0,
        0,
        0,
        0,
        0
    ],
    "spike_train": [],
    "spiking_rate": 3.354369458176001e-20,
    "threshold": 30.0
}
