{
    "count_spike": 494,
    "creation_time": 3432,
    "potential": 4.4564409811182895,
    "recent_spikes": [
        0,
        0,
        0,
        1,
        3
    ],
    "spike_train": [
        1481799159164998,
        1481799159200856,
        1481799159214741,
        1481799161482118,
        1481799161505414,
        1481799161531238,
        1481799162900730
    ],
    "spiking_rate": 1.00539058176,
    "threshold": 30.0
}
