{
    "count_spike": 114,
    "creation_time": 3432,
    "potential": 0.7426924922406288,
    "recent_spikes": [
        0,
        0,
        0,
        0,
        0
    ],
    "spike_train": [],
    "spiking_rate": 1.599590367232017e-05,
    "threshold": 30.0
}
