{
    "count_spike": 85,
    "creation_time": 3432,
    "potential": 0.12394548954412368,
    "recent_spikes": [
        0,
        0,
        0,
        0,
        0
    ],
    "spike_train": [],
    "spiking_rate": 5.762762966651269e-44,
    "threshold": 30.0
}
