{
    "count_spike": 32,
    "creation_time": 3432,
    "potential": 0.527153028323263,
    "recent_spikes": [
        0,
        0,
        0,
        0,
        0
    ],
    "spike_train": [],
    "spiking_rate": 3.4850251599033614e-70,
    "threshold": 30.0
}
