{
    "count_spike": 183,
    "creation_time": 3432,
    "potential": 0.19437540542761936,
    "recent_spikes": [
        0,
        0,
        0,
        0,
        0
    ],
    "spike_train": [],
    "spiking_rate": 2.0126217779518293e-19,
    "threshold": 30.0
}
