{
    "count_spike": 63,
    "creation_time": 3432,
    "potential": 3.265195250705946,
    "recent_spikes": [
        0,
        0,
        0,
        0,
        0
    ],
    "spike_train": [],
    "spiking_rate": 8.64414433195147e-43,
    "threshold": 30.0
}
