{
    "count_spike": 329,
    "creation_time": 3432,
    "potential": 0.8403933686843277,
    "recent_spikes": [
        0,
        0,
        0,
        4,
        0
    ],
    "spike_train": [
        1481799162879773,
        1481799162926299,
        1481799162975817,
        1481799163013536
    ],
    "spiking_rate": 0.9984159959036724,
    "threshold": 30.0
}
