{
    "count_spike": 108,
    "creation_time": 3432,
    "potential": 0.42052252457537354,
    "recent_spikes": [
        0,
        0,
        0,
        0,
        0
    ],
    "spike_train": [],
    "spiking_rate": 1.02367232e-09,
    "threshold": 30.0
}
