{
    "count_spike": 185,
    "creation_time": 3432,
    "potential": 8.249072930299139,
    "recent_spikes": [
        0,
        0,
        0,
        0,
        0
    ],
    "spike_train": [],
    "spiking_rate": 9.064046092477238e-56,
    "threshold": 30.0
}
