{
    "count_spike": 209,
    "creation_time": 3432,
    "potential": 0.3795173813564551,
    "recent_spikes": [
        0,
        0,
        0,
        0,
        0
    ],
    "spike_train": [],
    "spiking_rate": 1.4407091588989012e-42,
    "threshold": 30.0
}
