{
    "count_spike": 15,
    "creation_time": 3432,
    "potential": 3.044647106757432,
    "recent_spikes": [
        0,
        0,
        0,
        0,
        0
    ],
    "spike_train": [],
    "spiking_rate": 1.2375439238177734e-65,
    "threshold": 30.0
}
