{
    "count_spike": 94,
    "creation_time": 3432,
    "potential": 0.4399543014270468,
    "recent_spikes": [
        0,
        0,
        0,
        0,
        0
    ],
    "spike_train": [],
    "spiking_rate": 2.886393606997968e-27,
    "threshold": 30.0
}
