{
    "count_spike": 132,
    "creation_time": 3432,
    "potential": 0.6086512577852973,
    "recent_spikes": [
        0,
        0,
        0,
        0,
        0
    ],
    "spike_train": [],
    "spiking_rate": 0.00200025489408,
    "threshold": 30.0
}
