{
    "count_spike": 46,
    "creation_time": 3432,
    "potential": 0.3824650118535625,
    "recent_spikes": [
        0,
        0,
        0,
        0,
        0
    ],
    "spike_train": [],
    "spiking_rate": 5.111092995856269e-27,
    "threshold": 30.0
}
