{
    "count_spike": 667,
    "creation_time": 3432,
    "potential": 0.15779302008027823,
    "recent_spikes": [
        0,
        0,
        1,
        0,
        0
    ],
    "spike_train": [
        1481799158889996,
        1481799159122886,
        1481799159146616,
        1481799160652720,
        1481799164271881
    ],
    "spiking_rate": 0.30399858728946894,
    "threshold": 30.0
}
