{
    "count_spike": 83,
    "creation_time": 3432,
    "potential": 22.734145343063336,
    "recent_spikes": [
        0,
        0,
        0,
        0,
        0
    ],
    "spike_train": [],
    "spiking_rate": 0.00039999999993446406,
    "threshold": 30.0
}
