{
    "count_spike": 33,
    "creation_time": 3432,
    "potential": 1.2017815523412612,
    "recent_spikes": [
        0,
        0,
        0,
        0,
        0
    ],
    "spike_train": [],
    "spiking_rate": 7.734649555592505e-63,
    "threshold": 30.0
}
