{
    "count_spike": 29,
    "creation_time": 3432,
    "potential": 0.8216273651111248,
    "recent_spikes": [
        0,
        0,
        0,
        0,
        0
    ],
    "spike_train": [],
    "spiking_rate": 3.021347408380902e-56,
    "threshold": 30.0
}
