{
    "count_spike": 122,
    "creation_time": 3432,
    "potential": 1.1958031513893763,
    "recent_spikes": [
        1,
        0,
        0,
        0,
        1
    ],
    "spike_train": [
        1481799160689420,
        1481799161704332,
        1481799166321783,
        1481799166619907,
        1481799166633784,
        1481799167054412
    ],
    "spiking_rate": 0.4999199949209469,
    "threshold": 30.0
}
