{
    "count_spike": 5,
    "creation_time": 3432,
    "potential": 1.3226259663319522,
    "recent_spikes": [
        0,
        0,
        0,
        0,
        0
    ],
    "spike_train": [],
    "spiking_rate": 1.2259963322510484e-130,
    "threshold": 30.0
}
