{
    "count_spike": 746,
    "creation_time": 3432,
    "potential": 12.931350049018535,
    "recent_spikes": [
        3,
        0,
        3,
        16,
        2
    ],
    "spike_train": [
        1481799158454268,
        1481799158670400,
        1481799158819716,
        1481799158857377,
        1481799158884427,
        1481799158941040,
        1481799158955132,
        1481799159127309,
        1481799159135995,
        1481799161832267,
        1481799162311664,
        1481799162628852,
        1481799162735183,
        1481799162777260,
        1481799162813686,
        1481799162829896,
        1481799162848127,
        1481799162862106,
        1481799162875846,
        1481799162991096,
        1481799163007115,
        1481799163022831,
        1481799163042194,
        1481799163062787,
        1481799163087930,
        1481799163167852,
        1481799163196424,
        1481799163977125,
        1481799164009307,
        1481799164299455,
        1481799166228527,
        1481799166252441,
        1481799166280698,
        1481799166396179,
        1481799166416331,
        1481799166435161,
        1481799166448340,
        1481799166474587,
        1481799166680218,
        1481799166707141,
        1481799166733463,
        1481799166754345,
        1481799166773025,
        1481799166786183,
        1481799166805201,
        1481799166822712,
        1481799166858411,
        1481799166959373,
        1481799167066059,
        1481799167120586
    ],
    "spiking_rate": 5.855435776409469,
    "threshold": 30.0
}
