{
    "count_spike": 416,
    "creation_time": 3432,
    "potential": 13.6857240429083,
    "recent_spikes": [
        0,
        0,
        0,
        0,
        0
    ],
    "spike_train": [],
    "spiking_rate": 2.4089532859668823e-05,
    "threshold": 30.0
}
