{
    "count_spike": 4,
    "creation_time": 3432,
    "potential": 0.34857082892454594,
    "recent_spikes": [
        0,
        0,
        0,
        0,
        0
    ],
    "spike_train": [],
    "spiking_rate": 2.2930259967999998e-12,
    "threshold": 30.0
}
