{
    "count_spike": 179,
    "creation_time": 3432,
    "potential": 2.0508010098845837,
    "recent_spikes": [
        2,
        0,
        1,
        1,
        0
    ],
    "spike_train": [
        1481799161100876,
        1481799161353601,
        1481799162554395,
        1481799163641663,
        1481799165877744,
        1481799166279970
    ],
    "spiking_rate": 0.9975680000409468,
    "threshold": 30.0
}
