{
    "count_spike": 191,
    "creation_time": 3432,
    "potential": 1.9197593272210574,
    "recent_spikes": [
        0,
        0,
        1,
        0,
        1
    ],
    "spike_train": [
        1481799161485062,
        1481799164233256,
        1481799166968420
    ],
    "spiking_rate": 0.49792000040946893,
    "threshold": 30.0
}
