{
    "count_spike": 107,
    "creation_time": 3432,
    "potential": 1.8679065155529568,
    "recent_spikes": [
        0,
        0,
        0,
        0,
        1
    ],
    "spike_train": [
        1481799161719281
    ],
    "spiking_rate": 0.24992,
    "threshold": 30.0
}
