{
    "count_spike": 85,
    "creation_time": 3432,
    "potential": 0.0002232880970389958,
    "recent_spikes": [
        0,
        0,
        0,
        0,
        0
    ],
    "spike_train": [],
    "spiking_rate": 2.6576096398765314e-87,
    "threshold": 30.0
}
