{
    "count_spike": 20,
    "creation_time": 3432,
    "potential": 2.8625655686378986,
    "recent_spikes": [
        0,
        0,
        0,
        0,
        0
    ],
    "spike_train": [],
    "spiking_rate": 1.2375440251974447e-65,
    "threshold": 30.0
}
