{
    "count_spike": 67,
    "creation_time": 3432,
    "potential": 0.09891330701971228,
    "recent_spikes": [
        0,
        0,
        0,
        0,
        0
    ],
    "spike_train": [],
    "spiking_rate": 2.683495566540801e-22,
    "threshold": 30.0
}
