{
    "count_spike": 68,
    "creation_time": 3432,
    "potential": 0.9891175258478849,
    "recent_spikes": [
        0,
        0,
        0,
        0,
        0
    ],
    "spike_train": [],
    "spiking_rate": 2.5714648678399993e-08,
    "threshold": 30.0
}
