{
    "count_spike": 11,
    "creation_time": 3432,
    "potential": 1.2917861605547492,
    "recent_spikes": [
        0,
        0,
        0,
        0,
        0
    ],
    "spike_train": [],
    "spiking_rate": 1.842610176e-09,
    "threshold": 30.0
}
