{
    "count_spike": 59,
    "creation_time": 3432,
    "potential": 0.41268358784209347,
    "recent_spikes": [
        0,
        0,
        0,
        0,
        0
    ],
    "spike_train": [],
    "spiking_rate": 0.0004010265386418176,
    "threshold": 30.0
}
