{
    "count_spike": 41,
    "creation_time": 3432,
    "potential": 0.010409337511979116,
    "recent_spikes": [
        0,
        0,
        0,
        0,
        0
    ],
    "spike_train": [],
    "spiking_rate": 1.0555310548667533e-32,
    "threshold": 30.0
}
