{
    "count_spike": 33,
    "creation_time": 3432,
    "potential": 0.7619197264930475,
    "recent_spikes": [
        0,
        0,
        0,
        0,
        0
    ],
    "spike_train": [
        1481799158395801,
        1481799158415641,
        1481799158432286,
        1481799158446945,
        1481799158460778,
        1481799158476112,
        1481799158488779,
        1481799158504613,
        1481799158517425,
        1481799158530264,
        1481799158545993,
        1481799158558950,
        1481799158576866,
        1481799158591248,
        1481799158608023,
        1481799158628159,
        1481799158650062,
        1481799158688019
    ],
    "spiking_rate": 0.035988607959040006,
    "threshold": 30.0
}
