{
    "count_spike": 102,
    "creation_time": 3432,
    "potential": 0.3459480846492202,
    "recent_spikes": [
        0,
        0,
        0,
        0,
        0
    ],
    "spike_train": [],
    "spiking_rate": 3.7766842605008625e-55,
    "threshold": 30.0
}
