{
    "count_spike": 3,
    "creation_time": 3432,
    "potential": 0.5708330168179345,
    "recent_spikes": [
        0,
        0,
        0,
        0,
        0
    ],
    "spike_train": [],
    "spiking_rate": 3.3042221544011803e-287,
    "threshold": 30.0
}
