{
    "count_spike": 163,
    "creation_time": 3432,
    "potential": 0.33677587009994236,
    "recent_spikes": [
        0,
        0,
        0,
        0,
        0
    ],
    "spike_train": [],
    "spiking_rate": 2.3937695015187738e-124,
    "threshold": 30.0
}
