{
    "count_spike": 45,
    "creation_time": 3432,
    "potential": 0.4480211359585155,
    "recent_spikes": [
        0,
        0,
        0,
        0,
        3
    ],
    "spike_train": [
        1481799162093122,
        1481799162134004,
        1481799162182853
    ],
    "spiking_rate": 0.75016089550848,
    "threshold": 30.0
}
