{
    "count_spike": 56,
    "creation_time": 3432,
    "potential": 7.511087484363064,
    "recent_spikes": [
        0,
        0,
        0,
        0,
        0
    ],
    "spike_train": [],
    "spiking_rate": 7.734649365457494e-63,
    "threshold": 30.0
}
