{
    "count_spike": 66,
    "creation_time": 3432,
    "potential": 0.15994037646225026,
    "recent_spikes": [
        0,
        0,
        0,
        0,
        0
    ],
    "spike_train": [],
    "spiking_rate": 1.759218426314582e-33,
    "threshold": 30.0
}
