{
    "count_spike": 117,
    "creation_time": 3432,
    "potential": 8.669548396647132,
    "recent_spikes": [
        1,
        0,
        0,
        0,
        1
    ],
    "spike_train": [
        1481799161188370,
        1481799162334080,
        1481799166268632,
        1481799166923194
    ],
    "spiking_rate": 0.49990400004094687,
    "threshold": 30.0
}
