{
    "count_spike": 43,
    "creation_time": 3432,
    "potential": 0.5109560357361197,
    "recent_spikes": [
        0,
        0,
        0,
        0,
        0
    ],
    "spike_train": [],
    "spiking_rate": 1.1255401951487251e-36,
    "threshold": 30.0
}
