{
    "count_spike": 8,
    "creation_time": 3432,
    "potential": 0.1789515264744894,
    "recent_spikes": [
        0,
        0,
        0,
        0,
        0
    ],
    "spike_train": [],
    "spiking_rate": 5.109531647440285e-74,
    "threshold": 30.0
}
