{
    "count_spike": 28,
    "creation_time": 3432,
    "potential": 1.5234002630942547,
    "recent_spikes": [
        0,
        0,
        0,
        0,
        0
    ],
    "spike_train": [],
    "spiking_rate": 4.5320211125713194e-55,
    "threshold": 30.0
}
