{
    "count_spike": 6,
    "creation_time": 3432,
    "potential": 8.73833749412929,
    "recent_spikes": [
        0,
        0,
        0,
        0,
        0
    ],
    "spike_train": [],
    "spiking_rate": 5.120000000001677e-07,
    "threshold": 30.0
}
