{
    "count_spike": 18,
    "creation_time": 3432,
    "potential": 0.20327175090196545,
    "recent_spikes": [
        0,
        0,
        0,
        0,
        0
    ],
    "spike_train": [],
    "spiking_rate": 1.3739497582073804e-28,
    "threshold": 30.0
}
