{
    "count_spike": 62,
    "creation_time": 3432,
    "potential": 0.160312800236119,
    "recent_spikes": [
        0,
        0,
        0,
        0,
        0
    ],
    "spike_train": [],
    "spiking_rate": 0.0024806631342080003,
    "threshold": 30.0
}
