{
    "count_spike": 59,
    "creation_time": 3432,
    "potential": 1.12480756680232,
    "recent_spikes": [
        1,
        0,
        0,
        0,
        0
    ],
    "spike_train": [
        1481799160298753,
        1481799160495072,
        1481799161391571,
        1481799166126913,
        1481799166427987
    ],
    "spiking_rate": 0.30996480000000004,
    "threshold": 30.0
}
