{
    "count_spike": 78,
    "creation_time": 3432,
    "potential": 0.4995574384862622,
    "recent_spikes": [
        0,
        0,
        0,
        0,
        0
    ],
    "spike_train": [],
    "spiking_rate": 1.5840561900451957e-70,
    "threshold": 30.0
}
