{
    "count_spike": 132,
    "creation_time": 3432,
    "potential": 21.15883351431435,
    "recent_spikes": [
        0,
        0,
        0,
        0,
        0
    ],
    "spike_train": [],
    "spiking_rate": 0.00015999795199999998,
    "threshold": 30.0
}
