{
    "count_spike": 132,
    "creation_time": 3432,
    "potential": 0.07944110507524582,
    "recent_spikes": [
        0,
        0,
        0,
        0,
        0
    ],
    "spike_train": [
        1481799158628738
    ],
    "spiking_rate": 0.001999360000000001,
    "threshold": 30.0
}
