{
    "count_spike": 89,
    "creation_time": 3432,
    "potential": 0.2979831488554218,
    "recent_spikes": [
        0,
        0,
        0,
        0,
        0
    ],
    "spike_train": [],
    "spiking_rate": 1.677184729088023e-18,
    "threshold": 30.0
}
