{
    "count_spike": 407,
    "creation_time": 3432,
    "potential": 2.7850603216670016,
    "recent_spikes": [
        0,
        0,
        0,
        0,
        23
    ],
    "spike_train": [
        1481799158833960,
        1481799158954423,
        1481799159015905,
        1481799159032369,
        1481799159053990,
        1481799160510607,
        1481799160600682,
        1481799160622337,
        1481799160647750,
        1481799160665665,
        1481799160810812,
        1481799160906210,
        1481799161375474,
        1481799161399191,
        1481799161422864,
        1481799161445013,
        1481799161475590,
        1481799161507707,
        1481799161521287,
        1481799161540079,
        1481799161558024,
        1481799161572185,
        1481799161587443,
        1481799161605153,
        1481799161642337,
        1481799161667479,
        1481799161689846,
        1481799161732016,
        1481799161780966,
        1481799161814620,
        1481799161833759,
        1481799161853349,
        1481799161880381,
        1481799161914945,
        1481799161950509,
        1481799162005651
    ],
    "spiking_rate": 6.158108799303575,
    "threshold": 30.0
}
