{
    "count_spike": 14,
    "creation_time": 3432,
    "potential": 0.38764386342694285,
    "recent_spikes": [
        0,
        0,
        0,
        0,
        0
    ],
    "spike_train": [],
    "spiking_rate": 1.0991597868698608e-27,
    "threshold": 30.0
}
