{
    "count_spike": 229,
    "creation_time": 3432,
    "potential": 0.9450322596642721,
    "recent_spikes": [
        0,
        0,
        0,
        0,
        0
    ],
    "spike_train": [],
    "spiking_rate": 0.0011999995493875712,
    "threshold": 30.0
}
