{
    "count_spike": 505,
    "creation_time": 3432,
    "potential": 11.495269817291687,
    "recent_spikes": [
        0,
        0,
        1,
        0,
        0
    ],
    "spike_train": [
        1481799164358518
    ],
    "spiking_rate": 0.2480959940607345,
    "threshold": 30.0
}
