{
    "count_spike": 34,
    "creation_time": 3432,
    "potential": 1.115320094376569,
    "recent_spikes": [
        0,
        0,
        0,
        0,
        0
    ],
    "spike_train": [],
    "spiking_rate": 1.2376231012823105e-65,
    "threshold": 30.0
}
