{
    "count_spike": 119,
    "creation_time": 3432,
    "potential": 11.445085449744703,
    "recent_spikes": [
        0,
        0,
        0,
        0,
        0
    ],
    "spike_train": [],
    "spiking_rate": 8.000429909606569e-05,
    "threshold": 30.0
}
