{
    "count_spike": 1,
    "creation_time": 3432,
    "potential": 5.752252059664107,
    "recent_spikes": [
        0,
        0,
        0,
        0,
        0
    ],
    "spike_train": [],
    "spiking_rate": 1.3345647000433846e-223,
    "threshold": 30.0
}
