{
    "count_spike": 315,
    "creation_time": 3432,
    "potential": 6.7596854006378235,
    "recent_spikes": [
        0,
        0,
        0,
        0,
        0
    ],
    "spike_train": [
        1481799158966777,
        1481799159023427,
        1481799159057222
    ],
    "spiking_rate": 0.0060300697599999994,
    "threshold": 30.0
}
