{
    "count_spike": 14,
    "creation_time": 3432,
    "potential": 0.38477776516115314,
    "recent_spikes": [
        0,
        0,
        0,
        0,
        0
    ],
    "spike_train": [],
    "spiking_rate": 5.068979967600944e-74,
    "threshold": 30.0
}
