{
    "count_spike": 152,
    "creation_time": 3432,
    "potential": 0.05014687865855895,
    "recent_spikes": [
        0,
        0,
        0,
        0,
        0
    ],
    "spike_train": [],
    "spiking_rate": 2.8138853641125596e-36,
    "threshold": 30.0
}
