{
    "count_spike": 86,
    "creation_time": 3432,
    "potential": 1.1447067013340053,
    "recent_spikes": [
        0,
        0,
        0,
        0,
        0
    ],
    "spike_train": [],
    "spiking_rate": 6.869748678482944e-28,
    "threshold": 30.0
}
