{
    "count_spike": 33,
    "creation_time": 3432,
    "potential": 1.2895586455898471,
    "recent_spikes": [
        0,
        0,
        0,
        0,
        0
    ],
    "spike_train": [],
    "spiking_rate": 1.7825949709447225e-54,
    "threshold": 30.0
}
