{
    "count_spike": 819,
    "creation_time": 3432,
    "potential": 0.28087933876930105,
    "recent_spikes": [
        0,
        0,
        0,
        0,
        0
    ],
    "spike_train": [
        1481799166622916
    ],
    "spiking_rate": 1.3308401861808043e-07,
    "threshold": 30.0
}
