{
    "count_spike": 60,
    "creation_time": 3432,
    "potential": 0.3759733648029675,
    "recent_spikes": [
        0,
        0,
        0,
        0,
        0
    ],
    "spike_train": [],
    "spiking_rate": 9.220420557802984e-47,
    "threshold": 30.0
}
