{
    "count_spike": 906,
    "creation_time": 3432,
    "potential": 0.11145768038414973,
    "recent_spikes": [
        0,
        0,
        0,
        0,
        0
    ],
    "spike_train": [],
    "spiking_rate": 2.881381436115871e-43,
    "threshold": 30.0
}
