{
    "count_spike": 438,
    "creation_time": 3432,
    "potential": 20.943189181397017,
    "recent_spikes": [
        4,
        0,
        0,
        14,
        31
    ],
    "spike_train": [
        1481799158896847,
        1481799158978028,
        1481799159018382,
        1481799159067276,
        1481799160436124,
        1481799160521054,
        1481799160545822,
        1481799160871762,
        1481799161190693,
        1481799161320840,
        1481799161350626,
        1481799161406163,
        1481799161439230,
        1481799161462209,
        1481799161478684,
        1481799161500267,
        1481799161515726,
        1481799161530305,
        1481799161554711,
        1481799161580440,
        1481799161607956,
        1481799161624264,
        1481799161637298,
        1481799161657059,
        1481799161672715,
        1481799161688028,
        1481799161705835,
        1481799161724514,
        1481799161741674,
        1481799161765373,
        1481799161788825,
        1481799161804286,
        1481799161821932,
        1481799161838405,
        1481799161854862,
        1481799161867528,
        1481799161878069,
        1481799161891570,
        1481799161912456,
        1481799161944748,
        1481799161973000,
        1481799161995517,
        1481799162535713,
        1481799162567717,
        1481799162611263,
        1481799162636343,
        1481799162655407,
        1481799162677022,
        1481799162709116,
        1481799162813465,
        1481799162837892,
        1481799162854001,
        1481799162870603,
        1481799162895993,
        1481799163034032,
        1481799163063709,
        1481799166176030,
        1481799166210381,
        1481799166239927,
        1481799166273301,
        1481799166489660,
        1481799166521055,
        1481799166556496,
        1481799166724241,
        1481799166738913,
        1481799166757379
    ],
    "spiking_rate": 12.399805440081895,
    "threshold": 30.0
}
