{
    "count_spike": 65,
    "creation_time": 3432,
    "potential": 0.5907818623919506,
    "recent_spikes": [
        0,
        0,
        0,
        0,
        0
    ],
    "spike_train": [],
    "spiking_rate": 1.6771847634367437e-19,
    "threshold": 30.0
}
