{
    "count_spike": 65,
    "creation_time": 3432,
    "potential": 0.3666361364304312,
    "recent_spikes": [
        0,
        0,
        0,
        0,
        0
    ],
    "spike_train": [],
    "spiking_rate": 1.0130195765065467e-18,
    "threshold": 30.0
}
