{
    "count_spike": 1062,
    "creation_time": 3432,
    "potential": 1.294059459891785,
    "recent_spikes": [
        0,
        0,
        0,
        0,
        1
    ],
    "spike_train": [
        1481799161043232,
        1481799161086816,
        1481799161116258,
        1481799161138545,
        1481799161365830,
        1481799161405706
    ],
    "spiking_rate": 0.4998400000409469,
    "threshold": 30.0
}
