{
    "count_spike": 106,
    "creation_time": 3432,
    "potential": 1.888216936163195,
    "recent_spikes": [
        0,
        0,
        0,
        0,
        0
    ],
    "spike_train": [],
    "spiking_rate": 1.180228938135823e-51,
    "threshold": 30.0
}
