{
    "count_spike": 96,
    "creation_time": 3432,
    "potential": 0.0096819965680479,
    "recent_spikes": [
        0,
        0,
        0,
        0,
        0
    ],
    "spike_train": [],
    "spiking_rate": 1.4406907121567162e-42,
    "threshold": 30.0
}
