{
    "count_spike": 562,
    "creation_time": 3432,
    "potential": 8.631594969851301,
    "recent_spikes": [
        0,
        0,
        0,
        0,
        0
    ],
    "spike_train": [],
    "spiking_rate": 6.937575426243235e-06,
    "threshold": 30.0
}
