{
    "count_spike": 113,
    "creation_time": 3432,
    "potential": 13.84551506183319,
    "recent_spikes": [
        0,
        0,
        0,
        0,
        0
    ],
    "spike_train": [],
    "spiking_rate": 3.1733857411643986e-71,
    "threshold": 30.0
}
