{
    "count_spike": 352,
    "creation_time": 3432,
    "potential": 2.017635740175639,
    "recent_spikes": [
        0,
        0,
        0,
        16,
        36
    ],
    "spike_train": [
        1481799158942564,
        1481799158968874,
        1481799158988818,
        1481799159025995,
        1481799159080891,
        1481799160739747,
        1481799160789689,
        1481799160900712,
        1481799160949849,
        1481799161569178,
        1481799161594461,
        1481799161615488,
        1481799161637167,
        1481799161650072,
        1481799161668944,
        1481799161680717,
        1481799161690650,
        1481799161704741,
        1481799161716904,
        1481799161733567,
        1481799161749765,
        1481799161777449,
        1481799161797477,
        1481799161810647,
        1481799161821701,
        1481799161834289,
        1481799161854982,
        1481799161870492,
        1481799161884839,
        1481799161899830,
        1481799161926538,
        1481799161944634,
        1481799161958373,
        1481799161970322,
        1481799161984625,
        1481799161998642,
        1481799162014183,
        1481799162031423,
        1481799162044898,
        1481799162054408,
        1481799162065716,
        1481799162079164,
        1481799162100068,
        1481799162132987,
        1481799162150538,
        1481799162738578,
        1481799162767067,
        1481799162789933,
        1481799162807411,
        1481799162822477,
        1481799162836845,
        1481799162876006,
        1481799162935773,
        1481799162963489,
        1481799162978529,
        1481799162998203,
        1481799163021239,
        1481799163038771,
        1481799163058299,
        1481799163104753,
        1481799163159973,
        1481799166446847,
        1481799166720575,
        1481799166741057,
        1481799166759937,
        1481799166792365,
        1481799166883953,
        1481799166900737,
        1481799166911689,
        1481799166929341,
        1481799166953085,
        1481799167049212
    ],
    "spiking_rate": 13.200652800204733,
    "threshold": 30.0
}
