{
    "count_spike": 52,
    "creation_time": 3432,
    "potential": 0.7725478236132164,
    "recent_spikes": [
        0,
        0,
        0,
        0,
        0
    ],
    "spike_train": [],
    "spiking_rate": 4.212800103243513e-226,
    "threshold": 30.0
}
