{
    "count_spike": 624,
    "creation_time": 3432,
    "potential": 15.331375560878179,
    "recent_spikes": [
        0,
        0,
        1,
        16,
        43
    ],
    "spike_train": [
        1481799158919326,
        1481799158966861,
        1481799159000629,
        1481799159018109,
        1481799159048370,
        1481799159090015,
        1481799159156752,
        1481799159171455,
        1481799159190639,
        1481799160729390,
        1481799160756151,
        1481799160826444,
        1481799160854396,
        1481799160899673,
        1481799161435337,
        1481799161463646,
        1481799161505890,
        1481799161588403,
        1481799161608507,
        1481799161641834,
        1481799161655717,
        1481799161682182,
        1481799161692705,
        1481799161712114,
        1481799161726470,
        1481799161742110,
        1481799161753914,
        1481799161769946,
        1481799161786570,
        1481799161804639,
        1481799161836675,
        1481799161852869,
        1481799161863156,
        1481799161875426,
        1481799161891729,
        1481799161905491,
        1481799161919848,
        1481799161934418,
        1481799161951906,
        1481799161965038,
        1481799161986020,
        1481799161999791,
        1481799162011359,
        1481799162023994,
        1481799162038928,
        1481799162050663,
        1481799162064280,
        1481799162078984,
        1481799162093884,
        1481799162106468,
        1481799162116761,
        1481799162129547,
        1481799162148988,
        1481799162171575,
        1481799162196894,
        1481799162214324,
        1481799162318051,
        1481799162826031,
        1481799162853752,
        1481799162874851,
        1481799162890287,
        1481799162914150,
        1481799162952181,
        1481799163020601,
        1481799163037550,
        1481799163054061,
        1481799163072186,
        1481799163094765,
        1481799163110397,
        1481799163130375,
        1481799163153756,
        1481799163203852,
        1481799163224534,
        1481799164361347,
        1481799166502082,
        1481799166534614,
        1481799166776639,
        1481799166799454,
        1481799166820013,
        1481799166965030,
        1481799166974826,
        1481799166989498,
        1481799167015929
    ],
    "spiking_rate": 15.256106229760002,
    "threshold": 30.0
}
