{
    "count_spike": 282,
    "creation_time": 3432,
    "potential": 9.677461986049888,
    "recent_spikes": [
        4,
        0,
        6,
        12,
        2
    ],
    "spike_train": [
        1481799160727245,
        1481799161877404,
        1481799161941603,
        1481799162472605,
        1481799162659345,
        1481799162677118,
        1481799162695466,
        1481799162760570,
        1481799162788660,
        1481799162812219,
        1481799162857384,
        1481799162884611,
        1481799162909388,
        1481799163033871,
        1481799163067876,
        1481799163678269,
        1481799163734256,
        1481799163805698,
        1481799163995557,
        1481799164022727,
        1481799164127524,
        1481799166088589,
        1481799166203161,
        1481799166238344,
        1481799166280160,
        1481799166407503,
        1481799166541544,
        1481799166561111,
        1481799166581218,
        1481799166602731,
        1481799166629923,
        1481799166658644,
        1481799166680704,
        1481799166710521,
        1481799166739521,
        1481799166770093
    ],
    "spiking_rate": 5.833024000163787,
    "threshold": 30.0
}
