{
    "count_spike": 178,
    "creation_time": 3432,
    "potential": 1.8296652486906386,
    "recent_spikes": [
        0,
        0,
        2,
        1,
        1
    ],
    "spike_train": [
        1481799158955215,
        1481799159008457,
        1481799160919906,
        1481799160969953,
        1481799161232168,
        1481799161865601,
        1481799162812551,
        1481799164226198,
        1481799164260276
    ],
    "spiking_rate": 1.14948671488,
    "threshold": 30.0
}
