{
    "count_spike": 87,
    "creation_time": 3432,
    "potential": 12.207536772370881,
    "recent_spikes": [
        0,
        0,
        0,
        0,
        0
    ],
    "spike_train": [],
    "spiking_rate": 1.5995944619212798e-05,
    "threshold": 30.0
}
