{
    "count_spike": 429,
    "creation_time": 3432,
    "potential": 0.29550653575450103,
    "recent_spikes": [
        0,
        0,
        0,
        0,
        1
    ],
    "spike_train": [
        1481799161747381
    ],
    "spiking_rate": 0.24992,
    "threshold": 30.0
}
