{
    "count_spike": 47,
    "creation_time": 3432,
    "potential": 0.15877049382392722,
    "recent_spikes": [
        0,
        0,
        0,
        0,
        0
    ],
    "spike_train": [
        1481799158967343
    ],
    "spiking_rate": 0.001999360000000008,
    "threshold": 30.0
}
