{
    "count_spike": 140,
    "creation_time": 3432,
    "potential": 0.9083561109939297,
    "recent_spikes": [
        0,
        0,
        0,
        0,
        0
    ],
    "spike_train": [],
    "spiking_rate": 8.000409436160084e-05,
    "threshold": 30.0
}
