{
    "count_spike": 52,
    "creation_time": 3432,
    "potential": 2.11107361249359,
    "recent_spikes": [
        0,
        0,
        0,
        0,
        0
    ],
    "spike_train": [
        1481799160732338,
        1481799166680782,
        1481799167123422
    ],
    "spiking_rate": 0.04998400106461921,
    "threshold": 30.0
}
