{
    "count_spike": 1,
    "creation_time": 3432,
    "potential": 0.39382912385818514,
    "recent_spikes": [
        0,
        0,
        0,
        0,
        0
    ],
    "spike_train": [],
    "spiking_rate": 7.336847028585457e-251,
    "threshold": 30.0
}
