{
    "count_spike": 6,
    "creation_time": 3432,
    "potential": 0.7205018058454258,
    "recent_spikes": [
        0,
        0,
        0,
        0,
        0
    ],
    "spike_train": [],
    "spiking_rate": 4.837797037657277e-220,
    "threshold": 30.0
}
