{
    "count_spike": 11,
    "creation_time": 3432,
    "potential": 0.24875257062861067,
    "recent_spikes": [
        0,
        0,
        0,
        0,
        0
    ],
    "spike_train": [],
    "spiking_rate": 3.093859746182023e-64,
    "threshold": 30.0
}
