{
    "count_spike": 57,
    "creation_time": 3432,
    "potential": 1.8447071680548666,
    "recent_spikes": [
        0,
        0,
        0,
        0,
        0
    ],
    "spike_train": [],
    "spiking_rate": 5.993273362571939e-44,
    "threshold": 30.0
}
