{
    "count_spike": 22,
    "creation_time": 3432,
    "potential": 0.44170556830038704,
    "recent_spikes": [
        0,
        0,
        0,
        0,
        0
    ],
    "spike_train": [],
    "spiking_rate": 1.648739690151913e-27,
    "threshold": 30.0
}
