{
    "count_spike": 45,
    "creation_time": 3432,
    "potential": -3.705394224065481,
    "recent_spikes": [
        0,
        0,
        0,
        0,
        0
    ],
    "spike_train": [
        1481799166397989,
        1481799166759087
    ],
    "spiking_rate": 4.09468928e-11,
    "threshold": 30.0
}
