{
    "count_spike": 229,
    "creation_time": 3432,
    "potential": 6.36780332267167,
    "recent_spikes": [
        0,
        1,
        0,
        0,
        3
    ],
    "spike_train": [
        1481799160919804,
        1481799160943499,
        1481799160961305,
        1481799161092314,
        1481799161533104,
        1481799161559450,
        1481799161694443,
        1481799164452124,
        1481799166527609,
        1481799166576888,
        1481799166594923,
        1481799167027866
    ],
    "spiking_rate": 1.189696000409469,
    "threshold": 30.0
}
