{
    "count_spike": 69,
    "creation_time": 3432,
    "potential": 0.1266744847193427,
    "recent_spikes": [
        1,
        0,
        0,
        0,
        0
    ],
    "spike_train": [
        1481799165947379,
        1481799166935535
    ],
    "spiking_rate": 0.20000000012284067,
    "threshold": 30.0
}
