{
    "count_spike": 112,
    "creation_time": 3432,
    "potential": 8.876976856200933,
    "recent_spikes": [
        0,
        0,
        0,
        0,
        0
    ],
    "spike_train": [],
    "spiking_rate": 9.599897436160084e-05,
    "threshold": 30.0
}
