{
    "count_spike": 95,
    "creation_time": 3432,
    "potential": 1.7617872358751483,
    "recent_spikes": [
        0,
        0,
        0,
        0,
        0
    ],
    "spike_train": [],
    "spiking_rate": 4.411051992195155e-98,
    "threshold": 30.0
}
