{
    "count_spike": 82,
    "creation_time": 3432,
    "potential": 5.0763829149802175,
    "recent_spikes": [
        0,
        0,
        0,
        0,
        2
    ],
    "spike_train": [
        1481799158944612,
        1481799161160297,
        1481799161851386,
        1481799161936519,
        1481799166855334
    ],
    "spiking_rate": 0.55183935488,
    "threshold": 30.0
}
