{
    "count_spike": 13,
    "creation_time": 3432,
    "potential": 0.10856326494654274,
    "recent_spikes": [
        0,
        0,
        0,
        0,
        0
    ],
    "spike_train": [],
    "spiking_rate": 7.941914671702137e-131,
    "threshold": 30.0
}
