{
    "count_spike": 128,
    "creation_time": 3432,
    "potential": 17.354095067629842,
    "recent_spikes": [
        0,
        0,
        15,
        13,
        6
    ],
    "spike_train": [
        1481799161650561,
        1481799161683939,
        1481799161719020,
        1481799161753308,
        1481799161854902,
        1481799161882581,
        1481799162607852,
        1481799162708604,
        1481799162780298,
        1481799162824149,
        1481799162842546,
        1481799162859372,
        1481799162877992,
        1481799162892990,
        1481799162918261,
        1481799162937271,
        1481799163024189,
        1481799163059162,
        1481799163099655,
        1481799163774532,
        1481799163814520,
        1481799163853190,
        1481799163911245,
        1481799163942321,
        1481799163971515,
        1481799163994707,
        1481799164022980,
        1481799164051545,
        1481799164068732,
        1481799164090457,
        1481799164166438,
        1481799164196854,
        1481799164216908,
        1481799164248834
    ],
    "spiking_rate": 8.464335994920948,
    "threshold": 30.0
}
