{
    "count_spike": 77,
    "creation_time": 3432,
    "potential": -21.512266029584513,
    "recent_spikes": [
        0,
        0,
        0,
        0,
        1
    ],
    "spike_train": [
        1481799160874559,
        1481799162335781,
        1481799167132248
    ],
    "spiking_rate": 0.299904,
    "threshold": 30.0
}
