{
    "count_spike": 58,
    "creation_time": 3432,
    "potential": 0.13293315910693168,
    "recent_spikes": [
        0,
        0,
        0,
        0,
        0
    ],
    "spike_train": [],
    "spiking_rate": 2.747899741522684e-29,
    "threshold": 30.0
}
