{
    "count_spike": 204,
    "creation_time": 3432,
    "potential": 3.134939883152924,
    "recent_spikes": [
        0,
        0,
        0,
        0,
        0
    ],
    "spike_train": [
        1481799158892461,
        1481799160605595,
        1481799160966735
    ],
    "spiking_rate": 0.1019678720818938,
    "threshold": 30.0
}
