{
    "count_spike": 20,
    "creation_time": 3432,
    "potential": 2.8610557721155594,
    "recent_spikes": [
        0,
        0,
        0,
        0,
        0
    ],
    "spike_train": [],
    "spiking_rate": 5.5322523346817886e-46,
    "threshold": 30.0
}
