{
    "count_spike": 6,
    "creation_time": 3432,
    "potential": 0.6559542210568502,
    "recent_spikes": [
        0,
        0,
        0,
        0,
        0
    ],
    "spike_train": [],
    "spiking_rate": 1.37394973006889e-28,
    "threshold": 30.0
}
