{
    "count_spike": 81,
    "creation_time": 3432,
    "potential": 1.0254528327830337,
    "recent_spikes": [
        0,
        0,
        0,
        0,
        0
    ],
    "spike_train": [],
    "spiking_rate": 4.259244163213555e-27,
    "threshold": 30.0
}
