{
    "count_spike": 8,
    "creation_time": 3432,
    "potential": 0.7256677338670996,
    "recent_spikes": [
        0,
        0,
        0,
        0,
        0
    ],
    "spike_train": [],
    "spiking_rate": 6.358419780023873e-119,
    "threshold": 30.0
}
