{
    "count_spike": 47,
    "creation_time": 3432,
    "potential": 0.6416975635148587,
    "recent_spikes": [
        0,
        0,
        0,
        0,
        0
    ],
    "spike_train": [],
    "spiking_rate": 1.6771847290880019e-18,
    "threshold": 30.0
}
