{
    "count_spike": 134,
    "creation_time": 3432,
    "potential": 4.941441611221441,
    "recent_spikes": [
        1,
        0,
        0,
        0,
        0
    ],
    "spike_train": [
        1481799165984814
    ],
    "spiking_rate": 0.2000000000409469,
    "threshold": 30.0
}
