{
    "count_spike": 354,
    "creation_time": 3432,
    "potential": 17.011021507568373,
    "recent_spikes": [
        1,
        0,
        0,
        8,
        25
    ],
    "spike_train": [
        1481799158878503,
        1481799160409115,
        1481799160482081,
        1481799161173306,
        1481799161221352,
        1481799161304984,
        1481799161372623,
        1481799161389096,
        1481799161405883,
        1481799161422577,
        1481799161436915,
        1481799161461168,
        1481799161479085,
        1481799161527488,
        1481799161552803,
        1481799161574716,
        1481799161591233,
        1481799161613700,
        1481799161632936,
        1481799161650105,
        1481799161677835,
        1481799161699465,
        1481799161719061,
        1481799161735891,
        1481799161753909,
        1481799161773067,
        1481799161787924,
        1481799161800167,
        1481799161818426,
        1481799161834522,
        1481799161859031,
        1481799161884849,
        1481799161909563,
        1481799162610438,
        1481799162710957,
        1481799162738330,
        1481799162762980,
        1481799162785007,
        1481799162814606,
        1481799162905506,
        1481799162951691,
        1481799166123631,
        1481799166418785,
        1481799166455389,
        1481799166614427,
        1481799166635987,
        1481799166655083,
        1481799166679738
    ],
    "spiking_rate": 8.796687360040947,
    "threshold": 30.0
}
