{
    "count_spike": 200,
    "creation_time": 3432,
    "potential": 0.27035968869324706,
    "recent_spikes": [
        0,
        0,
        0,
        0,
        0
    ],
    "spike_train": [],
    "spiking_rate": 1.440690725139296e-42,
    "threshold": 30.0
}
