{
    "count_spike": 95,
    "creation_time": 3432,
    "potential": 1.6988114173697986,
    "recent_spikes": [
        0,
        0,
        0,
        0,
        0
    ],
    "spike_train": [],
    "spiking_rate": 3.174400000003388e-06,
    "threshold": 30.0
}
