{
    "count_spike": 33,
    "creation_time": 3432,
    "potential": 0.127394420447895,
    "recent_spikes": [
        0,
        0,
        0,
        0,
        0
    ],
    "spike_train": [],
    "spiking_rate": 0.001680433217536,
    "threshold": 30.0
}
