{
    "count_spike": 6,
    "creation_time": 3432,
    "potential": 1.1203681931562641,
    "recent_spikes": [
        0,
        0,
        0,
        0,
        0
    ],
    "spike_train": [],
    "spiking_rate": 9.617648110482227e-28,
    "threshold": 30.0
}
