{
    "count_spike": 3,
    "creation_time": 3432,
    "potential": 0.4614745636284649,
    "recent_spikes": [
        0,
        0,
        0,
        0,
        0
    ],
    "spike_train": [],
    "spiking_rate": 1.1781777827691301e-116,
    "threshold": 30.0
}
