{
    "count_spike": 525,
    "creation_time": 3432,
    "potential": 3.339659983921003,
    "recent_spikes": [
        0,
        0,
        0,
        0,
        6
    ],
    "spike_train": [
        1481799160980124,
        1481799161024995,
        1481799161450513,
        1481799161502875,
        1481799161547396,
        1481799161577231,
        1481799161650389,
        1481799161714279
    ],
    "spiking_rate": 1.599488000040947,
    "threshold": 30.0
}
