{
    "count_spike": 661,
    "creation_time": 3432,
    "potential": 3.6103434790243067,
    "recent_spikes": [
        1,
        0,
        1,
        18,
        42
    ],
    "spike_train": [
        1481799158858243,
        1481799158899125,
        1481799159530818,
        1481799161048880,
        1481799161093974,
        1481799161564232,
        1481799161585089,
        1481799161600627,
        1481799161616016,
        1481799161635368,
        1481799161655722,
        1481799161675905,
        1481799161692000,
        1481799161707668,
        1481799161717868,
        1481799161730966,
        1481799161744454,
        1481799161756369,
        1481799161766656,
        1481799161779603,
        1481799161796798,
        1481799161830625,
        1481799161846197,
        1481799161856856,
        1481799161870742,
        1481799161886118,
        1481799161899130,
        1481799161910424,
        1481799161924082,
        1481799161944127,
        1481799161961887,
        1481799161977996,
        1481799161993325,
        1481799162007099,
        1481799162022302,
        1481799162034819,
        1481799162051449,
        1481799162070536,
        1481799162083618,
        1481799162093588,
        1481799162101682,
        1481799162109788,
        1481799162120551,
        1481799162139075,
        1481799162166625,
        1481799162189441,
        1481799162284346,
        1481799162513016,
        1481799162765203,
        1481799162800473,
        1481799162825465,
        1481799162846826,
        1481799162861282,
        1481799162872798,
        1481799162887117,
        1481799162913389,
        1481799162973540,
        1481799162995866,
        1481799163011884,
        1481799163032562,
        1481799163057476,
        1481799163082896,
        1481799163102854,
        1481799163162841,
        1481799163190171,
        1481799164368152,
        1481799166207952,
        1481799166484420,
        1481799166508729,
        1481799166531891,
        1481799166682782,
        1481799166758293,
        1481799166783792,
        1481799166806688,
        1481799166827017,
        1481799166842522,
        1481799166862481,
        1481799166930952,
        1481799166946423,
        1481799166958821,
        1481799166979506,
        1481799167058524
    ],
    "spiking_rate": 15.551419514880001,
    "threshold": 30.0
}
