{
    "count_spike": 35,
    "creation_time": 3432,
    "potential": 0.4915326747925566,
    "recent_spikes": [
        0,
        0,
        0,
        0,
        0
    ],
    "spike_train": [],
    "spiking_rate": 1.1330052781428298e-54,
    "threshold": 30.0
}
