{
    "count_spike": 54,
    "creation_time": 3432,
    "potential": 0.5910487407583688,
    "recent_spikes": [
        0,
        0,
        0,
        0,
        0
    ],
    "spike_train": [],
    "spiking_rate": 1.6771847290880005e-18,
    "threshold": 30.0
}
