{
    "count_spike": 1,
    "creation_time": 3432,
    "potential": 0.20926781386976764,
    "recent_spikes": [
        0,
        0,
        0,
        0,
        0
    ],
    "spike_train": [],
    "spiking_rate": 1.2604607217411726e-274,
    "threshold": 30.0
}
