{
    "count_spike": 366,
    "creation_time": 3432,
    "potential": 13.915154409758872,
    "recent_spikes": [
        4,
        0,
        0,
        15,
        4
    ],
    "spike_train": [
        1481799158447411,
        1481799158574237,
        1481799158801155,
        1481799158833005,
        1481799161841501,
        1481799161867208,
        1481799161892171,
        1481799162229526,
        1481799162549855,
        1481799162576135,
        1481799162599244,
        1481799162617346,
        1481799162636325,
        1481799162706055,
        1481799162721774,
        1481799162739250,
        1481799162765291,
        1481799162806883,
        1481799162827859,
        1481799162850927,
        1481799162890697,
        1481799162938206,
        1481799163007612,
        1481799165897175,
        1481799166195330,
        1481799166224847,
        1481799166348379,
        1481799166442849,
        1481799166486986,
        1481799166535735,
        1481799166560137,
        1481799166586178,
        1481799166641082,
        1481799166666518,
        1481799166690695
    ],
    "spiking_rate": 5.551757438976,
    "threshold": 30.0
}
