{
    "count_spike": 83,
    "creation_time": 3432,
    "potential": 2.5362739767050515,
    "recent_spikes": [
        0,
        0,
        0,
        0,
        0
    ],
    "spike_train": [],
    "spiking_rate": 9.651117909606485e-05,
    "threshold": 30.0
}
