{
    "count_spike": 16,
    "creation_time": 3432,
    "potential": 0.1606864698760153,
    "recent_spikes": [
        0,
        0,
        0,
        0,
        0
    ],
    "spike_train": [],
    "spiking_rate": 1.6378757153543694e-10,
    "threshold": 30.0
}
