{
    "count_spike": 35,
    "creation_time": 3432,
    "potential": 0.9038257171537989,
    "recent_spikes": [
        0,
        0,
        0,
        0,
        0
    ],
    "spike_train": [],
    "spiking_rate": 2.358542031590837e-12,
    "threshold": 30.0
}
