{
    "count_spike": 93,
    "creation_time": 3432,
    "potential": 2.061433397883342,
    "recent_spikes": [
        0,
        0,
        0,
        0,
        0
    ],
    "spike_train": [],
    "spiking_rate": 0.0007999997541875711,
    "threshold": 30.0
}
