{
    "count_spike": 245,
    "creation_time": 3432,
    "potential": 5.148880019287904,
    "recent_spikes": [
        0,
        0,
        0,
        7,
        31
    ],
    "spike_train": [
        1481799159144497,
        1481799160664408,
        1481799160745812,
        1481799160923305,
        1481799160974967,
        1481799161017515,
        1481799161078381,
        1481799161127722,
        1481799161547991,
        1481799161569477,
        1481799161584932,
        1481799161598801,
        1481799161611654,
        1481799161624035,
        1481799161635684,
        1481799161658120,
        1481799161676505,
        1481799161692571,
        1481799161733287,
        1481799161757886,
        1481799161809680,
        1481799161831690,
        1481799161849343,
        1481799161877329,
        1481799161893315,
        1481799161905537,
        1481799161920830,
        1481799161936968,
        1481799161958752,
        1481799161980028,
        1481799162016004,
        1481799162050955,
        1481799162068212,
        1481799162087264,
        1481799162103986,
        1481799162120085,
        1481799162134176,
        1481799162149767,
        1481799162172031,
        1481799163039410,
        1481799163065379,
        1481799163086089,
        1481799163104019,
        1481799163124789,
        1481799163145344,
        1481799163163985,
        1481799166510507,
        1481799166536482,
        1481799166557150,
        1481799166578611,
        1481799167056112,
        1481799167078157
    ],
    "spiking_rate": 9.846623355084734,
    "threshold": 30.0
}
