{
    "count_spike": 210,
    "creation_time": 3432,
    "potential": 4.852515924234282,
    "recent_spikes": [
        0,
        0,
        0,
        0,
        0
    ],
    "spike_train": [],
    "spiking_rate": 3.354369561222229e-19,
    "threshold": 30.0
}
