{
    "count_spike": 13,
    "creation_time": 3432,
    "potential": 0.5416763383687522,
    "recent_spikes": [
        0,
        0,
        0,
        0,
        0
    ],
    "spike_train": [],
    "spiking_rate": 2.9921975435406485e-122,
    "threshold": 30.0
}
