{
    "count_spike": 545,
    "creation_time": 3432,
    "potential": 11.71725367051105,
    "recent_spikes": [
        0,
        0,
        0,
        1,
        0
    ],
    "spike_train": [
        1481799158839613,
        1481799159115774,
        1481799159127564,
        1481799159448069,
        1481799160657070,
        1481799160759586,
        1481799160791740,
        1481799162704356,
        1481799166424168
    ],
    "spiking_rate": 0.41564287385599996,
    "threshold": 30.0
}
