{
    "count_spike": 149,
    "creation_time": 3432,
    "potential": 1.5923245019691497,
    "recent_spikes": [
        0,
        0,
        0,
        0,
        0
    ],
    "spike_train": [],
    "spiking_rate": 9.916217094581963e-68,
    "threshold": 30.0
}
