{
    "count_spike": 90,
    "creation_time": 3432,
    "potential": 2.3523147518447383,
    "recent_spikes": [
        0,
        0,
        0,
        0,
        0
    ],
    "spike_train": [],
    "spiking_rate": 1.599610840678484e-05,
    "threshold": 30.0
}
