{
    "count_spike": 21,
    "creation_time": 3432,
    "potential": 1.0428276069025264,
    "recent_spikes": [
        0,
        0,
        0,
        0,
        0
    ],
    "spike_train": [],
    "spiking_rate": 1.228406784e-10,
    "threshold": 30.0
}
