{
    "count_spike": 259,
    "creation_time": 3432,
    "potential": 4.34841969754064,
    "recent_spikes": [
        0,
        0,
        0,
        0,
        0
    ],
    "spike_train": [
        1481799159500224
    ],
    "spiking_rate": 0.0099968,
    "threshold": 30.0
}
