{
    "count_spike": 75,
    "creation_time": 3432,
    "potential": 1.347079549928427,
    "recent_spikes": [
        1,
        0,
        0,
        2,
        1
    ],
    "spike_train": [
        1481799160510828,
        1481799160622520,
        1481799160697151,
        1481799160862475,
        1481799161590237,
        1481799162654076,
        1481799162698193,
        1481799166343641,
        1481799166614013
    ],
    "spiking_rate": 1.1490560010646191,
    "threshold": 30.0
}
