{
    "count_spike": 132,
    "creation_time": 3432,
    "potential": 5.6754516186354005,
    "recent_spikes": [
        0,
        0,
        0,
        0,
        0
    ],
    "spike_train": [],
    "spiking_rate": 5.6276981035825896e-37,
    "threshold": 30.0
}
