{
    "count_spike": 168,
    "creation_time": 3432,
    "potential": 0.793063240963864,
    "recent_spikes": [
        0,
        0,
        0,
        0,
        0
    ],
    "spike_train": [],
    "spiking_rate": 1.6378966768091133e-12,
    "threshold": 30.0
}
