{
    "count_spike": 41,
    "creation_time": 3432,
    "potential": 0.14628131403692052,
    "recent_spikes": [
        0,
        0,
        0,
        0,
        0
    ],
    "spike_train": [],
    "spiking_rate": 1.1220741249496768e-119,
    "threshold": 30.0
}
