{
    "count_spike": 115,
    "creation_time": 3432,
    "potential": 0.35092961816184204,
    "recent_spikes": [
        0,
        0,
        0,
        0,
        0
    ],
    "spike_train": [],
    "spiking_rate": 7.144538596358226e-27,
    "threshold": 30.0
}
