{
    "count_spike": 14,
    "creation_time": 3432,
    "potential": 0.2977594538303241,
    "recent_spikes": [
        0,
        0,
        0,
        0,
        0
    ],
    "spike_train": [],
    "spiking_rate": 3.8387712e-07,
    "threshold": 30.0
}
