{
    "count_spike": 22,
    "creation_time": 3432,
    "potential": 0.0802259765433348,
    "recent_spikes": [
        0,
        0,
        0,
        0,
        0
    ],
    "spike_train": [],
    "spiking_rate": 3.341368551221514e-64,
    "threshold": 30.0
}
