{
    "count_spike": 62,
    "creation_time": 3432,
    "potential": 0.5064703132641993,
    "recent_spikes": [
        0,
        0,
        0,
        0,
        0
    ],
    "spike_train": [],
    "spiking_rate": 3.3200040778602454e-226,
    "threshold": 30.0
}
