{
    "count_spike": 141,
    "creation_time": 3432,
    "potential": 13.49585957953707,
    "recent_spikes": [
        0,
        0,
        0,
        0,
        0
    ],
    "spike_train": [],
    "spiking_rate": 1.599488e-05,
    "threshold": 30.0
}
