{
    "count_spike": 56,
    "creation_time": 3432,
    "potential": 1.2769588541357217,
    "recent_spikes": [
        0,
        0,
        0,
        0,
        0
    ],
    "spike_train": [],
    "spiking_rate": 0.0003999999589875712,
    "threshold": 30.0
}
