{
    "count_spike": 100,
    "creation_time": 3432,
    "potential": 2.5031844809805186,
    "recent_spikes": [
        0,
        0,
        0,
        0,
        0
    ],
    "spike_train": [],
    "spiking_rate": 1.7597811941070506e-33,
    "threshold": 30.0
}
