{
    "count_spike": 32,
    "creation_time": 3432,
    "potential": 0.433752975613359,
    "recent_spikes": [
        0,
        0,
        0,
        0,
        0
    ],
    "spike_train": [],
    "spiking_rate": 0.0028008942796800005,
    "threshold": 30.0
}
