{
    "count_spike": 85,
    "creation_time": 3432,
    "potential": 0.4870209952406421,
    "recent_spikes": [
        0,
        0,
        0,
        0,
        0
    ],
    "spike_train": [],
    "spiking_rate": 5.118361600033542e-09,
    "threshold": 30.0
}
