{
    "count_spike": 153,
    "creation_time": 3432,
    "potential": 2.214995758107734,
    "recent_spikes": [
        0,
        0,
        0,
        0,
        0
    ],
    "spike_train": [],
    "spiking_rate": 1.7586556544881788e-33,
    "threshold": 30.0
}
