{
    "count_spike": 8,
    "creation_time": 3432,
    "potential": 17.145234644925022,
    "recent_spikes": [
        0,
        0,
        0,
        0,
        0
    ],
    "spike_train": [],
    "spiking_rate": 1.2375440251973049e-65,
    "threshold": 30.0
}
