{
    "count_spike": 84,
    "creation_time": 3432,
    "potential": 4.4176809429122645,
    "recent_spikes": [
        0,
        0,
        0,
        0,
        0
    ],
    "spike_train": [],
    "spiking_rate": 1.5994880000000837e-05,
    "threshold": 30.0
}
