{
    "count_spike": 161,
    "creation_time": 3432,
    "potential": 0.5086377426180313,
    "recent_spikes": [
        0,
        0,
        0,
        0,
        0
    ],
    "spike_train": [],
    "spiking_rate": 1.2804093378560003e-07,
    "threshold": 30.0
}
