{
    "count_spike": 34,
    "creation_time": 3432,
    "potential": 0.8995398738120786,
    "recent_spikes": [
        0,
        0,
        0,
        0,
        0
    ],
    "spike_train": [],
    "spiking_rate": 2.9677314169488028e-27,
    "threshold": 30.0
}
