{
    "count_spike": 188,
    "creation_time": 3432,
    "potential": 1.2197450386640263,
    "recent_spikes": [
        0,
        0,
        0,
        1,
        0
    ],
    "spike_train": [
        1481799162721307
    ],
    "spiking_rate": 0.24961599594461922,
    "threshold": 30.0
}
