{
    "count_spike": 60,
    "creation_time": 3432,
    "potential": 0.6387397389887006,
    "recent_spikes": [
        0,
        0,
        0,
        2,
        0
    ],
    "spike_train": [
        1481799162840559,
        1481799162889579
    ],
    "spiking_rate": 0.4992000000818938,
    "threshold": 30.0
}
