{
    "count_spike": 104,
    "creation_time": 3432,
    "potential": 1.1700686706146644,
    "recent_spikes": [
        0,
        0,
        0,
        0,
        0
    ],
    "spike_train": [],
    "spiking_rate": 9.616859866975917e-261,
    "threshold": 30.0
}
