{
    "count_spike": 175,
    "creation_time": 3432,
    "potential": 4.060075054764217,
    "recent_spikes": [
        0,
        0,
        0,
        0,
        0
    ],
    "spike_train": [],
    "spiking_rate": 1.74427211825152e-19,
    "threshold": 30.0
}
