{
    "count_spike": 255,
    "creation_time": 3432,
    "potential": 0.5093927453285692,
    "recent_spikes": [
        0,
        0,
        0,
        0,
        0
    ],
    "spike_train": [],
    "spiking_rate": 5.134740357120001e-08,
    "threshold": 30.0
}
