{
    "count_spike": 147,
    "creation_time": 3432,
    "potential": 20.84369607961322,
    "recent_spikes": [
        0,
        0,
        0,
        1,
        1
    ],
    "spike_train": [
        1481799160774779,
        1481799161798176,
        1481799162695994,
        1481799166736121
    ],
    "spiking_rate": 0.5495199961084067,
    "threshold": 30.0
}
