{
    "count_spike": 92,
    "creation_time": 3432,
    "potential": 0.29521800109157253,
    "recent_spikes": [
        0,
        0,
        1,
        0,
        0
    ],
    "spike_train": [
        1481799163625010
    ],
    "spiking_rate": 0.24800000012284068,
    "threshold": 30.0
}
