{
    "count_spike": 765,
    "creation_time": 3432,
    "potential": 1.6745370337303875,
    "recent_spikes": [
        0,
        0,
        0,
        0,
        0
    ],
    "spike_train": [],
    "spiking_rate": 6.426844827469228e-06,
    "threshold": 30.0
}
