{
    "count_spike": 761,
    "creation_time": 3432,
    "potential": 16.43401082186573,
    "recent_spikes": [
        0,
        0,
        0,
        18,
        39
    ],
    "spike_train": [
        1481799158942439,
        1481799158964713,
        1481799159062824,
        1481799159088222,
        1481799159103962,
        1481799159584915,
        1481799161020752,
        1481799161062547,
        1481799161099936,
        1481799161120222,
        1481799161141331,
        1481799161651623,
        1481799161674457,
        1481799161703511,
        1481799161728573,
        1481799161747179,
        1481799161762440,
        1481799161776515,
        1481799161790213,
        1481799161802906,
        1481799161816926,
        1481799161832773,
        1481799161854419,
        1481799161881739,
        1481799161896879,
        1481799161907763,
        1481799161919785,
        1481799161933272,
        1481799161947543,
        1481799161959570,
        1481799161969550,
        1481799161981615,
        1481799162000866,
        1481799162016478,
        1481799162030185,
        1481799162044046,
        1481799162057052,
        1481799162072894,
        1481799162085409,
        1481799162097893,
        1481799162111687,
        1481799162131789,
        1481799162144204,
        1481799162153763,
        1481799162164136,
        1481799162176005,
        1481799162191104,
        1481799162222522,
        1481799162239842,
        1481799162325994,
        1481799162559312,
        1481799162833488,
        1481799162862601,
        1481799162886472,
        1481799162905648,
        1481799162923482,
        1481799162936704,
        1481799162955035,
        1481799163001542,
        1481799163038952,
        1481799163060522,
        1481799163075190,
        1481799163092719,
        1481799163131977,
        1481799163149371,
        1481799163165655,
        1481799163233614,
        1481799163265174,
        1481799166540985,
        1481799166571062,
        1481799166601897,
        1481799166747944,
        1481799166829799,
        1481799166845371,
        1481799166861371,
        1481799166889017,
        1481799166910436,
        1481799167002498,
        1481799167018330,
        1481799167035813,
        1481799167128749
    ],
    "spiking_rate": 14.5096735744,
    "threshold": 30.0
}
