{
    "count_spike": 146,
    "creation_time": 3432,
    "potential": 5.55141086855291,
    "recent_spikes": [
        0,
        0,
        0,
        0,
        0
    ],
    "spike_train": [],
    "spiking_rate": 5.118623660114593e-08,
    "threshold": 30.0
}
