{
    "count_spike": 363,
    "creation_time": 3432,
    "potential": 1.227338038286665,
    "recent_spikes": [
        0,
        0,
        0,
        0,
        0
    ],
    "spike_train": [],
    "spiking_rate": 4.7984640000000004e-05,
    "threshold": 30.0
}
