{
    "count_spike": 138,
    "creation_time": 3432,
    "potential": 1.3309903546922344,
    "recent_spikes": [
        0,
        0,
        0,
        0,
        0
    ],
    "spike_train": [],
    "spiking_rate": 2.8813814361157212e-43,
    "threshold": 30.0
}
