{
    "count_spike": 30,
    "creation_time": 3432,
    "potential": 0.2665362240568126,
    "recent_spikes": [
        0,
        0,
        0,
        0,
        0
    ],
    "spike_train": [],
    "spiking_rate": 4.094689330315542e-11,
    "threshold": 30.0
}
