{
    "count_spike": 1,
    "creation_time": 3432,
    "potential": 1.6361476670064727,
    "recent_spikes": [
        0,
        0,
        0,
        0,
        0
    ],
    "spike_train": [],
    "spiking_rate": 1.3032858398861176e-216,
    "threshold": 30.0
}
