{
    "count_spike": 1937,
    "creation_time": 3432,
    "potential": 1.4157708151289514,
    "recent_spikes": [
        0,
        0,
        0,
        0,
        1
    ],
    "spike_train": [
        1481799161312909,
        1481799161342558,
        1481799161379915,
        1481799161411253
    ],
    "spiking_rate": 0.39987200016378754,
    "threshold": 30.0
}
