{
    "count_spike": 776,
    "creation_time": 3432,
    "potential": 0.6694533882477551,
    "recent_spikes": [
        1,
        0,
        0,
        7,
        29
    ],
    "spike_train": [
        1481799160886713,
        1481799161036106,
        1481799161148063,
        1481799161219100,
        1481799161469995,
        1481799161487821,
        1481799161504825,
        1481799161521656,
        1481799161553257,
        1481799161580602,
        1481799161612594,
        1481799161639971,
        1481799161670522,
        1481799161691713,
        1481799161713463,
        1481799161730106,
        1481799161748314,
        1481799161768199,
        1481799161788155,
        1481799161804625,
        1481799161820467,
        1481799161834294,
        1481799161851378,
        1481799161878102,
        1481799161946190,
        1481799161975188,
        1481799161994949,
        1481799162014748,
        1481799162030026,
        1481799162047176,
        1481799162064055,
        1481799162078186,
        1481799162093511,
        1481799162933850,
        1481799162966052,
        1481799163004212,
        1481799163040860,
        1481799163063321,
        1481799163105777,
        1481799163137467,
        1481799166382588,
        1481799166413785,
        1481799166515653,
        1481799166893184,
        1481799166918549
    ],
    "spiking_rate": 9.394816000204735,
    "threshold": 30.0
}
