{
    "count_spike": 31,
    "creation_time": 3432,
    "potential": 3.4825076067174887,
    "recent_spikes": [
        0,
        0,
        0,
        0,
        0
    ],
    "spike_train": [],
    "spiking_rate": 2.7213878125096167e-94,
    "threshold": 30.0
}
