{
    "count_spike": 61,
    "creation_time": 3432,
    "potential": 0.7836015050946156,
    "recent_spikes": [
        0,
        0,
        0,
        0,
        0
    ],
    "spike_train": [],
    "spiking_rate": 0.0003999999589875712,
    "threshold": 30.0
}
