{
    "count_spike": 33,
    "creation_time": 3432,
    "potential": 0.19112843980704908,
    "recent_spikes": [
        0,
        0,
        0,
        0,
        0
    ],
    "spike_train": [],
    "spiking_rate": 4.688419225600335e-07,
    "threshold": 30.0
}
