{
    "count_spike": 171,
    "creation_time": 3432,
    "potential": 0.9785504834726652,
    "recent_spikes": [
        0,
        0,
        0,
        0,
        0
    ],
    "spike_train": [],
    "spiking_rate": 5.6276980989723795e-37,
    "threshold": 30.0
}
