{
    "count_spike": 458,
    "creation_time": 3432,
    "potential": 1.7311873175075947,
    "recent_spikes": [
        0,
        0,
        0,
        0,
        0
    ],
    "spike_train": [],
    "spiking_rate": 2.2166377272237955e-31,
    "threshold": 30.0
}
