{
    "count_spike": 5,
    "creation_time": 3432,
    "potential": 1.872657235278307,
    "recent_spikes": [
        0,
        0,
        0,
        0,
        0
    ],
    "spike_train": [],
    "spiking_rate": 5.49579892027556e-28,
    "threshold": 30.0
}
