{
    "count_spike": 7,
    "creation_time": 3432,
    "potential": 0.9213312828812921,
    "recent_spikes": [
        0,
        0,
        0,
        0,
        0
    ],
    "spike_train": [],
    "spiking_rate": 4.610210278901492e-46,
    "threshold": 30.0
}
