{
    "count_spike": 27,
    "creation_time": 3432,
    "potential": 1.106109686843967,
    "recent_spikes": [
        0,
        0,
        0,
        0,
        0
    ],
    "spike_train": [
        1481799166854734,
        1481799166885742,
        1481799166953865
    ],
    "spiking_rate": 3.354369471915499e-20,
    "threshold": 30.0
}
