{
    "count_spike": 6,
    "creation_time": 3432,
    "potential": 1.0143990764422663,
    "recent_spikes": [
        0,
        0,
        0,
        0,
        0
    ],
    "spike_train": [],
    "spiking_rate": 6.749985224896717e-79,
    "threshold": 30.0
}
