{
    "count_spike": 991,
    "creation_time": 3432,
    "potential": 2.7192397977538114,
    "recent_spikes": [
        1,
        0,
        0,
        1,
        22
    ],
    "spike_train": [
        1481799161452715,
        1481799161482331,
        1481799161515812,
        1481799161536124,
        1481799161558390,
        1481799161577186,
        1481799161594984,
        1481799161610579,
        1481799161632496,
        1481799161654591,
        1481799161702585,
        1481799161741716,
        1481799161768042,
        1481799161792229,
        1481799161858593,
        1481799161886488,
        1481799161909490,
        1481799161927281,
        1481799161953069,
        1481799161977384,
        1481799162019470,
        1481799162048501,
        1481799162962346,
        1481799166336301,
        1481799166800619,
        1481799166837704
    ],
    "spiking_rate": 5.94784,
    "threshold": 30.0
}
