{
    "count_spike": 267,
    "creation_time": 3432,
    "potential": 16.13212333019029,
    "recent_spikes": [
        0,
        0,
        0,
        0,
        1
    ],
    "spike_train": [
        1481799158879667,
        1481799160397441,
        1481799160513516,
        1481799160791558,
        1481799161362137,
        1481799161422027
    ],
    "spiking_rate": 0.45185536004094684,
    "threshold": 30.0
}
