{
    "count_spike": 169,
    "creation_time": 3432,
    "potential": 0.38664230104474906,
    "recent_spikes": [
        0,
        0,
        0,
        0,
        0
    ],
    "spike_train": [],
    "spiking_rate": 1.9169280000000005e-05,
    "threshold": 30.0
}
