{
    "count_spike": 115,
    "creation_time": 3432,
    "potential": 0.551622642159166,
    "recent_spikes": [
        0,
        0,
        0,
        0,
        0
    ],
    "spike_train": [],
    "spiking_rate": 2.881381483324608e-43,
    "threshold": 30.0
}
