{
    "count_spike": 96,
    "creation_time": 3432,
    "potential": 0.2631096109983782,
    "recent_spikes": [
        0,
        0,
        0,
        0,
        0
    ],
    "spike_train": [],
    "spiking_rate": 4.396639136220447e-32,
    "threshold": 30.0
}
