{
    "count_spike": 487,
    "creation_time": 3432,
    "potential": 0.5206321731540086,
    "recent_spikes": [
        0,
        0,
        0,
        1,
        2
    ],
    "spike_train": [
        1481799158925258,
        1481799158939284,
        1481799159062161,
        1481799162092360,
        1481799162112279,
        1481799162687586,
        1481799166825490,
        1481799166847719,
        1481799166865426,
        1481799166886681
    ],
    "spiking_rate": 0.755438592,
    "threshold": 30.0
}
