{
    "count_spike": 53,
    "creation_time": 3432,
    "potential": 1.1590825352762346,
    "recent_spikes": [
        0,
        0,
        0,
        0,
        0
    ],
    "spike_train": [],
    "spiking_rate": 1.0552496698179195e-32,
    "threshold": 30.0
}
