{
    "count_spike": 52,
    "creation_time": 3432,
    "potential": 0.6477174293846732,
    "recent_spikes": [
        0,
        0,
        0,
        0,
        0
    ],
    "spike_train": [],
    "spiking_rate": 3.572271059666626e-27,
    "threshold": 30.0
}
