{
    "count_spike": 13,
    "creation_time": 3432,
    "potential": 0.8899677733566635,
    "recent_spikes": [
        0,
        0,
        0,
        0,
        0
    ],
    "spike_train": [],
    "spiking_rate": 5.071231306791638e-45,
    "threshold": 30.0
}
