{
    "count_spike": 2,
    "creation_time": 3432,
    "potential": 0.5214373480579781,
    "recent_spikes": [
        0,
        0,
        0,
        0,
        0
    ],
    "spike_train": [],
    "spiking_rate": 5.926657831360525e-188,
    "threshold": 30.0
}
