{
    "count_spike": 144,
    "creation_time": 3432,
    "potential": 4.388974403132001,
    "recent_spikes": [
        0,
        0,
        0,
        0,
        0
    ],
    "spike_train": [],
    "spiking_rate": 1.844202135965087e-47,
    "threshold": 30.0
}
