{
    "count_spike": 42,
    "creation_time": 3432,
    "potential": 0.19915954908246697,
    "recent_spikes": [
        0,
        0,
        0,
        0,
        0
    ],
    "spike_train": [
        1481799160255689
    ],
    "spiking_rate": 0.009996800081893787,
    "threshold": 30.0
}
