{
    "count_spike": 19,
    "creation_time": 3432,
    "potential": 0.6907905141724313,
    "recent_spikes": [
        0,
        0,
        0,
        0,
        0
    ],
    "spike_train": [],
    "spiking_rate": 1.02367232e-08,
    "threshold": 30.0
}
