{
    "count_spike": 31,
    "creation_time": 3432,
    "potential": 0.43803764504711046,
    "recent_spikes": [
        0,
        0,
        0,
        0,
        0
    ],
    "spike_train": [],
    "spiking_rate": 2.079709064069119e-18,
    "threshold": 30.0
}
