{
    "count_spike": 590,
    "creation_time": 3432,
    "potential": 10.524309395919795,
    "recent_spikes": [
        0,
        0,
        1,
        0,
        2
    ],
    "spike_train": [
        1481799158951733,
        1481799158975738,
        1481799160782396,
        1481799160796908,
        1481799161480540,
        1481799161499943,
        1481799164391396,
        1481799166541244
    ],
    "spiking_rate": 0.85183870976,
    "threshold": 30.0
}
