{
    "count_spike": 469,
    "creation_time": 3432,
    "potential": 12.097935702415745,
    "recent_spikes": [
        0,
        0,
        0,
        0,
        1
    ],
    "spike_train": [
        1481799158450084,
        1481799158575446,
        1481799158675553,
        1481799158797216,
        1481799158829441,
        1481799159216149,
        1481799159419315,
        1481799159433699,
        1481799161612607
    ],
    "spiking_rate": 0.2820217489407345,
    "threshold": 30.0
}
