{
    "count_spike": 3,
    "creation_time": 3432,
    "potential": 0.25286204165706305,
    "recent_spikes": [
        0,
        0,
        0,
        0,
        0
    ],
    "spike_train": [],
    "spiking_rate": 7.530111675397626e-137,
    "threshold": 30.0
}
