{
    "count_spike": 88,
    "creation_time": 3432,
    "potential": 0.21088545561371203,
    "recent_spikes": [
        0,
        0,
        0,
        0,
        0
    ],
    "spike_train": [
        1481799160801798,
        1481799160926553,
        1481799160966838,
        1481799160999174,
        1481799161046530,
        1481799161083240,
        1481799161131275
    ],
    "spiking_rate": 0.3498880001637875,
    "threshold": 30.0
}
