{
    "count_spike": 151,
    "creation_time": 3432,
    "potential": 0.28467747806608273,
    "recent_spikes": [
        0,
        0,
        0,
        0,
        0
    ],
    "spike_train": [
        1481799160659011,
        1481799160700347,
        1481799160741600,
        1481799160772809,
        1481799160817258,
        1481799160849988,
        1481799160899513,
        1481799160944551,
        1481799160988099,
        1481799161019431,
        1481799161051100,
        1481799161080979,
        1481799161114281,
        1481799161161621,
        1481799161206321
    ],
    "spiking_rate": 0.7497600001637876,
    "threshold": 30.0
}
