{
    "count_spike": 2,
    "creation_time": 3432,
    "potential": 10.4824500129154,
    "recent_spikes": [
        0,
        0,
        0,
        0,
        0
    ],
    "spike_train": [],
    "spiking_rate": 1.6449779958628631e-149,
    "threshold": 30.0
}
