{
    "count_spike": 6,
    "creation_time": 3432,
    "potential": 16.489026485209088,
    "recent_spikes": [
        0,
        0,
        0,
        0,
        0
    ],
    "spike_train": [],
    "spiking_rate": 6.708738916352002e-20,
    "threshold": 30.0
}
