{
    "count_spike": 239,
    "creation_time": 3432,
    "potential": 4.259666909702653,
    "recent_spikes": [
        0,
        0,
        0,
        0,
        0
    ],
    "spike_train": [],
    "spiking_rate": 5.627700998794648e-37,
    "threshold": 30.0
}
