{
    "count_spike": 15,
    "creation_time": 3432,
    "potential": 0.6390437685269394,
    "recent_spikes": [
        0,
        0,
        0,
        0,
        0
    ],
    "spike_train": [],
    "spiking_rate": 1.637875712335437e-10,
    "threshold": 30.0
}
