{
    "count_spike": 22,
    "creation_time": 3432,
    "potential": 0.5048954785163544,
    "recent_spikes": [
        0,
        0,
        0,
        0,
        0
    ],
    "spike_train": [],
    "spiking_rate": 1.637875712335437e-10,
    "threshold": 30.0
}
