{
    "count_spike": 152,
    "creation_time": 3432,
    "potential": 1.932565082130109e-07,
    "recent_spikes": [
        0,
        0,
        0,
        0,
        0
    ],
    "spike_train": [],
    "spiking_rate": 6.551536391694582e-14,
    "threshold": 30.0
}
