{
    "count_spike": 8,
    "creation_time": 3432,
    "potential": 0.7775261291319987,
    "recent_spikes": [
        0,
        0,
        0,
        0,
        0
    ],
    "spike_train": [],
    "spiking_rate": 5.068979808144626e-74,
    "threshold": 30.0
}
