{
    "count_spike": 105,
    "creation_time": 3432,
    "potential": 0.057017461203765184,
    "recent_spikes": [
        0,
        0,
        0,
        0,
        0
    ],
    "spike_train": [],
    "spiking_rate": 1.8008633901958953e-40,
    "threshold": 30.0
}
