{
    "count_spike": 305,
    "creation_time": 3432,
    "potential": 2.847221128457673,
    "recent_spikes": [
        0,
        0,
        0,
        0,
        0
    ],
    "spike_train": [],
    "spiking_rate": 5.627715382650834e-37,
    "threshold": 30.0
}
