{
    "count_spike": 73,
    "creation_time": 3432,
    "potential": 0.6690718591641248,
    "recent_spikes": [
        0,
        0,
        0,
        0,
        0
    ],
    "spike_train": [],
    "spiking_rate": 1.18021685274619e-51,
    "threshold": 30.0
}
