{
    "count_spike": 208,
    "creation_time": 3432,
    "potential": 1.1287406034750056,
    "recent_spikes": [
        0,
        0,
        0,
        0,
        0
    ],
    "spike_train": [
        1481799158946121,
        1481799158959300,
        1481799166499594,
        1481799166585998,
        1481799166598565,
        1481799166859872
    ],
    "spiking_rate": 0.004094713856000002,
    "threshold": 30.0
}
