{
    "count_spike": 26,
    "creation_time": 3432,
    "potential": 1.4742742769312096,
    "recent_spikes": [
        0,
        0,
        0,
        0,
        0
    ],
    "spike_train": [],
    "spiking_rate": 2.3380283555840753e-116,
    "threshold": 30.0
}
