{
    "count_spike": 6,
    "creation_time": 3432,
    "potential": 0.3972585928463179,
    "recent_spikes": [
        0,
        0,
        0,
        0,
        0
    ],
    "spike_train": [],
    "spiking_rate": 2.3398984790487856e-116,
    "threshold": 30.0
}
