{
    "count_spike": 92,
    "creation_time": 3432,
    "potential": 3.4693544384202366,
    "recent_spikes": [
        0,
        0,
        0,
        4,
        2
    ],
    "spike_train": [
        1481799161395763,
        1481799161494033,
        1481799162429220,
        1481799162504378,
        1481799162729763,
        1481799162876983,
        1481799167039171
    ],
    "spiking_rate": 1.498240000040947,
    "threshold": 30.0
}
