{
    "count_spike": 82,
    "creation_time": 3432,
    "potential": 0.1870411927873651,
    "recent_spikes": [
        0,
        0,
        0,
        0,
        0
    ],
    "spike_train": [],
    "spiking_rate": 1.5106737041904793e-56,
    "threshold": 30.0
}
