{
    "count_spike": 19,
    "creation_time": 3432,
    "potential": 0.6219554748264134,
    "recent_spikes": [
        0,
        0,
        0,
        0,
        0
    ],
    "spike_train": [],
    "spiking_rate": 4.2977147556554835e-25,
    "threshold": 30.0
}
