{
    "count_spike": 153,
    "creation_time": 3432,
    "potential": 3.5942532040244752,
    "recent_spikes": [
        0,
        0,
        0,
        0,
        0
    ],
    "spike_train": [],
    "spiking_rate": 7.9999180734464e-05,
    "threshold": 30.0
}
