{
    "count_spike": 150,
    "creation_time": 3432,
    "potential": 0.5492304641454788,
    "recent_spikes": [
        0,
        0,
        0,
        0,
        0
    ],
    "spike_train": [],
    "spiking_rate": 0.000400025387008,
    "threshold": 30.0
}
