{
    "count_spike": 193,
    "creation_time": 3432,
    "potential": 1.6903304573487044,
    "recent_spikes": [
        0,
        0,
        0,
        0,
        0
    ],
    "spike_train": [
        1481799160705563,
        1481799160894427,
        1481799166540022
    ],
    "spiking_rate": 0.10006399901530849,
    "threshold": 30.0
}
