{
    "count_spike": 23,
    "creation_time": 3432,
    "potential": 7.893625381258703e-07,
    "recent_spikes": [
        0,
        0,
        0,
        0,
        0
    ],
    "spike_train": [],
    "spiking_rate": 2.2828667267120664e-110,
    "threshold": 30.0
}
