{
    "count_spike": 124,
    "creation_time": 3432,
    "potential": 1.1502603950410724,
    "recent_spikes": [
        0,
        0,
        0,
        0,
        0
    ],
    "spike_train": [],
    "spiking_rate": 1.9654508544e-12,
    "threshold": 30.0
}
