{
    "count_spike": 2,
    "creation_time": 3432,
    "potential": 2.7065260949924403,
    "recent_spikes": [
        0,
        0,
        0,
        0,
        0
    ],
    "spike_train": [],
    "spiking_rate": 3.668423514292728e-250,
    "threshold": 30.0
}
