{
    "count_spike": 176,
    "creation_time": 3432,
    "potential": 4.2574374673273825,
    "recent_spikes": [
        0,
        0,
        0,
        0,
        3
    ],
    "spike_train": [
        1481799158792242,
        1481799159085520,
        1481799161371102,
        1481799161545698,
        1481799161733479,
        1481799161985665
    ],
    "spiking_rate": 0.8037427202047345,
    "threshold": 30.0
}
