{
    "count_spike": 557,
    "creation_time": 3432,
    "potential": 1.3428768862853917,
    "recent_spikes": [
        0,
        0,
        0,
        0,
        0
    ],
    "spike_train": [],
    "spiking_rate": 7.99992216813568e-05,
    "threshold": 30.0
}
