{
    "count_spike": 136,
    "creation_time": 3432,
    "potential": 10.29136304910467,
    "recent_spikes": [
        0,
        0,
        0,
        0,
        0
    ],
    "spike_train": [
        1481799160802593,
        1481799166466258,
        1481799166762889
    ],
    "spiking_rate": 0.04999999512568135,
    "threshold": 30.0
}
