{
    "count_spike": 94,
    "creation_time": 3432,
    "potential": 0.2358353816229578,
    "recent_spikes": [
        0,
        0,
        0,
        0,
        0
    ],
    "spike_train": [],
    "spiking_rate": 1.637875879718473e-12,
    "threshold": 30.0
}
