{
    "count_spike": 291,
    "creation_time": 3432,
    "potential": 0.024560944718279507,
    "recent_spikes": [
        0,
        0,
        0,
        0,
        0
    ],
    "spike_train": [],
    "spiking_rate": 8.796092124369456e-33,
    "threshold": 30.0
}
