{
    "count_spike": 126,
    "creation_time": 3432,
    "potential": 2.0821347438214772,
    "recent_spikes": [
        0,
        0,
        0,
        0,
        0
    ],
    "spike_train": [],
    "spiking_rate": 0.0004799987712,
    "threshold": 30.0
}
