{
    "count_spike": 10,
    "creation_time": 3432,
    "potential": 17.266944058788525,
    "recent_spikes": [
        0,
        0,
        0,
        0,
        0
    ],
    "spike_train": [],
    "spiking_rate": 6.589673750588012e-72,
    "threshold": 30.0
}
