{
    "count_spike": 198,
    "creation_time": 3432,
    "potential": 1.6324559378564014,
    "recent_spikes": [
        0,
        0,
        0,
        0,
        0
    ],
    "spike_train": [],
    "spiking_rate": 3.1681123800903915e-71,
    "threshold": 30.0
}
