{
    "count_spike": 279,
    "creation_time": 3432,
    "potential": 6.5440143927938275,
    "recent_spikes": [
        0,
        0,
        1,
        1,
        0
    ],
    "spike_train": [
        1481799158497846,
        1481799162748001,
        1481799164369797
    ],
    "spiking_rate": 0.499759869952,
    "threshold": 30.0
}
