{
    "count_spike": 1,
    "creation_time": 3432,
    "potential": 0.3130612533841565,
    "recent_spikes": [
        0,
        0,
        0,
        0,
        0
    ],
    "spike_train": [],
    "spiking_rate": 1.2020690171634413e-260,
    "threshold": 30.0
}
