{
    "count_spike": 10,
    "creation_time": 3432,
    "potential": 0.22978628206653062,
    "recent_spikes": [
        0,
        0,
        0,
        0,
        0
    ],
    "spike_train": [],
    "spiking_rate": 3.677055501467365e-129,
    "threshold": 30.0
}
