{
    "count_spike": 51,
    "creation_time": 3432,
    "potential": 2.2498279676615294,
    "recent_spikes": [
        0,
        0,
        0,
        0,
        0
    ],
    "spike_train": [],
    "spiking_rate": 2.5594428601152618e-08,
    "threshold": 30.0
}
