{
    "count_spike": 15,
    "creation_time": 3432,
    "potential": 0.003879866333935086,
    "recent_spikes": [
        0,
        0,
        0,
        0,
        0
    ],
    "spike_train": [],
    "spiking_rate": 0.00048063856639999996,
    "threshold": 30.0
}
