{
    "count_spike": 94,
    "creation_time": 3432,
    "potential": 0.24844596992716458,
    "recent_spikes": [
        0,
        0,
        0,
        0,
        0
    ],
    "spike_train": [],
    "spiking_rate": 0.00480066395308032,
    "threshold": 30.0
}
