{
    "count_spike": 53,
    "creation_time": 3432,
    "potential": 7.81256500267473e-15,
    "recent_spikes": [
        0,
        0,
        0,
        0,
        0
    ],
    "spike_train": [],
    "spiking_rate": 2.3455842528210223e-116,
    "threshold": 30.0
}
