{
    "count_spike": 490,
    "creation_time": 3432,
    "potential": 3.368340424672421,
    "recent_spikes": [
        0,
        0,
        0,
        0,
        0
    ],
    "spike_train": [],
    "spiking_rate": 0.0007999996722937854,
    "threshold": 30.0
}
