{
    "count_spike": 55,
    "creation_time": 3432,
    "potential": 0.5259752495663044,
    "recent_spikes": [
        0,
        0,
        0,
        0,
        0
    ],
    "spike_train": [],
    "spiking_rate": 1.758768208767017e-32,
    "threshold": 30.0
}
