{
    "count_spike": 38,
    "creation_time": 3432,
    "potential": 1.3029328062976284,
    "recent_spikes": [
        0,
        0,
        0,
        0,
        0
    ],
    "spike_train": [],
    "spiking_rate": 4.094689330315542e-11,
    "threshold": 30.0
}
