{
    "count_spike": 76,
    "creation_time": 3432,
    "potential": 2.8281876681386118,
    "recent_spikes": [
        0,
        0,
        2,
        0,
        1
    ],
    "spike_train": [
        1481799158900869,
        1481799161882488,
        1481799164195411,
        1481799164364980,
        1481799166528656
    ],
    "spiking_rate": 0.74793535488,
    "threshold": 30.0
}
