{
    "count_spike": 9,
    "creation_time": 3432,
    "potential": 0.1335493799265401,
    "recent_spikes": [
        0,
        0,
        0,
        0,
        0
    ],
    "spike_train": [],
    "spiking_rate": 7.144538596358226e-28,
    "threshold": 30.0
}
