{
    "count_spike": 159,
    "creation_time": 3432,
    "potential": 0.030744966137485653,
    "recent_spikes": [
        0,
        0,
        0,
        0,
        0
    ],
    "spike_train": [
        1481799161094207
    ],
    "spiking_rate": 0.049984,
    "threshold": 30.0
}
