{
    "count_spike": 136,
    "creation_time": 3432,
    "potential": 0.035654538140296045,
    "recent_spikes": [
        0,
        0,
        0,
        0,
        0
    ],
    "spike_train": [],
    "spiking_rate": 2.881381436115739e-42,
    "threshold": 30.0
}
