{
    "count_spike": 214,
    "creation_time": 3432,
    "potential": 0.5100420536477837,
    "recent_spikes": [
        0,
        0,
        1,
        0,
        0
    ],
    "spike_train": [
        1481799164312578,
        1481799167000475
    ],
    "spiking_rate": 0.24800000020473445,
    "threshold": 30.0
}
