{
    "count_spike": 110,
    "creation_time": 3432,
    "potential": 0.43466214126706254,
    "recent_spikes": [
        0,
        0,
        0,
        0,
        0
    ],
    "spike_train": [],
    "spiking_rate": 1.279610054609242e-07,
    "threshold": 30.0
}
