{
    "count_spike": 257,
    "creation_time": 3432,
    "potential": 0.7237336788267303,
    "recent_spikes": [
        0,
        0,
        0,
        3,
        0
    ],
    "spike_train": [
        1481799162892502,
        1481799162941877,
        1481799162975169
    ],
    "spiking_rate": 0.7488000000003276,
    "threshold": 30.0
}
