{
    "count_spike": 126,
    "creation_time": 3432,
    "potential": 0.005341755917368572,
    "recent_spikes": [
        0,
        0,
        0,
        0,
        0
    ],
    "spike_train": [],
    "spiking_rate": 5.627698112803017e-37,
    "threshold": 30.0
}
