{
    "count_spike": 9,
    "creation_time": 3432,
    "potential": 0.082833652601599,
    "recent_spikes": [
        0,
        0,
        0,
        0,
        0
    ],
    "spike_train": [],
    "spiking_rate": 1.6378757120000003e-12,
    "threshold": 30.0
}
