{
    "count_spike": 1,
    "creation_time": 3432,
    "potential": 0.29062027902237386,
    "recent_spikes": [
        0,
        0,
        0,
        0,
        0
    ],
    "spike_train": [],
    "spiking_rate": 4.808276068653765e-262,
    "threshold": 30.0
}
