{
    "count_spike": 32,
    "creation_time": 3432,
    "potential": 0.46038089397664816,
    "recent_spikes": [
        0,
        0,
        0,
        0,
        0
    ],
    "spike_train": [],
    "spiking_rate": 8.012693504000002e-05,
    "threshold": 30.0
}
