{
    "count_spike": 107,
    "creation_time": 3432,
    "potential": 0.3972369754790846,
    "recent_spikes": [
        0,
        0,
        0,
        0,
        0
    ],
    "spike_train": [],
    "spiking_rate": 2.293027338547783e-12,
    "threshold": 30.0
}
