{
    "count_spike": 394,
    "creation_time": 3432,
    "potential": 1.4524992889495512,
    "recent_spikes": [
        0,
        0,
        0,
        0,
        0
    ],
    "spike_train": [
        1481799159057957,
        1481799159174724
    ],
    "spiking_rate": 0.003998796775424222,
    "threshold": 30.0
}
