{
    "count_spike": 846,
    "creation_time": 3432,
    "potential": 3.8397377432260305,
    "recent_spikes": [
        0,
        0,
        0,
        0,
        1
    ],
    "spike_train": [
        1481799158680467,
        1481799161797643
    ],
    "spiking_rate": 0.25193637888,
    "threshold": 30.0
}
