{
    "count_spike": 123,
    "creation_time": 3432,
    "potential": 2.899376024360503,
    "recent_spikes": [
        0,
        0,
        0,
        0,
        0
    ],
    "spike_train": [],
    "spiking_rate": 1.1255427911581507e-36,
    "threshold": 30.0
}
