{
    "count_spike": 29,
    "creation_time": 3432,
    "potential": 0.4437879738824463,
    "recent_spikes": [
        0,
        0,
        0,
        0,
        0
    ],
    "spike_train": [],
    "spiking_rate": 4.121849190206668e-28,
    "threshold": 30.0
}
