{
    "count_spike": 1069,
    "creation_time": 3432,
    "potential": 0.009670313642577926,
    "recent_spikes": [
        0,
        0,
        0,
        0,
        0
    ],
    "spike_train": [],
    "spiking_rate": 7.999897599999999e-05,
    "threshold": 30.0
}
