{
    "count_spike": 51,
    "creation_time": 3432,
    "potential": 0.11058818153742869,
    "recent_spikes": [
        0,
        0,
        0,
        0,
        1
    ],
    "spike_train": [
        1481799160563120,
        1481799160865068,
        1481799161566844
    ],
    "spiking_rate": 0.3498880000006551,
    "threshold": 30.0
}
