{
    "count_spike": 6,
    "creation_time": 3432,
    "potential": 2.893143898769099,
    "recent_spikes": [
        0,
        0,
        0,
        0,
        0
    ],
    "spike_train": [],
    "spiking_rate": 4.0946892803354376e-10,
    "threshold": 30.0
}
