{
    "count_spike": 73,
    "creation_time": 3432,
    "potential": 0.08323441989350347,
    "recent_spikes": [
        0,
        0,
        0,
        0,
        0
    ],
    "spike_train": [],
    "spiking_rate": 4.866221051666105e-76,
    "threshold": 30.0
}
