{
    "count_spike": 78,
    "creation_time": 3432,
    "potential": 1.460722705661219,
    "recent_spikes": [
        0,
        0,
        0,
        0,
        0
    ],
    "spike_train": [],
    "spiking_rate": 1.5355248587605413e-07,
    "threshold": 30.0
}
