{
    "count_spike": 105,
    "creation_time": 3432,
    "potential": 11.416350308407761,
    "recent_spikes": [
        0,
        0,
        0,
        0,
        0
    ],
    "spike_train": [
        1481799158913506,
        1481799166538786,
        1481799166804913
    ],
    "spiking_rate": 0.0020153550847344637,
    "threshold": 30.0
}
