{
    "count_spike": 7,
    "creation_time": 3432,
    "potential": 0.5509602145348959,
    "recent_spikes": [
        0,
        0,
        0,
        0,
        0
    ],
    "spike_train": [],
    "spiking_rate": 1.3288044117283426e-86,
    "threshold": 30.0
}
