{
    "count_spike": 281,
    "creation_time": 3432,
    "potential": 0.020008743435052368,
    "recent_spikes": [
        1,
        0,
        0,
        0,
        1
    ],
    "spike_train": [
        1481799159002592,
        1481799159020208,
        1481799161439840,
        1481799166347428
    ],
    "spiking_rate": 0.45391872040946896,
    "threshold": 30.0
}
