{
    "count_spike": 45,
    "creation_time": 3432,
    "potential": 1.2552510826431669,
    "recent_spikes": [
        0,
        0,
        0,
        0,
        0
    ],
    "spike_train": [],
    "spiking_rate": 2.198319568691002e-27,
    "threshold": 30.0
}
