{
    "count_spike": 235,
    "creation_time": 3432,
    "potential": 0.5125578649004809,
    "recent_spikes": [
        0,
        0,
        0,
        0,
        0
    ],
    "spike_train": [],
    "spiking_rate": 1.2311715128241054e-32,
    "threshold": 30.0
}
