{
    "count_spike": 80,
    "creation_time": 3432,
    "potential": 0.3320139099192445,
    "recent_spikes": [
        0,
        0,
        0,
        0,
        0
    ],
    "spike_train": [],
    "spiking_rate": 5.627700975743652e-37,
    "threshold": 30.0
}
