{
    "count_spike": 168,
    "creation_time": 3432,
    "potential": 1.1450768138258194,
    "recent_spikes": [
        0,
        0,
        0,
        0,
        0
    ],
    "spike_train": [],
    "spiking_rate": 5.118735036923579e-08,
    "threshold": 30.0
}
