{
    "count_spike": 155,
    "creation_time": 3432,
    "potential": 12.041419252906621,
    "recent_spikes": [
        1,
        0,
        0,
        0,
        0
    ],
    "spike_train": [
        1481799158878414,
        1481799166391032,
        1481799166486819,
        1481799166803270,
        1481799166833551
    ],
    "spiking_rate": 0.20207936024535367,
    "threshold": 30.0
}
