{
    "count_spike": 160,
    "creation_time": 3432,
    "potential": 3.173545591146271e-101,
    "recent_spikes": [
        0,
        0,
        0,
        0,
        0
    ],
    "spike_train": [],
    "spiking_rate": 2.5591808e-07,
    "threshold": 30.0
}
