{
    "count_spike": 557,
    "creation_time": 3432,
    "potential": 5.797728942473504,
    "recent_spikes": [
        0,
        0,
        0,
        0,
        0
    ],
    "spike_train": [
        1481799158942224,
        1481799160368556,
        1481799166881863
    ],
    "spiking_rate": 0.011996160040946894,
    "threshold": 30.0
}
