{
    "count_spike": 66,
    "creation_time": 3432,
    "potential": 8.237124301902417,
    "recent_spikes": [
        0,
        0,
        0,
        0,
        1
    ],
    "spike_train": [
        1481799160818902,
        1481799161859726
    ],
    "spiking_rate": 0.2999040000818938,
    "threshold": 30.0
}
