{
    "count_spike": 242,
    "creation_time": 3432,
    "potential": 3.6706695881731752,
    "recent_spikes": [
        2,
        0,
        0,
        4,
        12
    ],
    "spike_train": [
        1481799160164956,
        1481799160213184,
        1481799161024090,
        1481799161082323,
        1481799161103694,
        1481799161122726,
        1481799161146141,
        1481799161168158,
        1481799161188612,
        1481799161217544,
        1481799161244326,
        1481799161274204,
        1481799161302649,
        1481799161329363,
        1481799161348392,
        1481799161365982,
        1481799161389754,
        1481799161417883,
        1481799161447859,
        1481799161472264,
        1481799161494744,
        1481799161516370,
        1481799161536608,
        1481799161559326,
        1481799161586340,
        1481799161647843,
        1481799161677032,
        1481799161716091,
        1481799162251863,
        1481799162515573,
        1481799162547299,
        1481799162593812,
        1481799162756570,
        1481799165797363,
        1481799166370902,
        1481799166399099,
        1481799166435829
    ],
    "spiking_rate": 5.167193600163787,
    "threshold": 30.0
}
