{
    "count_spike": 492,
    "creation_time": 3432,
    "potential": 6.650690149915154,
    "recent_spikes": [
        1,
        0,
        0,
        0,
        0
    ],
    "spike_train": [
        1481799158850666,
        1481799158987008,
        1481799160658034,
        1481799160698394,
        1481799166124648
    ],
    "spiking_rate": 0.30396723200000003,
    "threshold": 30.0
}
