{
    "count_spike": 24,
    "creation_time": 3432,
    "potential": 0.018004796627083118,
    "recent_spikes": [
        0,
        0,
        0,
        0,
        0
    ],
    "spike_train": [],
    "spiking_rate": 1.1398122337469007e-127,
    "threshold": 30.0
}
