{
    "count_spike": 29,
    "creation_time": 3432,
    "potential": 0.8682927843294664,
    "recent_spikes": [
        0,
        0,
        0,
        0,
        0
    ],
    "spike_train": [],
    "spiking_rate": 2.881381424325517e-43,
    "threshold": 30.0
}
