{
    "count_spike": 17,
    "creation_time": 3432,
    "potential": 10.058044239310679,
    "recent_spikes": [
        0,
        0,
        0,
        0,
        0
    ],
    "spike_train": [],
    "spiking_rate": 6.58967440048047e-72,
    "threshold": 30.0
}
