{
    "count_spike": 6,
    "creation_time": 3432,
    "potential": 1.7076856089803845,
    "recent_spikes": [
        0,
        0,
        0,
        0,
        0
    ],
    "spike_train": [],
    "spiking_rate": 7.856918702632474e-72,
    "threshold": 30.0
}
