{
    "count_spike": 475,
    "creation_time": 3432,
    "potential": 1.8578198299750515,
    "recent_spikes": [
        0,
        0,
        0,
        0,
        5
    ],
    "spike_train": [
        1481799161047640,
        1481799161205234,
        1481799161242901,
        1481799161277306,
        1481799161302373,
        1481799161528614,
        1481799161567774,
        1481799161603156,
        1481799161635948,
        1481799161712153
    ],
    "spiking_rate": 1.4995200001637876,
    "threshold": 30.0
}
