{
    "count_spike": 4,
    "creation_time": 3432,
    "potential": 3.2921421925212124,
    "recent_spikes": [
        0,
        0,
        0,
        0,
        0
    ],
    "spike_train": [],
    "spiking_rate": 1.2672449779893326e-72,
    "threshold": 30.0
}
