{
    "count_spike": 146,
    "creation_time": 3432,
    "potential": 8.279060429435532,
    "recent_spikes": [
        0,
        0,
        0,
        1,
        0
    ],
    "spike_train": [
        1481799159098282,
        1481799162686299
    ],
    "spiking_rate": 0.2516953542654689,
    "threshold": 30.0
}
