{
    "count_spike": 1,
    "creation_time": 3432,
    "potential": 5.062885688659136,
    "recent_spikes": [
        0,
        0,
        0,
        0,
        0
    ],
    "spike_train": [],
    "spiking_rate": 2.8659558705411933e-245,
    "threshold": 30.0
}
