{
    "count_spike": 67,
    "creation_time": 3432,
    "potential": 1.66297844757706,
    "recent_spikes": [
        0,
        0,
        0,
        0,
        0
    ],
    "spike_train": [],
    "spiking_rate": 2.8859917054053143e-43,
    "threshold": 30.0
}
