{
    "count_spike": 32,
    "creation_time": 3432,
    "potential": 7.915441457806972,
    "recent_spikes": [
        0,
        0,
        0,
        0,
        0
    ],
    "spike_train": [],
    "spiking_rate": 6.551638699963055e-13,
    "threshold": 30.0
}
