{
    "count_spike": 90,
    "creation_time": 3432,
    "potential": 1.0741207907754295,
    "recent_spikes": [
        0,
        0,
        0,
        0,
        0
    ],
    "spike_train": [],
    "spiking_rate": 6.336245036100015e-70,
    "threshold": 30.0
}
