{
    "count_spike": 54,
    "creation_time": 3432,
    "potential": 1.2303998189071212,
    "recent_spikes": [
        0,
        0,
        0,
        0,
        0
    ],
    "spike_train": [],
    "spiking_rate": 3.1682139218944056e-70,
    "threshold": 30.0
}
