{
    "count_spike": 50,
    "creation_time": 3432,
    "potential": 5.146849467814313,
    "recent_spikes": [
        0,
        0,
        0,
        0,
        0
    ],
    "spike_train": [
        1481799160669296,
        1481799160718852,
        1481799160771629,
        1481799160818344,
        1481799160858933,
        1481799160915599,
        1481799161011918,
        1481799161042336,
        1481799161099073
    ],
    "spiking_rate": 0.4498560001228407,
    "threshold": 30.0
}
