{
    "count_spike": 35,
    "creation_time": 3432,
    "potential": 0.3860785175469034,
    "recent_spikes": [
        0,
        0,
        0,
        0,
        0
    ],
    "spike_train": [],
    "spiking_rate": 2.7661261673408942e-45,
    "threshold": 30.0
}
