{
    "count_spike": 211,
    "creation_time": 3432,
    "potential": -8.053637619630754,
    "recent_spikes": [
        0,
        1,
        0,
        1,
        0
    ],
    "spike_train": [
        1481799159461182,
        1481799162850266,
        1481799164416640,
        1481799166903969
    ],
    "spiking_rate": 0.49961279508473444,
    "threshold": 30.0
}
