{
    "count_spike": 868,
    "creation_time": 3432,
    "potential": 11.049665313927534,
    "recent_spikes": [
        3,
        0,
        0,
        4,
        21
    ],
    "spike_train": [
        1481799160784442,
        1481799161269775,
        1481799161328033,
        1481799161357701,
        1481799161379605,
        1481799161478788,
        1481799161511947,
        1481799161535182,
        1481799161553601,
        1481799161576516,
        1481799161593061,
        1481799161613508,
        1481799161636212,
        1481799161674062,
        1481799161691574,
        1481799161707355,
        1481799161723657,
        1481799161739318,
        1481799161765567,
        1481799161818899,
        1481799161857288,
        1481799161880112,
        1481799161898485,
        1481799161912530,
        1481799161929554,
        1481799161960215,
        1481799162863804,
        1481799162902366,
        1481799162934108,
        1481799162972929,
        1481799166233831,
        1481799166263934,
        1481799166390020,
        1481799166759073,
        1481799166786302
    ],
    "spiking_rate": 7.096639999999999,
    "threshold": 30.0
}
