{
    "count_spike": 283,
    "creation_time": 3432,
    "potential": 3.975982080764853,
    "recent_spikes": [
        0,
        0,
        1,
        0,
        2
    ],
    "spike_train": [
        1481799160706078,
        1481799160785446,
        1481799160825847,
        1481799160842985,
        1481799160889434,
        1481799161054885,
        1481799161098989,
        1481799161116577,
        1481799161804220,
        1481799161980339,
        1481799164278638
    ],
    "spiking_rate": 1.1477920042990961,
    "threshold": 30.0
}
