{
    "count_spike": 257,
    "creation_time": 3432,
    "potential": 0.01768371501055046,
    "recent_spikes": [
        0,
        0,
        0,
        0,
        0
    ],
    "spike_train": [],
    "spiking_rate": 5.627709619887916e-37,
    "threshold": 30.0
}
