{
    "count_spike": 183,
    "creation_time": 3432,
    "potential": 11.464162610358084,
    "recent_spikes": [
        1,
        0,
        0,
        0,
        0
    ],
    "spike_train": [
        1481799160727256,
        1481799160817210,
        1481799166385809
    ],
    "spiking_rate": 0.3000319797247345,
    "threshold": 30.0
}
