{
    "count_spike": 1153,
    "creation_time": 3432,
    "potential": 0.9883939467783351,
    "recent_spikes": [
        0,
        0,
        0,
        0,
        0
    ],
    "spike_train": [
        1481799159496927,
        1481799166831599
    ],
    "spiking_rate": 0.009997312000000003,
    "threshold": 30.0
}
