{
    "count_spike": 227,
    "creation_time": 3432,
    "potential": 7.915804617597484,
    "recent_spikes": [
        0,
        0,
        0,
        0,
        0
    ],
    "spike_train": [],
    "spiking_rate": 1.5995084734466516e-05,
    "threshold": 30.0
}
