{
    "count_spike": 40,
    "creation_time": 3432,
    "potential": 0.46028320457396005,
    "recent_spikes": [
        0,
        0,
        0,
        0,
        0
    ],
    "spike_train": [],
    "spiking_rate": 2.559180800000268e-08,
    "threshold": 30.0
}
