{
    "count_spike": 6,
    "creation_time": 3432,
    "potential": 0.290486730282366,
    "recent_spikes": [
        0,
        0,
        0,
        0,
        0
    ],
    "spike_train": [],
    "spiking_rate": 1.648739676127689e-28,
    "threshold": 30.0
}
