{
    "count_spike": 14,
    "creation_time": 3432,
    "potential": 0.7977257370551503,
    "recent_spikes": [
        0,
        0,
        0,
        0,
        0
    ],
    "spike_train": [],
    "spiking_rate": 1.1901465729432939e-116,
    "threshold": 30.0
}
