{
    "count_spike": 224,
    "creation_time": 3432,
    "potential": 1.0436559260290585,
    "recent_spikes": [
        0,
        0,
        0,
        0,
        3
    ],
    "spike_train": [
        1481799160663389,
        1481799160728970,
        1481799160757240,
        1481799160808788,
        1481799161419086,
        1481799161469911,
        1481799161511628,
        1481799166827298
    ],
    "spiking_rate": 0.949696,
    "threshold": 30.0
}
