{
    "count_spike": 20,
    "creation_time": 3432,
    "potential": 0.249475991930641,
    "recent_spikes": [
        0,
        0,
        0,
        0,
        0
    ],
    "spike_train": [],
    "spiking_rate": 4.29496685619535e-25,
    "threshold": 30.0
}
