{
    "count_spike": 108,
    "creation_time": 3432,
    "potential": 2.1655006777800367,
    "recent_spikes": [
        0,
        0,
        0,
        0,
        0
    ],
    "spike_train": [],
    "spiking_rate": 0.00039999987709378557,
    "threshold": 30.0
}
