{
    "count_spike": 138,
    "creation_time": 3432,
    "potential": 0.3132635786947289,
    "recent_spikes": [
        0,
        0,
        0,
        0,
        0
    ],
    "spike_train": [],
    "spiking_rate": 1.599488e-05,
    "threshold": 30.0
}
