{
    "count_spike": 123,
    "creation_time": 3432,
    "potential": 0.02946749602117849,
    "recent_spikes": [
        0,
        0,
        0,
        0,
        0
    ],
    "spike_train": [
        1481799160926596
    ],
    "spiking_rate": 0.049984,
    "threshold": 30.0
}
