{
    "count_spike": 39,
    "creation_time": 3432,
    "potential": 1.0517864416743166,
    "recent_spikes": [
        0,
        0,
        0,
        0,
        0
    ],
    "spike_train": [],
    "spiking_rate": 5.55573184323501e-74,
    "threshold": 30.0
}
