{
    "count_spike": 308,
    "creation_time": 3432,
    "potential": 14.210870943378653,
    "recent_spikes": [
        0,
        0,
        0,
        0,
        1
    ],
    "spike_train": [
        1481799158906516,
        1481799161441545
    ],
    "spiking_rate": 0.25207935795200004,
    "threshold": 30.0
}
