{
    "count_spike": 45,
    "creation_time": 3432,
    "potential": 0.41477021123363134,
    "recent_spikes": [
        0,
        0,
        0,
        0,
        0
    ],
    "spike_train": [],
    "spiking_rate": 1.2284067856771848e-10,
    "threshold": 30.0
}
