{
    "count_spike": 223,
    "creation_time": 3432,
    "potential": 1.4473199012902915,
    "recent_spikes": [
        0,
        0,
        1,
        0,
        0
    ],
    "spike_train": [
        1481799159100490,
        1481799159123295,
        1481799164249643
    ],
    "spiking_rate": 0.2519987204094689,
    "threshold": 30.0
}
