{
    "count_spike": 397,
    "creation_time": 3432,
    "potential": 4.703142005992814,
    "recent_spikes": [
        0,
        0,
        0,
        1,
        0
    ],
    "spike_train": [
        1481799158984917,
        1481799159436655,
        1481799162925192
    ],
    "spiking_rate": 0.261692153856,
    "threshold": 30.0
}
