{
    "count_spike": 51,
    "creation_time": 3432,
    "potential": 0.9918911664165139,
    "recent_spikes": [
        0,
        0,
        0,
        0,
        0
    ],
    "spike_train": [],
    "spiking_rate": 3.6033269018369468e-12,
    "threshold": 30.0
}
