{
    "count_spike": 148,
    "creation_time": 3432,
    "potential": 7.127792234147838,
    "recent_spikes": [
        0,
        0,
        0,
        0,
        0
    ],
    "spike_train": [],
    "spiking_rate": 3.1989760000000834e-05,
    "threshold": 30.0
}
