{
    "count_spike": 8,
    "creation_time": 3432,
    "potential": 0.4779207003079377,
    "recent_spikes": [
        0,
        0,
        0,
        0,
        0
    ],
    "spike_train": [],
    "spiking_rate": 1.5113447030757779e-27,
    "threshold": 30.0
}
