{
    "count_spike": 98,
    "creation_time": 3432,
    "potential": 1.8311094458083546,
    "recent_spikes": [
        0,
        0,
        0,
        0,
        0
    ],
    "spike_train": [],
    "spiking_rate": 3.7096642711860035e-27,
    "threshold": 30.0
}
