{
    "count_spike": 721,
    "creation_time": 3432,
    "potential": 2.8311835355724293,
    "recent_spikes": [
        2,
        0,
        0,
        5,
        21
    ],
    "spike_train": [
        1481799160755521,
        1481799160911346,
        1481799161238650,
        1481799161274664,
        1481799161305393,
        1481799161331155,
        1481799161354614,
        1481799161405549,
        1481799161465379,
        1481799161498232,
        1481799161517433,
        1481799161535899,
        1481799161557581,
        1481799161580794,
        1481799161630278,
        1481799161656682,
        1481799161681170,
        1481799161699716,
        1481799161720921,
        1481799161739460,
        1481799161777461,
        1481799161814889,
        1481799161840768,
        1481799161856905,
        1481799161872330,
        1481799161887782,
        1481799161906152,
        1481799161928897,
        1481799162799909,
        1481799162872278,
        1481799162913731,
        1481799162951300,
        1481799162985729,
        1481799166217380,
        1481799166332414,
        1481799166731738,
        1481799166748395
    ],
    "spiking_rate": 7.246208000040947,
    "threshold": 30.0
}
