{
    "count_spike": 31,
    "creation_time": 3432,
    "potential": 0.9020064448833993,
    "recent_spikes": [
        0,
        0,
        0,
        0,
        0
    ],
    "spike_train": [
        1481799160183297
    ],
    "spiking_rate": 0.009996800122840679,
    "threshold": 30.0
}
