{
    "count_spike": 222,
    "creation_time": 3432,
    "potential": 0.2682530524807454,
    "recent_spikes": [
        0,
        0,
        0,
        0,
        0
    ],
    "spike_train": [],
    "spiking_rate": 5.6276981035825896e-37,
    "threshold": 30.0
}
