{
    "count_spike": 1,
    "creation_time": 3432,
    "potential": 2.806564834259086,
    "recent_spikes": [
        0,
        0,
        0,
        0,
        0
    ],
    "spike_train": [],
    "spiking_rate": 2.5822485559749734e-282,
    "threshold": 30.0
}
