{
    "count_spike": 219,
    "creation_time": 3432,
    "potential": 1.0357683987145885,
    "recent_spikes": [
        0,
        0,
        0,
        0,
        0
    ],
    "spike_train": [],
    "spiking_rate": 1.5999999213295503e-05,
    "threshold": 30.0
}
