{
    "count_spike": 86,
    "creation_time": 3432,
    "potential": 0.12726218949581813,
    "recent_spikes": [
        0,
        0,
        0,
        0,
        0
    ],
    "spike_train": [],
    "spiking_rate": 7.081282988431366e-51,
    "threshold": 30.0
}
