{
    "count_spike": 103,
    "creation_time": 3432,
    "potential": 0.23410163973081557,
    "recent_spikes": [
        0,
        0,
        0,
        0,
        0
    ],
    "spike_train": [],
    "spiking_rate": 4.094689282012622e-10,
    "threshold": 30.0
}
