{
    "count_spike": 390,
    "creation_time": 3432,
    "potential": 0.017427762350520355,
    "recent_spikes": [
        0,
        0,
        0,
        0,
        0
    ],
    "spike_train": [],
    "spiking_rate": 2.6834955665408008e-21,
    "threshold": 30.0
}
