{
    "count_spike": 2,
    "creation_time": 3432,
    "potential": 0.7038952314011654,
    "recent_spikes": [
        0,
        0,
        0,
        0,
        0
    ],
    "spike_train": [],
    "spiking_rate": 6.608444308802361e-288,
    "threshold": 30.0
}
