{
    "count_spike": 17,
    "creation_time": 3432,
    "potential": 0.4327544846533511,
    "recent_spikes": [
        0,
        0,
        0,
        0,
        0
    ],
    "spike_train": [],
    "spiking_rate": 2.047344640000005e-10,
    "threshold": 30.0
}
