{
    "count_spike": 43,
    "creation_time": 3432,
    "potential": 4.879683599823988,
    "recent_spikes": [
        1,
        0,
        0,
        0,
        1
    ],
    "spike_train": [
        1481799162020737,
        1481799165397903
    ],
    "spiking_rate": 0.44992,
    "threshold": 30.0
}
