{
    "count_spike": 63,
    "creation_time": 3432,
    "potential": 2.833007646828021,
    "recent_spikes": [
        0,
        0,
        0,
        0,
        0
    ],
    "spike_train": [],
    "spiking_rate": 8.793278272445972e-33,
    "threshold": 30.0
}
