{
    "count_spike": 28,
    "creation_time": 3432,
    "potential": 0.7016015036076053,
    "recent_spikes": [
        0,
        0,
        0,
        0,
        0
    ],
    "spike_train": [],
    "spiking_rate": 3.0213474083808815e-57,
    "threshold": 30.0
}
