{
    "count_spike": 1,
    "creation_time": 3432,
    "potential": 1.3828008398423672,
    "recent_spikes": [
        0,
        0,
        0,
        0,
        0
    ],
    "spike_train": [],
    "spiking_rate": 2.292764696432955e-247,
    "threshold": 30.0
}
