{
    "count_spike": 224,
    "creation_time": 3432,
    "potential": 1.4454441641995133,
    "recent_spikes": [
        0,
        0,
        0,
        0,
        0
    ],
    "spike_train": [],
    "spiking_rate": 1.5469298730910113e-63,
    "threshold": 30.0
}
