{
    "count_spike": 100,
    "creation_time": 3432,
    "potential": 0.15463928458950205,
    "recent_spikes": [
        0,
        0,
        0,
        0,
        0
    ],
    "spike_train": [],
    "spiking_rate": 0.00400038182912,
    "threshold": 30.0
}
