{
    "count_spike": 209,
    "creation_time": 3432,
    "potential": 4.577189438259831,
    "recent_spikes": [
        0,
        0,
        1,
        0,
        0
    ],
    "spike_train": [
        1481799158612212,
        1481799158640931,
        1481799164177313
    ],
    "spiking_rate": 0.25201471614935367,
    "threshold": 30.0
}
