{
    "count_spike": 196,
    "creation_time": 3432,
    "potential": 1.2606626505632195,
    "recent_spikes": [
        0,
        0,
        0,
        0,
        0
    ],
    "spike_train": [],
    "spiking_rate": 8.6441442847431e-43,
    "threshold": 30.0
}
