{
    "count_spike": 75,
    "creation_time": 3432,
    "potential": 0.1243898410300873,
    "recent_spikes": [
        0,
        0,
        0,
        0,
        0
    ],
    "spike_train": [],
    "spiking_rate": 2.6380397591742325e-32,
    "threshold": 30.0
}
