{
    "count_spike": 37,
    "creation_time": 3432,
    "potential": 0.32468623163824173,
    "recent_spikes": [
        0,
        0,
        0,
        0,
        0
    ],
    "spike_train": [],
    "spiking_rate": 2.881381430214622e-42,
    "threshold": 30.0
}
