{
    "count_spike": 161,
    "creation_time": 3432,
    "potential": 0.4636300077882865,
    "recent_spikes": [
        0,
        0,
        0,
        0,
        0
    ],
    "spike_train": [],
    "spiking_rate": 1.650688e-05,
    "threshold": 30.0
}
