{
    "count_spike": 107,
    "creation_time": 3432,
    "potential": 5.168686362561591,
    "recent_spikes": [
        1,
        0,
        0,
        0,
        2
    ],
    "spike_train": [
        1481799161480069,
        1481799161544458,
        1481799166270960,
        1481799166577254
    ],
    "spiking_rate": 0.6998559949209469,
    "threshold": 30.0
}
