{
    "count_spike": 147,
    "creation_time": 3432,
    "potential": 2.4169527347214745,
    "recent_spikes": [
        0,
        0,
        0,
        0,
        0
    ],
    "spike_train": [
        1481799160740000,
        1481799160938067,
        1481799166696369,
        1481799167145138
    ],
    "spiking_rate": 0.09998399594461921,
    "threshold": 30.0
}
