{
    "count_spike": 11,
    "creation_time": 3432,
    "potential": 0.4041978938523749,
    "recent_spikes": [
        0,
        0,
        0,
        0,
        0
    ],
    "spike_train": [],
    "spiking_rate": 2.5591808000003346e-07,
    "threshold": 30.0
}
