{
    "count_spike": 18,
    "creation_time": 3432,
    "potential": 0.1759531969329683,
    "recent_spikes": [
        0,
        0,
        0,
        0,
        0
    ],
    "spike_train": [],
    "spiking_rate": 3.984454217199779e-27,
    "threshold": 30.0
}
