{
    "count_spike": 69,
    "creation_time": 3432,
    "potential": 0.03443336109946409,
    "recent_spikes": [
        0,
        0,
        0,
        0,
        0
    ],
    "spike_train": [],
    "spiking_rate": 3.0213481818577264e-56,
    "threshold": 30.0
}
