{
    "count_spike": 6,
    "creation_time": 3432,
    "potential": 0.32064011652871194,
    "recent_spikes": [
        0,
        0,
        0,
        0,
        0
    ],
    "spike_train": [],
    "spiking_rate": 2.2293608960067093e-103,
    "threshold": 30.0
}
