{
    "count_spike": 38,
    "creation_time": 3432,
    "potential": 0.5096310164499025,
    "recent_spikes": [
        0,
        0,
        0,
        0,
        0
    ],
    "spike_train": [],
    "spiking_rate": 8.243698380413335e-28,
    "threshold": 30.0
}
