{
    "count_spike": 20,
    "creation_time": 3432,
    "potential": 0.32842823204497473,
    "recent_spikes": [
        0,
        0,
        0,
        0,
        0
    ],
    "spike_train": [],
    "spiking_rate": 9.617648251174682e-28,
    "threshold": 30.0
}
