{
    "count_spike": 13,
    "creation_time": 3432,
    "potential": 0.10300215630408048,
    "recent_spikes": [
        0,
        0,
        0,
        0,
        0
    ],
    "spike_train": [],
    "spiking_rate": 4.0946892800002134e-11,
    "threshold": 30.0
}
