{
    "count_spike": 226,
    "creation_time": 3432,
    "potential": 9.9965171529755,
    "recent_spikes": [
        0,
        0,
        0,
        0,
        0
    ],
    "spike_train": [
        1481799158877979,
        1481799166457605,
        1481799166484342,
        1481799166508021,
        1481799166570236,
        1481799166844018,
        1481799166871692,
        1481799166904502
    ],
    "spiking_rate": 0.0020953589743616,
    "threshold": 30.0
}
