{
    "count_spike": 33,
    "creation_time": 3432,
    "potential": 0.8218186858335219,
    "recent_spikes": [
        0,
        0,
        0,
        0,
        0
    ],
    "spike_train": [
        1481799158628704,
        1481799158667614,
        1481799158689126,
        1481799158778622,
        1481799158792464,
        1481799158807995,
        1481799158820814,
        1481799158835124,
        1481799158849548,
        1481799158865585,
        1481799158879998,
        1481799158893773,
        1481799158910225,
        1481799158930392,
        1481799158949317,
        1481799158970700,
        1481799159000129
    ],
    "spiking_rate": 0.033989401509887995,
    "threshold": 30.0
}
