{
    "count_spike": 32,
    "creation_time": 3432,
    "potential": 0.9980241200073594,
    "recent_spikes": [
        0,
        0,
        0,
        0,
        0
    ],
    "spike_train": [],
    "spiking_rate": 5.993273362571939e-45,
    "threshold": 30.0
}
