{
    "count_spike": 9,
    "creation_time": 3432,
    "potential": 0.13258396586362248,
    "recent_spikes": [
        0,
        0,
        0,
        0,
        0
    ],
    "spike_train": [],
    "spiking_rate": 6.4256952963393085e-143,
    "threshold": 30.0
}
