{
    "count_spike": 31,
    "creation_time": 3432,
    "potential": 1.465160041008856e-51,
    "recent_spikes": [
        0,
        0,
        0,
        0,
        0
    ],
    "spike_train": [],
    "spiking_rate": 2.345508849442925e-116,
    "threshold": 30.0
}
