{
    "count_spike": 175,
    "creation_time": 3432,
    "potential": 0.23449066094557988,
    "recent_spikes": [
        1,
        0,
        2,
        3,
        2
    ],
    "spike_train": [
        1481799161647427,
        1481799161770455,
        1481799162721553,
        1481799162846251,
        1481799162868459,
        1481799163826294,
        1481799164090598,
        1481799166271094,
        1481799166620230
    ],
    "spiking_rate": 1.944655995944619,
    "threshold": 30.0
}
