{
    "count_spike": 148,
    "creation_time": 3432,
    "potential": 12.057996223115168,
    "recent_spikes": [
        1,
        0,
        0,
        3,
        15
    ],
    "spike_train": [
        1481799158794178,
        1481799160175795,
        1481799161173085,
        1481799161201667,
        1481799161235331,
        1481799161258471,
        1481799161291712,
        1481799161312871,
        1481799161351580,
        1481799161386055,
        1481799161407758,
        1481799161432908,
        1481799161458592,
        1481799161481692,
        1481799161511471,
        1481799161533697,
        1481799161562160,
        1481799161583124,
        1481799161605935,
        1481799161625704,
        1481799161643165,
        1481799161664898,
        1481799161689106,
        1481799161729326,
        1481799161775668,
        1481799162570560,
        1481799162606911,
        1481799162631453,
        1481799166279488,
        1481799166440592,
        1481799166465178,
        1481799166487978
    ],
    "spiking_rate": 5.1094681600000005,
    "threshold": 30.0
}
