{
    "count_spike": 130,
    "creation_time": 3432,
    "potential": 0.11859615586949959,
    "recent_spikes": [
        0,
        0,
        0,
        0,
        0
    ],
    "spike_train": [],
    "spiking_rate": 3.6017267803917905e-41,
    "threshold": 30.0
}
