{
    "count_spike": 133,
    "creation_time": 3432,
    "potential": 1.3202499351153083,
    "recent_spikes": [
        0,
        0,
        0,
        0,
        0
    ],
    "spike_train": [],
    "spiking_rate": 7.382237545612895e-48,
    "threshold": 30.0
}
