{
    "count_spike": 349,
    "creation_time": 3432,
    "potential": 5.532127401020394,
    "recent_spikes": [
        0,
        0,
        1,
        1,
        2
    ],
    "spike_train": [
        1481799158875729,
        1481799159163050,
        1481799160160592,
        1481799160714099,
        1481799161468841,
        1481799161587067,
        1481799162955580,
        1481799164323029
    ],
    "spiking_rate": 1.0614195202047345,
    "threshold": 30.0
}
