{
    "count_spike": 287,
    "creation_time": 3432,
    "potential": 1.5457297921372162,
    "recent_spikes": [
        0,
        0,
        0,
        0,
        0
    ],
    "spike_train": [],
    "spiking_rate": 0.0003999998361468927,
    "threshold": 30.0
}
