{
    "count_spike": 7,
    "creation_time": 3432,
    "potential": 0.4673582024335267,
    "recent_spikes": [
        0,
        0,
        0,
        0,
        0
    ],
    "spike_train": [],
    "spiking_rate": 1.1856582766279826e-116,
    "threshold": 30.0
}
