{
    "count_spike": 280,
    "creation_time": 3432,
    "potential": 0.5758946926439158,
    "recent_spikes": [
        0,
        0,
        0,
        0,
        1
    ],
    "spike_train": [
        1481799158848785,
        1481799160340596,
        1481799161239375,
        1481799161472373,
        1481799166527366,
        1481799166546569,
        1481799167007125
    ],
    "spiking_rate": 0.31190016008189375,
    "threshold": 30.0
}
