{
    "count_spike": 83,
    "creation_time": 3432,
    "potential": 0.3030014096207867,
    "recent_spikes": [
        0,
        0,
        0,
        1,
        0
    ],
    "spike_train": [
        1481799162994161
    ],
    "spiking_rate": 0.24961599488,
    "threshold": 30.0
}
