{
    "count_spike": 124,
    "creation_time": 3432,
    "potential": 0.16623044934229322,
    "recent_spikes": [
        0,
        0,
        0,
        0,
        0
    ],
    "spike_train": [],
    "spiking_rate": 1.5359179489283354e-07,
    "threshold": 30.0
}
