{
    "count_spike": 249,
    "creation_time": 3432,
    "potential": 1.2132334605738977,
    "recent_spikes": [
        0,
        0,
        0,
        0,
        0
    ],
    "spike_train": [],
    "spiking_rate": 0.0011999995493875712,
    "threshold": 30.0
}
