{
    "count_spike": 18,
    "creation_time": 3432,
    "potential": 0.7947917513601891,
    "recent_spikes": [
        0,
        0,
        0,
        0,
        0
    ],
    "spike_train": [],
    "spiking_rate": 1.2795904000016771e-07,
    "threshold": 30.0
}
