{
    "count_spike": 92,
    "creation_time": 3432,
    "potential": 0.5509688770894016,
    "recent_spikes": [
        0,
        0,
        0,
        0,
        0
    ],
    "spike_train": [],
    "spiking_rate": 1.5106737041904451e-56,
    "threshold": 30.0
}
