{
    "count_spike": 25,
    "creation_time": 3432,
    "potential": 3.1979668475225718,
    "recent_spikes": [
        0,
        0,
        0,
        0,
        0
    ],
    "spike_train": [],
    "spiking_rate": 3.217614376805877e-64,
    "threshold": 30.0
}
