{
    "count_spike": 36,
    "creation_time": 3432,
    "potential": 3.0511903064596417,
    "recent_spikes": [
        0,
        0,
        0,
        0,
        0
    ],
    "spike_train": [],
    "spiking_rate": 3.1683151392827147e-71,
    "threshold": 30.0
}
