{
    "count_spike": 168,
    "creation_time": 3432,
    "potential": 0.7190157542303373,
    "recent_spikes": [
        0,
        0,
        0,
        0,
        0
    ],
    "spike_train": [],
    "spiking_rate": 1.7586556559289617e-33,
    "threshold": 30.0
}
