{
    "count_spike": 68,
    "creation_time": 3432,
    "potential": 0.002075780948163662,
    "recent_spikes": [
        0,
        0,
        0,
        0,
        0
    ],
    "spike_train": [],
    "spiking_rate": 1.7033910759169453e-12,
    "threshold": 30.0
}
