{
    "count_spike": 54,
    "creation_time": 3432,
    "potential": 0.8054657607216529,
    "recent_spikes": [
        0,
        0,
        0,
        0,
        0
    ],
    "spike_train": [],
    "spiking_rate": 9.220420557802984e-47,
    "threshold": 30.0
}
