{
    "count_spike": 3,
    "creation_time": 3432,
    "potential": 7.992346579588945,
    "recent_spikes": [
        0,
        0,
        0,
        0,
        0
    ],
    "spike_train": [],
    "spiking_rate": 5.120000000000001e-07,
    "threshold": 30.0
}
