{
    "count_spike": 887,
    "creation_time": 3432,
    "potential": 0.5908533043584068,
    "recent_spikes": [
        0,
        0,
        0,
        0,
        0
    ],
    "spike_train": [],
    "spiking_rate": 1.677184729088018e-19,
    "threshold": 30.0
}
