{
    "count_spike": 104,
    "creation_time": 3432,
    "potential": 0.6221916181611102,
    "recent_spikes": [
        0,
        0,
        0,
        0,
        0
    ],
    "spike_train": [],
    "spiking_rate": 1.7586556544881788e-32,
    "threshold": 30.0
}
