{
    "count_spike": 121,
    "creation_time": 3432,
    "potential": 0.09429551197111308,
    "recent_spikes": [
        0,
        0,
        2,
        1,
        0
    ],
    "spike_train": [
        1481799162695879,
        1481799163866498,
        1481799164267036,
        1481799166441553
    ],
    "spiking_rate": 0.7456159950847344,
    "threshold": 30.0
}
