{
    "count_spike": 127,
    "creation_time": 3432,
    "potential": 1.1480440811257853,
    "recent_spikes": [
        0,
        0,
        0,
        0,
        0
    ],
    "spike_train": [],
    "spiking_rate": 0.00240115073024,
    "threshold": 30.0
}
