{
    "count_spike": 265,
    "creation_time": 3432,
    "potential": 0.5630998377025895,
    "recent_spikes": [
        0,
        0,
        0,
        0,
        0
    ],
    "spike_train": [
        1481799158637251
    ],
    "spiking_rate": 0.00199936,
    "threshold": 30.0
}
