{
    "count_spike": 108,
    "creation_time": 3432,
    "potential": 0.47319073304289666,
    "recent_spikes": [
        0,
        0,
        0,
        0,
        0
    ],
    "spike_train": [],
    "spiking_rate": 2.5592135575323533e-08,
    "threshold": 30.0
}
