{
    "count_spike": 387,
    "creation_time": 3432,
    "potential": 0.5637307433677208,
    "recent_spikes": [
        0,
        0,
        0,
        0,
        0
    ],
    "spike_train": [],
    "spiking_rate": 4.0946892800000004e-10,
    "threshold": 30.0
}
