{
    "count_spike": 8,
    "creation_time": 3432,
    "potential": 1.0984787243277816,
    "recent_spikes": [
        0,
        0,
        0,
        0,
        0
    ],
    "spike_train": [],
    "spiking_rate": 6.708738916352002e-20,
    "threshold": 30.0
}
