{
    "count_spike": 192,
    "creation_time": 3432,
    "potential": 12.579223115248967,
    "recent_spikes": [
        0,
        0,
        0,
        0,
        1
    ],
    "spike_train": [
        1481799160782218,
        1481799160935785,
        1481799160960043,
        1481799161684032,
        1481799166406120,
        1481799166427337
    ],
    "spiking_rate": 0.399872,
    "threshold": 30.0
}
