{
    "count_spike": 116,
    "creation_time": 3432,
    "potential": 2.5061150176188423,
    "recent_spikes": [
        1,
        0,
        0,
        1,
        1
    ],
    "spike_train": [
        1481799161182476,
        1481799161227312,
        1481799161385530,
        1481799161447320,
        1481799162429289,
        1481799165913459
    ],
    "spiking_rate": 0.8494720000000001,
    "threshold": 30.0
}
