{
    "count_spike": 4,
    "creation_time": 3432,
    "potential": 0.9780285076225267,
    "recent_spikes": [
        0,
        0,
        0,
        0,
        0
    ],
    "spike_train": [],
    "spiking_rate": 1.6378760474369462e-12,
    "threshold": 30.0
}
