{
    "count_spike": 327,
    "creation_time": 3432,
    "potential": -19.066126565521888,
    "recent_spikes": [
        0,
        0,
        0,
        1,
        1
    ],
    "spike_train": [
        1481799160587640,
        1481799161083155,
        1481799161724185,
        1481799163042803,
        1481799166421403
    ],
    "spiking_rate": 0.5995039948800001,
    "threshold": 30.0
}
