{
    "count_spike": 81,
    "creation_time": 3432,
    "potential": 1.5163380181394646,
    "recent_spikes": [
        0,
        0,
        0,
        0,
        0
    ],
    "spike_train": [
        1481799158930576
    ],
    "spiking_rate": 0.0019993600000000025,
    "threshold": 30.0
}
