{
    "count_spike": 362,
    "creation_time": 3432,
    "potential": 1.6631801204498604,
    "recent_spikes": [
        0,
        0,
        1,
        0,
        2
    ],
    "spike_train": [
        1481799158981754,
        1481799159007135,
        1481799159164316,
        1481799160721126,
        1481799160774384,
        1481799160810692,
        1481799160823847,
        1481799160918924,
        1481799160963517,
        1481799161007851,
        1481799161458627,
        1481799161472277,
        1481799164324833
    ],
    "spiking_rate": 1.1037420750847344,
    "threshold": 30.0
}
