{
    "count_spike": 330,
    "creation_time": 3432,
    "potential": 16.69675210223481,
    "recent_spikes": [
        1,
        0,
        0,
        12,
        8
    ],
    "spike_train": [
        1481799158626544,
        1481799158788001,
        1481799158953810,
        1481799161666745,
        1481799161692981,
        1481799161716798,
        1481799161739004,
        1481799161770860,
        1481799161798623,
        1481799161836167,
        1481799161869267,
        1481799162454118,
        1481799162488714,
        1481799162513307,
        1481799162532191,
        1481799162553724,
        1481799162658993,
        1481799162677259,
        1481799162697093,
        1481799162729204,
        1481799162763925,
        1481799162788931,
        1481799162875695,
        1481799166279204,
        1481799166397125,
        1481799166443861,
        1481799166478845,
        1481799166497439,
        1481799166593742,
        1481799166613591,
        1481799166648174
    ],
    "spiking_rate": 5.20055808,
    "threshold": 30.0
}
