{
    "count_spike": 32,
    "creation_time": 3432,
    "potential": 0.5928630267156358,
    "recent_spikes": [
        0,
        0,
        0,
        0,
        0
    ],
    "spike_train": [],
    "spiking_rate": 5.119999475973641e-09,
    "threshold": 30.0
}
