{
    "count_spike": 2,
    "creation_time": 3432,
    "potential": 0.4536893358789058,
    "recent_spikes": [
        0,
        0,
        0,
        0,
        0
    ],
    "spike_train": [],
    "spiking_rate": 1.6682058750542307e-221,
    "threshold": 30.0
}
