{
    "count_spike": 192,
    "creation_time": 3432,
    "potential": 3.2861114306895787,
    "recent_spikes": [
        0,
        0,
        0,
        0,
        0
    ],
    "spike_train": [],
    "spiking_rate": 3.174400000000844e-06,
    "threshold": 30.0
}
