{
    "count_spike": 138,
    "creation_time": 3432,
    "potential": 1.4290474572781098,
    "recent_spikes": [
        0,
        0,
        0,
        0,
        0
    ],
    "spike_train": [],
    "spiking_rate": 1.6506882620602985e-05,
    "threshold": 30.0
}
