{
    "count_spike": 354,
    "creation_time": 3432,
    "potential": 2.173842878100216,
    "recent_spikes": [
        0,
        0,
        0,
        0,
        7
    ],
    "spike_train": [
        1481799161476421,
        1481799161513118,
        1481799161527014,
        1481799161545893,
        1481799161578155,
        1481799161607628,
        1481799161630955
    ],
    "spiking_rate": 1.7494399999999999,
    "threshold": 30.0
}
