{
    "count_spike": 22,
    "creation_time": 3432,
    "potential": 0.30467185615854947,
    "recent_spikes": [
        0,
        0,
        0,
        0,
        0
    ],
    "spike_train": [],
    "spiking_rate": 6.551502848000002e-14,
    "threshold": 30.0
}
