{
    "count_spike": 29,
    "creation_time": 3432,
    "potential": 0.4713224515134138,
    "recent_spikes": [
        0,
        0,
        0,
        0,
        0
    ],
    "spike_train": [],
    "spiking_rate": 2.2441481576706812e-119,
    "threshold": 30.0
}
