{
    "count_spike": 42,
    "creation_time": 3432,
    "potential": 1.397367447108786,
    "recent_spikes": [
        0,
        0,
        0,
        0,
        0
    ],
    "spike_train": [],
    "spiking_rate": 3.1691277981297105e-71,
    "threshold": 30.0
}
