{
    "count_spike": 276,
    "creation_time": 3432,
    "potential": 2.388449972220267,
    "recent_spikes": [
        0,
        0,
        0,
        2,
        15
    ],
    "spike_train": [
        1481799161070483,
        1481799161283278,
        1481799161314675,
        1481799161336175,
        1481799161357161,
        1481799161382117,
        1481799161414202,
        1481799161467409,
        1481799161497928,
        1481799161520943,
        1481799161541022,
        1481799161571520,
        1481799161601087,
        1481799161647695,
        1481799161667927,
        1481799161683226,
        1481799161697966,
        1481799161714272,
        1481799161731043,
        1481799161766038,
        1481799161815229,
        1481799162693808,
        1481799162761919,
        1481799166593017
    ],
    "spiking_rate": 4.547904,
    "threshold": 30.0
}
