{
    "count_spike": 170,
    "creation_time": 3432,
    "potential": 4.539510597865067,
    "recent_spikes": [
        0,
        0,
        1,
        1,
        0
    ],
    "spike_train": [
        1481799159073272,
        1481799162575818,
        1481799164174396
    ],
    "spiking_rate": 0.4995993602047345,
    "threshold": 30.0
}
