{
    "count_spike": 175,
    "creation_time": 3432,
    "potential": 0.7575292562016175,
    "recent_spikes": [
        0,
        0,
        0,
        0,
        0
    ],
    "spike_train": [],
    "spiking_rate": 3.1744000026206747e-06,
    "threshold": 30.0
}
