{
    "count_spike": 157,
    "creation_time": 3432,
    "potential": 12.678721421429946,
    "recent_spikes": [
        0,
        0,
        0,
        0,
        0
    ],
    "spike_train": [],
    "spiking_rate": 5.627700975743599e-37,
    "threshold": 30.0
}
