{
    "count_spike": 224,
    "creation_time": 3432,
    "potential": 2.391524121872864,
    "recent_spikes": [
        0,
        0,
        0,
        0,
        2
    ],
    "spike_train": [
        1481799159018402,
        1481799161134435,
        1481799161222489,
        1481799161623254,
        1481799162301337,
        1481799166785033
    ],
    "spiking_rate": 0.60186486784,
    "threshold": 30.0
}
