{
    "count_spike": 187,
    "creation_time": 3432,
    "potential": 2.0887902184964853,
    "recent_spikes": [
        0,
        0,
        0,
        0,
        0
    ],
    "spike_train": [
        1481799160959505
    ],
    "spiking_rate": 0.049984000204734466,
    "threshold": 30.0
}
