{
    "count_spike": 207,
    "creation_time": 3432,
    "potential": 3.3814558201631497,
    "recent_spikes": [
        0,
        0,
        0,
        0,
        0
    ],
    "spike_train": [],
    "spiking_rate": 2.1983195681102235e-31,
    "threshold": 30.0
}
