{
    "count_spike": 40,
    "creation_time": 3432,
    "potential": 4.248705889548622,
    "recent_spikes": [
        0,
        0,
        0,
        0,
        0
    ],
    "spike_train": [],
    "spiking_rate": 3.1681124125319466e-70,
    "threshold": 30.0
}
