{
    "count_spike": 165,
    "creation_time": 3432,
    "potential": 10.779860682664244,
    "recent_spikes": [
        0,
        0,
        0,
        0,
        0
    ],
    "spike_train": [],
    "spiking_rate": 7.999897599999999e-05,
    "threshold": 30.0
}
