{
    "count_spike": 203,
    "creation_time": 3432,
    "potential": 20.581310587330744,
    "recent_spikes": [
        1,
        0,
        0,
        0,
        1
    ],
    "spike_train": [
        1481799160899712,
        1481799161102298,
        1481799162312419,
        1481799166197293
    ],
    "spiking_rate": 0.5498880001228408,
    "threshold": 30.0
}
