{
    "count_spike": 58,
    "creation_time": 3432,
    "potential": 0.8158698298083604,
    "recent_spikes": [
        0,
        0,
        0,
        0,
        0
    ],
    "spike_train": [],
    "spiking_rate": 7.734669166208139e-63,
    "threshold": 30.0
}
