{
    "count_spike": 83,
    "creation_time": 3432,
    "potential": 0.9395367959778995,
    "recent_spikes": [
        0,
        0,
        0,
        0,
        0
    ],
    "spike_train": [],
    "spiking_rate": 0.0007999995904,
    "threshold": 30.0
}
