{
    "count_spike": 198,
    "creation_time": 3432,
    "potential": 6.273316537513687,
    "recent_spikes": [
        0,
        0,
        0,
        0,
        0
    ],
    "spike_train": [],
    "spiking_rate": 9.599385600000084e-05,
    "threshold": 30.0
}
