{
    "count_spike": 35,
    "creation_time": 3432,
    "potential": 1.0634084915076292,
    "recent_spikes": [
        0,
        0,
        0,
        0,
        0
    ],
    "spike_train": [],
    "spiking_rate": 3.24252136296258e-27,
    "threshold": 30.0
}
