{
    "count_spike": 27,
    "creation_time": 3432,
    "potential": 2.396095353749128,
    "recent_spikes": [
        0,
        0,
        0,
        0,
        0
    ],
    "spike_train": [],
    "spiking_rate": 1.2795904e-07,
    "threshold": 30.0
}
