{
    "count_spike": 394,
    "creation_time": 3432,
    "potential": 2.3464146131005728,
    "recent_spikes": [
        0,
        0,
        0,
        0,
        0
    ],
    "spike_train": [],
    "spiking_rate": 5.627712551981723e-37,
    "threshold": 30.0
}
