{
    "count_spike": 78,
    "creation_time": 3432,
    "potential": -27.308597156695036,
    "recent_spikes": [
        1,
        0,
        1,
        0,
        1
    ],
    "spike_train": [
        1481799162223116,
        1481799163394415,
        1481799166065648
    ],
    "spiking_rate": 0.6979200000000001,
    "threshold": 30.0
}
