{
    "count_spike": 228,
    "creation_time": 3432,
    "potential": 0.35744060935753275,
    "recent_spikes": [
        0,
        0,
        0,
        0,
        0
    ],
    "spike_train": [],
    "spiking_rate": 2.5599997378560005e-07,
    "threshold": 30.0
}
