{
    "count_spike": 183,
    "creation_time": 3432,
    "potential": 1.2831910305497138,
    "recent_spikes": [
        0,
        0,
        0,
        0,
        0
    ],
    "spike_train": [],
    "spiking_rate": 2.559180850319568e-08,
    "threshold": 30.0
}
