{
    "count_spike": 15,
    "creation_time": 3432,
    "potential": 0.5706618341241844,
    "recent_spikes": [
        0,
        0,
        0,
        0,
        0
    ],
    "spike_train": [],
    "spiking_rate": 1.0991599247475638e-28,
    "threshold": 30.0
}
