{
    "count_spike": 758,
    "creation_time": 3432,
    "potential": 1.9339149536951519,
    "recent_spikes": [
        0,
        0,
        0,
        0,
        0
    ],
    "spike_train": [],
    "spiking_rate": 5.120000000033878e-07,
    "threshold": 30.0
}
