{
    "count_spike": 84,
    "creation_time": 3432,
    "potential": 0.4054316970496089,
    "recent_spikes": [
        0,
        0,
        0,
        0,
        0
    ],
    "spike_train": [],
    "spiking_rate": 9.61765184170009e-28,
    "threshold": 30.0
}
