{
    "count_spike": 51,
    "creation_time": 3432,
    "potential": 1.78563744969628,
    "recent_spikes": [
        0,
        0,
        0,
        0,
        0
    ],
    "spike_train": [],
    "spiking_rate": 1.637875712e-10,
    "threshold": 30.0
}
