{
    "count_spike": 177,
    "creation_time": 3432,
    "potential": 1.9455258236060582,
    "recent_spikes": [
        0,
        0,
        0,
        0,
        0
    ],
    "spike_train": [],
    "spiking_rate": 1.7586556544881788e-33,
    "threshold": 30.0
}
