{
    "count_spike": 21,
    "creation_time": 3432,
    "potential": 0.24920127887283017,
    "recent_spikes": [
        0,
        0,
        0,
        0,
        0
    ],
    "spike_train": [],
    "spiking_rate": 1.6378757120000042e-10,
    "threshold": 30.0
}
