{
    "count_spike": 30,
    "creation_time": 3432,
    "potential": 0.015116789687020668,
    "recent_spikes": [
        0,
        0,
        0,
        0,
        0
    ],
    "spike_train": [],
    "spiking_rate": 8.805219827711995e-17,
    "threshold": 30.0
}
