{
    "count_spike": 6,
    "creation_time": 3432,
    "potential": 21.036935280524723,
    "recent_spikes": [
        0,
        0,
        0,
        0,
        0
    ],
    "spike_train": [],
    "spiking_rate": 1.5785780986185135e-130,
    "threshold": 30.0
}
