{
    "count_spike": 1,
    "creation_time": 3432,
    "potential": 3.1628632299632566,
    "recent_spikes": [
        0,
        0,
        0,
        0,
        0
    ],
    "spike_train": [],
    "spiking_rate": 9.943281859482709e-205,
    "threshold": 30.0
}
