{
    "count_spike": 7,
    "creation_time": 3432,
    "potential": 0.47782202546703456,
    "recent_spikes": [
        0,
        0,
        0,
        0,
        0
    ],
    "spike_train": [],
    "spiking_rate": 1.279590400000335e-07,
    "threshold": 30.0
}
