{
    "count_spike": 31,
    "creation_time": 3432,
    "potential": 0.20582993763946755,
    "recent_spikes": [
        0,
        0,
        0,
        0,
        0
    ],
    "spike_train": [],
    "spiking_rate": 0.00096050937856,
    "threshold": 30.0
}
