{
    "count_spike": 29,
    "creation_time": 3432,
    "potential": 0.602243073424904,
    "recent_spikes": [
        0,
        0,
        0,
        0,
        0
    ],
    "spike_train": [],
    "spiking_rate": 3.3543695680919784e-20,
    "threshold": 30.0
}
