{
    "count_spike": 409,
    "creation_time": 3432,
    "potential": 2.226283599759223,
    "recent_spikes": [
        0,
        0,
        0,
        0,
        0
    ],
    "spike_train": [
        1481799158838113
    ],
    "spiking_rate": 0.002095358974361601,
    "threshold": 30.0
}
