{
    "count_spike": 415,
    "creation_time": 3432,
    "potential": 0.313077036523674,
    "recent_spikes": [
        0,
        0,
        0,
        0,
        0
    ],
    "spike_train": [],
    "spiking_rate": 2.562047082496e-07,
    "threshold": 30.0
}
