{
    "count_spike": 77,
    "creation_time": 3432,
    "potential": 0.7081081987798661,
    "recent_spikes": [
        0,
        0,
        0,
        0,
        0
    ],
    "spike_train": [
        1481799160525098
    ],
    "spiking_rate": 0.04998400012284068,
    "threshold": 30.0
}
