{
    "count_spike": 92,
    "creation_time": 3432,
    "potential": 17.639002692814795,
    "recent_spikes": [
        0,
        0,
        0,
        4,
        4
    ],
    "spike_train": [
        1481799161054251,
        1481799161078746,
        1481799161103078,
        1481799161130515,
        1481799161161959,
        1481799161205484,
        1481799161271846,
        1481799161323171,
        1481799161354332,
        1481799161391371,
        1481799161442268,
        1481799161584423,
        1481799162294532,
        1481799162331774,
        1481799162428054,
        1481799162461082,
        1481799162497434,
        1481799162614384
    ],
    "spiking_rate": 2.4979200001228405,
    "threshold": 30.0
}
