{
    "count_spike": 359,
    "creation_time": 3432,
    "potential": 4.266429880112964,
    "recent_spikes": [
        4,
        0,
        0,
        11,
        34
    ],
    "spike_train": [
        1481799159061179,
        1481799160508861,
        1481799160586251,
        1481799160652557,
        1481799160772646,
        1481799160901603,
        1481799160995381,
        1481799161305314,
        1481799161386632,
        1481799161445215,
        1481799161466826,
        1481799161500853,
        1481799161526380,
        1481799161545602,
        1481799161568210,
        1481799161584755,
        1481799161597972,
        1481799161613532,
        1481799161629404,
        1481799161652915,
        1481799161672668,
        1481799161691575,
        1481799161708088,
        1481799161721940,
        1481799161735095,
        1481799161752674,
        1481799161769794,
        1481799161786761,
        1481799161803579,
        1481799161821648,
        1481799161842904,
        1481799161864797,
        1481799161889388,
        1481799161906717,
        1481799161921053,
        1481799161937363,
        1481799161952898,
        1481799161971274,
        1481799161989490,
        1481799162022527,
        1481799162050253,
        1481799162066502,
        1481799162085283,
        1481799162670941,
        1481799162711905,
        1481799162745791,
        1481799162773373,
        1481799162885843,
        1481799162928886,
        1481799162951378,
        1481799162973681,
        1481799163039683,
        1481799163073064,
        1481799163103278,
        1481799166260285,
        1481799166288913,
        1481799166310133,
        1481799166333772,
        1481799166564240,
        1481799166595167,
        1481799166631682,
        1481799166767397,
        1481799166792896,
        1481799166811332,
        1481799166830087,
        1481799166847833
    ],
    "spiking_rate": 12.444767355084734,
    "threshold": 30.0
}
