{
    "count_spike": 247,
    "creation_time": 3432,
    "potential": 3.792946255673578,
    "recent_spikes": [
        0,
        0,
        0,
        0,
        0
    ],
    "spike_train": [],
    "spiking_rate": 0.00039999987709378557,
    "threshold": 30.0
}
