{
    "count_spike": 31,
    "creation_time": 3432,
    "potential": 0.10644197764977037,
    "recent_spikes": [
        0,
        0,
        0,
        0,
        0
    ],
    "spike_train": [],
    "spiking_rate": 8.385923645440003e-18,
    "threshold": 30.0
}
