{
    "count_spike": 86,
    "creation_time": 3432,
    "potential": 0.20227466488102747,
    "recent_spikes": [
        0,
        0,
        0,
        0,
        0
    ],
    "spike_train": [],
    "spiking_rate": 1.599594461921364e-05,
    "threshold": 30.0
}
