{
    "count_spike": 8,
    "creation_time": 3432,
    "potential": 0.3371223987893352,
    "recent_spikes": [
        0,
        0,
        0,
        0,
        0
    ],
    "spike_train": [],
    "spiking_rate": 1.3606939062540948e-93,
    "threshold": 30.0
}
