{
    "count_spike": 569,
    "creation_time": 3432,
    "potential": 1.1615440932022725,
    "recent_spikes": [
        0,
        0,
        3,
        2,
        1
    ],
    "spike_train": [
        1481799158510767,
        1481799158797135,
        1481799159191448,
        1481799159402894,
        1481799159433439,
        1481799161537349,
        1481799162703813,
        1481799162764849,
        1481799163484204,
        1481799164067844,
        1481799164368147
    ],
    "spiking_rate": 1.519191678976,
    "threshold": 30.0
}
