{
    "count_spike": 85,
    "creation_time": 3432,
    "potential": 0.42460880458398453,
    "recent_spikes": [
        0,
        0,
        0,
        0,
        0
    ],
    "spike_train": [],
    "spiking_rate": 4.9136274714369455e-12,
    "threshold": 30.0
}
