{
    "count_spike": 209,
    "creation_time": 3432,
    "potential": 0.3623222887831582,
    "recent_spikes": [
        0,
        0,
        0,
        0,
        0
    ],
    "spike_train": [],
    "spiking_rate": 3.518999624167428e-33,
    "threshold": 30.0
}
