{
    "count_spike": 30,
    "creation_time": 3432,
    "potential": 6.4147093361320575,
    "recent_spikes": [
        0,
        0,
        0,
        0,
        0
    ],
    "spike_train": [],
    "spiking_rate": 2.9044324757079362e-43,
    "threshold": 30.0
}
