{
    "count_spike": 3,
    "creation_time": 3432,
    "potential": 2.615538325663894,
    "recent_spikes": [
        0,
        0,
        0,
        0,
        0
    ],
    "spike_train": [],
    "spiking_rate": 6.48829415442512e-79,
    "threshold": 30.0
}
