{
    "count_spike": 108,
    "creation_time": 3432,
    "potential": 3.193972364722086,
    "recent_spikes": [
        0,
        0,
        0,
        0,
        0
    ],
    "spike_train": [
        1481799161151708
    ],
    "spiking_rate": 0.049984,
    "threshold": 30.0
}
