{
    "count_spike": 2,
    "creation_time": 3432,
    "potential": 0.45162161690051883,
    "recent_spikes": [
        0,
        0,
        0,
        0,
        0
    ],
    "spike_train": [],
    "spiking_rate": 1.152552569725373e-44,
    "threshold": 30.0
}
