{
    "count_spike": 222,
    "creation_time": 3432,
    "potential": 6.348053206298536,
    "recent_spikes": [
        0,
        0,
        0,
        0,
        0
    ],
    "spike_train": [],
    "spiking_rate": 4.09468928e-11,
    "threshold": 30.0
}
