{
    "count_spike": 32,
    "creation_time": 3432,
    "potential": 0.155541201093716,
    "recent_spikes": [
        0,
        0,
        0,
        0,
        0
    ],
    "spike_train": [],
    "spiking_rate": 3.244147907714214e-77,
    "threshold": 30.0
}
