{
    "count_spike": 4,
    "creation_time": 3432,
    "potential": 0.25351664564156634,
    "recent_spikes": [
        0,
        0,
        0,
        0,
        0
    ],
    "spike_train": [],
    "spiking_rate": 3.0394982023089367e-131,
    "threshold": 30.0
}
