{
    "count_spike": 4,
    "creation_time": 3432,
    "potential": 0.662354797702487,
    "recent_spikes": [
        0,
        0,
        0,
        0,
        0
    ],
    "spike_train": [],
    "spiking_rate": 1.1164639367201612e-102,
    "threshold": 30.0
}
