{
    "count_spike": 41,
    "creation_time": 3432,
    "potential": 0.4854028892228479,
    "recent_spikes": [
        0,
        0,
        0,
        0,
        0
    ],
    "spike_train": [],
    "spiking_rate": 0.0009603814195200001,
    "threshold": 30.0
}
