{
    "count_spike": 101,
    "creation_time": 3432,
    "potential": 2.3521760814274106,
    "recent_spikes": [
        0,
        0,
        0,
        0,
        1
    ],
    "spike_train": [
        1481799160858184,
        1481799161223182,
        1481799162125487
    ],
    "spiking_rate": 0.3498880000409469,
    "threshold": 30.0
}
