{
    "count_spike": 33,
    "creation_time": 3432,
    "potential": 1.3869125476020498,
    "recent_spikes": [
        0,
        0,
        0,
        0,
        0
    ],
    "spike_train": [],
    "spiking_rate": 2.5832520341657668e-54,
    "threshold": 30.0
}
