{
    "count_spike": 259,
    "creation_time": 3432,
    "potential": 1.6485521782804906,
    "recent_spikes": [
        0,
        0,
        0,
        0,
        0
    ],
    "spike_train": [],
    "spiking_rate": 2.74789946013778e-29,
    "threshold": 30.0
}
