{
    "count_spike": 21,
    "creation_time": 3432,
    "potential": 0.3152225438006703,
    "recent_spikes": [
        0,
        0,
        0,
        0,
        0
    ],
    "spike_train": [],
    "spiking_rate": 2.345508849442925e-116,
    "threshold": 30.0
}
