{
    "count_spike": 87,
    "creation_time": 3432,
    "potential": 0.46510580838409576,
    "recent_spikes": [
        0,
        0,
        0,
        0,
        0
    ],
    "spike_train": [],
    "spiking_rate": 1.6544553350982453e-27,
    "threshold": 30.0
}
