{
    "count_spike": 65,
    "creation_time": 3432,
    "potential": 1.7358914926137126,
    "recent_spikes": [
        0,
        0,
        0,
        0,
        0
    ],
    "spike_train": [],
    "spiking_rate": 3.0213474083809314e-56,
    "threshold": 30.0
}
