{
    "count_spike": 206,
    "creation_time": 3432,
    "potential": 2.3584811036433457,
    "recent_spikes": [
        0,
        0,
        0,
        0,
        0
    ],
    "spike_train": [],
    "spiking_rate": 6.86974865034445e-28,
    "threshold": 30.0
}
