{
    "count_spike": 44,
    "creation_time": 3432,
    "potential": 0.027263295506798745,
    "recent_spikes": [
        0,
        0,
        0,
        0,
        0
    ],
    "spike_train": [],
    "spiking_rate": 1.1688271654455696e-116,
    "threshold": 30.0
}
