{
    "count_spike": 263,
    "creation_time": 3432,
    "potential": 12.62100732651086,
    "recent_spikes": [
        0,
        0,
        10,
        18,
        5
    ],
    "spike_train": [
        1481799158847962,
        1481799158934732,
        1481799160864342,
        1481799161048074,
        1481799161104406,
        1481799161627937,
        1481799161644692,
        1481799161765149,
        1481799161856684,
        1481799161917759,
        1481799162708288,
        1481799162782903,
        1481799162813702,
        1481799162865440,
        1481799162909252,
        1481799162921915,
        1481799162966806,
        1481799162987767,
        1481799163002059,
        1481799163032492,
        1481799163058606,
        1481799163083067,
        1481799163106616,
        1481799163148465,
        1481799163170141,
        1481799163195150,
        1481799163219147,
        1481799163314484,
        1481799163882219,
        1481799163939704,
        1481799164149510,
        1481799164167273,
        1481799164195012,
        1481799164252325,
        1481799164270241,
        1481799164292435,
        1481799164344509,
        1481799164378327
    ],
    "spiking_rate": 8.376446714060734,
    "threshold": 30.0
}
