{
    "count_spike": 51,
    "creation_time": 3432,
    "potential": 0.12257548504423571,
    "recent_spikes": [
        0,
        0,
        0,
        0,
        0
    ],
    "spike_train": [],
    "spiking_rate": 1.53550848e-07,
    "threshold": 30.0
}
