{
    "count_spike": 48,
    "creation_time": 3432,
    "potential": 1.1250457814991603,
    "recent_spikes": [
        0,
        0,
        0,
        0,
        0
    ],
    "spike_train": [],
    "spiking_rate": 5.6277125012693545e-37,
    "threshold": 30.0
}
