{
    "count_spike": 166,
    "creation_time": 3432,
    "potential": 0.8491848940253579,
    "recent_spikes": [
        0,
        0,
        1,
        0,
        0
    ],
    "spike_train": [
        1481799161276115,
        1481799164079966
    ],
    "spiking_rate": 0.297984,
    "threshold": 30.0
}
