{
    "count_spike": 103,
    "creation_time": 3432,
    "potential": 0.2965713317412046,
    "recent_spikes": [
        0,
        0,
        0,
        0,
        0
    ],
    "spike_train": [],
    "spiking_rate": 1.2795904e-07,
    "threshold": 30.0
}
