{
    "count_spike": 103,
    "creation_time": 3432,
    "potential": 1.870843881306551,
    "recent_spikes": [
        0,
        0,
        0,
        0,
        0
    ],
    "spike_train": [],
    "spiking_rate": 2.7213878125153267e-94,
    "threshold": 30.0
}
