{
    "count_spike": 25,
    "creation_time": 3432,
    "potential": 0.4966831619341785,
    "recent_spikes": [
        0,
        0,
        0,
        0,
        0
    ],
    "spike_train": [],
    "spiking_rate": 6.336224761260439e-72,
    "threshold": 30.0
}
