{
    "count_spike": 20,
    "creation_time": 3432,
    "potential": 0.3473256551284769,
    "recent_spikes": [
        0,
        0,
        0,
        0,
        0
    ],
    "spike_train": [],
    "spiking_rate": 1.64873967721271e-27,
    "threshold": 30.0
}
