{
    "count_spike": 163,
    "creation_time": 3432,
    "potential": 7.606024723303948,
    "recent_spikes": [
        0,
        0,
        0,
        0,
        0
    ],
    "spike_train": [
        1481799166439532,
        1481799166488249
    ],
    "spiking_rate": 8.00000406192128e-05,
    "threshold": 30.0
}
