{
    "count_spike": 29,
    "creation_time": 3432,
    "potential": 0.053147001440577164,
    "recent_spikes": [
        0,
        0,
        0,
        0,
        0
    ],
    "spike_train": [],
    "spiking_rate": 1.4272932038673204e-106,
    "threshold": 30.0
}
