{
    "count_spike": 65,
    "creation_time": 3432,
    "potential": 1.661324095773913,
    "recent_spikes": [
        0,
        0,
        0,
        0,
        0
    ],
    "spike_train": [],
    "spiking_rate": 1.4025279154156661e-27,
    "threshold": 30.0
}
