{
    "count_spike": 12,
    "creation_time": 3432,
    "potential": 0.005185440870864406,
    "recent_spikes": [
        0,
        0,
        0,
        0,
        0
    ],
    "spike_train": [],
    "spiking_rate": 5.500595874004817e-152,
    "threshold": 30.0
}
