{
    "count_spike": 224,
    "creation_time": 3432,
    "potential": 0.32593361970521684,
    "recent_spikes": [
        0,
        0,
        0,
        0,
        0
    ],
    "spike_train": [],
    "spiking_rate": 1.0551933928369764e-32,
    "threshold": 30.0
}
