{
    "count_spike": 6,
    "creation_time": 3432,
    "potential": 0.5612880907311847,
    "recent_spikes": [
        0,
        0,
        0,
        0,
        0
    ],
    "spike_train": [],
    "spiking_rate": 1.0482404556800005e-16,
    "threshold": 30.0
}
