{
    "count_spike": 439,
    "creation_time": 3432,
    "potential": 0.37110420956417317,
    "recent_spikes": [
        0,
        0,
        0,
        0,
        0
    ],
    "spike_train": [
        1481799166811324
    ],
    "spiking_rate": 7.379612807987198e-20,
    "threshold": 30.0
}
