{
    "count_spike": 229,
    "creation_time": 3432,
    "potential": 16.385125694124632,
    "recent_spikes": [
        0,
        0,
        0,
        0,
        0
    ],
    "spike_train": [
        1481799166944395
    ],
    "spiking_rate": 3.198976e-05,
    "threshold": 30.0
}
