{
    "count_spike": 143,
    "creation_time": 3432,
    "potential": 7.090487385355748,
    "recent_spikes": [
        1,
        0,
        0,
        9,
        2
    ],
    "spike_train": [
        1481799158783063,
        1481799158843510,
        1481799158875799,
        1481799158908961,
        1481799158950070,
        1481799159138745,
        1481799159202678,
        1481799159428961,
        1481799162020187,
        1481799162062384,
        1481799162837235,
        1481799162868277,
        1481799162884414,
        1481799162932180,
        1481799162948785,
        1481799163039724,
        1481799163087654,
        1481799163106977,
        1481799163344405,
        1481799166358864,
        1481799166454706,
        1481799166524103,
        1481799166793130,
        1481799166865197,
        1481799167061948,
        1481799167106167
    ],
    "spiking_rate": 2.970328313856,
    "threshold": 30.0
}
