{
    "count_spike": 308,
    "creation_time": 3432,
    "potential": 7.362435574720401,
    "recent_spikes": [
        0,
        0,
        1,
        0,
        1
    ],
    "spike_train": [
        1481799158461117,
        1481799161513460,
        1481799164082506,
        1481799166432607
    ],
    "spiking_rate": 0.49995135508309607,
    "threshold": 30.0
}
