{
    "count_spike": 31,
    "creation_time": 3432,
    "potential": 0.3594189101385679,
    "recent_spikes": [
        0,
        0,
        0,
        0,
        0
    ],
    "spike_train": [],
    "spiking_rate": 3.1375465314156787e-136,
    "threshold": 30.0
}
