{
    "count_spike": 33,
    "creation_time": 3432,
    "potential": 0.057438646534974505,
    "recent_spikes": [
        0,
        0,
        0,
        0,
        0
    ],
    "spike_train": [],
    "spiking_rate": 6.8127747832149835e-74,
    "threshold": 30.0
}
