{
    "count_spike": 50,
    "creation_time": 3432,
    "potential": 0.01841576192665135,
    "recent_spikes": [
        0,
        0,
        0,
        0,
        0
    ],
    "spike_train": [],
    "spiking_rate": 1.0236723208385922e-09,
    "threshold": 30.0
}
