{
    "count_spike": 20,
    "creation_time": 3432,
    "potential": 0.019619678861790262,
    "recent_spikes": [
        0,
        0,
        0,
        0,
        0
    ],
    "spike_train": [],
    "spiking_rate": 6.001672611906776e-74,
    "threshold": 30.0
}
