{
    "count_spike": 17,
    "creation_time": 3432,
    "potential": 0.3714620440522106,
    "recent_spikes": [
        0,
        0,
        0,
        0,
        0
    ],
    "spike_train": [],
    "spiking_rate": 2.2828667312003668e-110,
    "threshold": 30.0
}
