{
    "count_spike": 4,
    "creation_time": 3432,
    "potential": 0.5628963887954238,
    "recent_spikes": [
        0,
        0,
        0,
        0,
        0
    ],
    "spike_train": [],
    "spiking_rate": 2.3395244543558469e-116,
    "threshold": 30.0
}
