{
    "count_spike": 159,
    "creation_time": 3432,
    "potential": 3.6525939221890202,
    "recent_spikes": [
        0,
        0,
        0,
        0,
        0
    ],
    "spike_train": [],
    "spiking_rate": 1.5106737041904727e-56,
    "threshold": 30.0
}
