{
    "count_spike": 277,
    "creation_time": 3432,
    "potential": 4.97567181457833,
    "recent_spikes": [
        0,
        0,
        1,
        0,
        1
    ],
    "spike_train": [
        1481799160773581,
        1481799161534651,
        1481799164392254
    ],
    "spiking_rate": 0.547904,
    "threshold": 30.0
}
