{
    "count_spike": 40,
    "creation_time": 3432,
    "potential": 0.00023027510743411429,
    "recent_spikes": [
        0,
        0,
        0,
        0,
        0
    ],
    "spike_train": [],
    "spiking_rate": 1.0381270647080194e-81,
    "threshold": 30.0
}
