{
    "count_spike": 34,
    "creation_time": 3432,
    "potential": 3.125792530279373,
    "recent_spikes": [
        0,
        0,
        0,
        0,
        0
    ],
    "spike_train": [],
    "spiking_rate": 4.09468928e-11,
    "threshold": 30.0
}
