{
    "count_spike": 389,
    "creation_time": 3432,
    "potential": 9.19071735126261,
    "recent_spikes": [
        3,
        0,
        0,
        3,
        19
    ],
    "spike_train": [
        1481799158831169,
        1481799160489489,
        1481799160632170,
        1481799161202603,
        1481799161238176,
        1481799161276991,
        1481799161304604,
        1481799161348750,
        1481799161368875,
        1481799161390613,
        1481799161418181,
        1481799161445985,
        1481799161465220,
        1481799161488165,
        1481799161516719,
        1481799161551250,
        1481799161567441,
        1481799161590883,
        1481799161610627,
        1481799161653384,
        1481799161703887,
        1481799161723939,
        1481799161742312,
        1481799161758387,
        1481799161772960,
        1481799161789298,
        1481799161815575,
        1481799161844088,
        1481799161956881,
        1481799162763100,
        1481799162809926,
        1481799162850117,
        1481799166069141,
        1481799166105902,
        1481799166132496,
        1481799166612008,
        1481799166633748,
        1481799166669913
    ],
    "spiking_rate": 6.549135872122841,
    "threshold": 30.0
}
