{
    "count_spike": 176,
    "creation_time": 3432,
    "potential": 1.6444123785436742,
    "recent_spikes": [
        0,
        0,
        0,
        0,
        0
    ],
    "spike_train": [],
    "spiking_rate": 2.0964809113600008e-17,
    "threshold": 30.0
}
