{
    "count_spike": 128,
    "creation_time": 3432,
    "potential": 0.009943794466852127,
    "recent_spikes": [
        0,
        0,
        0,
        0,
        0
    ],
    "spike_train": [],
    "spiking_rate": 2.8813814361160844e-43,
    "threshold": 30.0
}
