{
    "count_spike": 240,
    "creation_time": 3432,
    "potential": 1.010166320088172e-83,
    "recent_spikes": [
        0,
        0,
        0,
        0,
        0
    ],
    "spike_train": [],
    "spiking_rate": 8.644144390962369e-43,
    "threshold": 30.0
}
