{
    "count_spike": 35,
    "creation_time": 3432,
    "potential": 8.117839607557809,
    "recent_spikes": [
        0,
        0,
        0,
        0,
        0
    ],
    "spike_train": [
        1481799167044796,
        1481799167066124
    ],
    "spiking_rate": 9.220420557802984e-46,
    "threshold": 30.0
}
