{
    "count_spike": 259,
    "creation_time": 3432,
    "potential": 0.9245189073404056,
    "recent_spikes": [
        0,
        0,
        0,
        0,
        0
    ],
    "spike_train": [],
    "spiking_rate": 8.863624498620412e-33,
    "threshold": 30.0
}
