{
    "count_spike": 77,
    "creation_time": 3432,
    "potential": 0.7830616582221761,
    "recent_spikes": [
        0,
        0,
        0,
        0,
        0
    ],
    "spike_train": [],
    "spiking_rate": 1.4406907121567203e-42,
    "threshold": 30.0
}
