{
    "count_spike": 102,
    "creation_time": 3432,
    "potential": 1.1653332374177703,
    "recent_spikes": [
        0,
        0,
        0,
        0,
        0
    ],
    "spike_train": [],
    "spiking_rate": 2.8813814833244263e-43,
    "threshold": 30.0
}
