{
    "count_spike": 53,
    "creation_time": 3432,
    "potential": 0.34888906218271765,
    "recent_spikes": [
        0,
        0,
        0,
        0,
        0
    ],
    "spike_train": [],
    "spiking_rate": 9.617648144338453e-28,
    "threshold": 30.0
}
