{
    "count_spike": 27,
    "creation_time": 3432,
    "potential": 1.1223207502561114,
    "recent_spikes": [
        0,
        0,
        0,
        0,
        0
    ],
    "spike_train": [],
    "spiking_rate": 3.3543698016634327e-20,
    "threshold": 30.0
}
