{
    "count_spike": 106,
    "creation_time": 3432,
    "potential": 0.07979608103366786,
    "recent_spikes": [
        0,
        0,
        0,
        0,
        0
    ],
    "spike_train": [],
    "spiking_rate": 1.6378760474369462e-12,
    "threshold": 30.0
}
