{
    "count_spike": 235,
    "creation_time": 3432,
    "potential": 0.8651314517471742,
    "recent_spikes": [
        2,
        0,
        3,
        4,
        4
    ],
    "spike_train": [
        1481799159096980,
        1481799161575254,
        1481799161660696,
        1481799161709285,
        1481799161844381,
        1481799162753142,
        1481799162798059,
        1481799162813156,
        1481799163220120,
        1481799163856169,
        1481799163897137,
        1481799164190869,
        1481799166218604,
        1481799166360737,
        1481799166687564,
        1481799166703474,
        1481799166792734
    ],
    "spiking_rate": 3.144095354920947,
    "threshold": 30.0
}
