{
    "count_spike": 343,
    "creation_time": 3432,
    "potential": 13.885742514544521,
    "recent_spikes": [
        1,
        0,
        0,
        14,
        31
    ],
    "spike_train": [
        1481799160597268,
        1481799160622161,
        1481799160647762,
        1481799160929266,
        1481799161511346,
        1481799161526961,
        1481799161543557,
        1481799161558165,
        1481799161570342,
        1481799161583827,
        1481799161599513,
        1481799161614752,
        1481799161641447,
        1481799161666144,
        1481799161684345,
        1481799161700402,
        1481799161714349,
        1481799161733983,
        1481799161753695,
        1481799161773138,
        1481799161794730,
        1481799161818704,
        1481799161838917,
        1481799161857405,
        1481799161872352,
        1481799161886042,
        1481799161900248,
        1481799161915244,
        1481799161927658,
        1481799161940044,
        1481799161952673,
        1481799161965684,
        1481799161987710,
        1481799162010607,
        1481799162034797,
        1481799162620889,
        1481799162655142,
        1481799162675862,
        1481799162696069,
        1481799162712261,
        1481799162737874,
        1481799162827573,
        1481799162858522,
        1481799162878943,
        1481799162900857,
        1481799162924265,
        1481799162946417,
        1481799163037065,
        1481799163090362,
        1481799166267980,
        1481799166571028,
        1481799166603165,
        1481799166634914,
        1481799166669050,
        1481799166758629,
        1481799166779169,
        1481799166796650,
        1481799166823037
    ],
    "spiking_rate": 11.642015997952,
    "threshold": 30.0
}
