{
    "count_spike": 1,
    "creation_time": 3432,
    "potential": 0.22172207248759096,
    "recent_spikes": [
        0,
        0,
        0,
        0,
        0
    ],
    "spike_train": [],
    "spiking_rate": 3.668423514292728e-250,
    "threshold": 30.0
}
