{
    "count_spike": 11,
    "creation_time": 3432,
    "potential": 0.20969122387660544,
    "recent_spikes": [
        0,
        0,
        0,
        0,
        0
    ],
    "spike_train": [],
    "spiking_rate": 1.1897725482503498e-116,
    "threshold": 30.0
}
