{
    "count_spike": 61,
    "creation_time": 3432,
    "potential": 0.8075355233896246,
    "recent_spikes": [
        0,
        0,
        0,
        0,
        0
    ],
    "spike_train": [],
    "spiking_rate": 1.5094662561791997e-18,
    "threshold": 30.0
}
