{
    "count_spike": 89,
    "creation_time": 3432,
    "potential": 4.686533952942897,
    "recent_spikes": [
        0,
        0,
        0,
        0,
        0
    ],
    "spike_train": [],
    "spiking_rate": 6.708738916352002e-20,
    "threshold": 30.0
}
