{
    "count_spike": 233,
    "creation_time": 3432,
    "potential": 0.5950120743149019,
    "recent_spikes": [
        0,
        0,
        0,
        0,
        0
    ],
    "spike_train": [],
    "spiking_rate": 8.644144343753818e-43,
    "threshold": 30.0
}
