{
    "count_spike": 11,
    "creation_time": 3432,
    "potential": 2.466498416835025,
    "recent_spikes": [
        0,
        0,
        0,
        0,
        0
    ],
    "spike_train": [],
    "spiking_rate": 1.4563867279422677e-27,
    "threshold": 30.0
}
