{
    "count_spike": 23,
    "creation_time": 3432,
    "potential": 0.1721297963540125,
    "recent_spikes": [
        0,
        0,
        0,
        0,
        0
    ],
    "spike_train": [],
    "spiking_rate": 3.5173113089763576e-33,
    "threshold": 30.0
}
