{
    "count_spike": 124,
    "creation_time": 3432,
    "potential": 2.0867355106469514,
    "recent_spikes": [
        0,
        0,
        0,
        0,
        0
    ],
    "spike_train": [],
    "spiking_rate": 1.7586556544881788e-33,
    "threshold": 30.0
}
