{
    "count_spike": 139,
    "creation_time": 3432,
    "potential": 1.6021365248551858,
    "recent_spikes": [
        0,
        0,
        0,
        0,
        0
    ],
    "spike_train": [],
    "spiking_rate": 3.02134740848033e-57,
    "threshold": 30.0
}
