{
    "count_spike": 358,
    "creation_time": 3432,
    "potential": 0.8851289741094732,
    "recent_spikes": [
        0,
        0,
        0,
        0,
        0
    ],
    "spike_train": [],
    "spiking_rate": 5.90106915699391e-51,
    "threshold": 30.0
}
