{
    "count_spike": 41,
    "creation_time": 3432,
    "potential": 0.5075092091609528,
    "recent_spikes": [
        0,
        0,
        0,
        0,
        0
    ],
    "spike_train": [],
    "spiking_rate": 5.762762848797572e-44,
    "threshold": 30.0
}
