{
    "count_spike": 29,
    "creation_time": 3432,
    "potential": 0.2625310611909679,
    "recent_spikes": [
        0,
        0,
        0,
        0,
        0
    ],
    "spike_train": [],
    "spiking_rate": 2.0275919232578503e-75,
    "threshold": 30.0
}
