{
    "count_spike": 5,
    "creation_time": 3432,
    "potential": 3.396730403854901,
    "recent_spikes": [
        0,
        0,
        0,
        0,
        0
    ],
    "spike_train": [],
    "spiking_rate": 2.341394577820559e-116,
    "threshold": 30.0
}
