{
    "count_spike": 34,
    "creation_time": 3432,
    "potential": 0.03124509554378492,
    "recent_spikes": [
        0,
        0,
        0,
        0,
        0
    ],
    "spike_train": [],
    "spiking_rate": 7.920280950225979e-70,
    "threshold": 30.0
}
