{
    "count_spike": 133,
    "creation_time": 3432,
    "potential": 0.10762215795554582,
    "recent_spikes": [
        0,
        0,
        0,
        0,
        0
    ],
    "spike_train": [
        1481799158883157
    ],
    "spiking_rate": 0.0019993600818937855,
    "threshold": 30.0
}
