{
    "count_spike": 3,
    "creation_time": 3432,
    "potential": 2.8723518658723872,
    "recent_spikes": [
        0,
        0,
        0,
        0,
        0
    ],
    "spike_train": [],
    "spiking_rate": 2.2441481576554855e-119,
    "threshold": 30.0
}
