{
    "count_spike": 55,
    "creation_time": 3432,
    "potential": 0.6523234134087015,
    "recent_spikes": [
        0,
        0,
        0,
        0,
        0
    ],
    "spike_train": [],
    "spiking_rate": 5.627698117413227e-37,
    "threshold": 30.0
}
