{
    "count_spike": 148,
    "creation_time": 3432,
    "potential": 0.35129850868864104,
    "recent_spikes": [
        0,
        0,
        0,
        0,
        0
    ],
    "spike_train": [],
    "spiking_rate": 5.118361600838593e-09,
    "threshold": 30.0
}
