{
    "count_spike": 186,
    "creation_time": 3432,
    "potential": 0.859438767759393,
    "recent_spikes": [
        0,
        0,
        0,
        0,
        0
    ],
    "spike_train": [],
    "spiking_rate": 1.1802470662589469e-51,
    "threshold": 30.0
}
