{
    "count_spike": 29,
    "creation_time": 3432,
    "potential": 1.5191462862892653,
    "recent_spikes": [
        0,
        0,
        0,
        1,
        0
    ],
    "spike_train": [
        1481799163161500
    ],
    "spiking_rate": 0.24960081996152833,
    "threshold": 30.0
}
