{
    "count_spike": 248,
    "creation_time": 3432,
    "potential": 2.0174641972040988,
    "recent_spikes": [
        0,
        0,
        0,
        0,
        0
    ],
    "spike_train": [],
    "spiking_rate": 5.627698094362173e-37,
    "threshold": 30.0
}
