{
    "count_spike": 114,
    "creation_time": 3432,
    "potential": 0.029458061693345344,
    "recent_spikes": [
        0,
        0,
        0,
        0,
        0
    ],
    "spike_train": [],
    "spiking_rate": 2.8813814833244263e-43,
    "threshold": 30.0
}
