{
    "count_spike": 3,
    "creation_time": 3432,
    "potential": 13.609832369172574,
    "recent_spikes": [
        0,
        0,
        0,
        0,
        0
    ],
    "spike_train": [],
    "spiking_rate": 5.120000000001677e-07,
    "threshold": 30.0
}
