{
    "count_spike": 416,
    "creation_time": 3432,
    "potential": 4.106227513223853,
    "recent_spikes": [
        0,
        0,
        1,
        2,
        1
    ],
    "spike_train": [
        1481799158785808,
        1481799158894192,
        1481799159022421,
        1481799160624471,
        1481799160703296,
        1481799160724493,
        1481799161237716,
        1481799161412386,
        1481799162579007,
        1481799162625818,
        1481799164083131
    ],
    "spiking_rate": 1.2030540800818936,
    "threshold": 30.0
}
