{
    "count_spike": 289,
    "creation_time": 3432,
    "potential": -13.435880483967061,
    "recent_spikes": [
        0,
        0,
        0,
        0,
        0
    ],
    "spike_train": [],
    "spiking_rate": 2.047344656771847e-10,
    "threshold": 30.0
}
