{
    "count_spike": 38,
    "creation_time": 3432,
    "potential": 1.0213428949414443,
    "recent_spikes": [
        0,
        0,
        0,
        0,
        0
    ],
    "spike_train": [],
    "spiking_rate": 6.457563731323781e-27,
    "threshold": 30.0
}
