{
    "count_spike": 58,
    "creation_time": 3432,
    "potential": 1.2773434710082552,
    "recent_spikes": [
        0,
        0,
        0,
        0,
        0
    ],
    "spike_train": [],
    "spiking_rate": 4.1525082588865025e-83,
    "threshold": 30.0
}
