{
    "count_spike": 638,
    "creation_time": 3432,
    "potential": 6.540059509281219,
    "recent_spikes": [
        0,
        0,
        0,
        0,
        1
    ],
    "spike_train": [
        1481799159049111,
        1481799159084231,
        1481799159103399,
        1481799159122537,
        1481799159206255,
        1481799159257749,
        1481799160871360,
        1481799161125540,
        1481799161583213,
        1481799167177522
    ],
    "spiking_rate": 0.36188416,
    "threshold": 30.0
}
