{
    "count_spike": 21,
    "creation_time": 3432,
    "potential": 0.8370513944440318,
    "recent_spikes": [
        0,
        0,
        0,
        0,
        0
    ],
    "spike_train": [],
    "spiking_rate": 5.35840394726867e-27,
    "threshold": 30.0
}
