{
    "count_spike": 53,
    "creation_time": 3432,
    "potential": 0.7399691547864017,
    "recent_spikes": [
        0,
        0,
        0,
        0,
        0
    ],
    "spike_train": [],
    "spiking_rate": 2.559180800003623e-08,
    "threshold": 30.0
}
