{
    "count_spike": 174,
    "creation_time": 3432,
    "potential": 3.4447296701203753,
    "recent_spikes": [
        0,
        0,
        0,
        0,
        1
    ],
    "spike_train": [
        1481799161174273,
        1481799161222517,
        1481799161465246
    ],
    "spiking_rate": 0.3498880002047345,
    "threshold": 30.0
}
