{
    "count_spike": 67,
    "creation_time": 3432,
    "potential": 1.3556584956514337,
    "recent_spikes": [
        0,
        0,
        0,
        0,
        0
    ],
    "spike_train": [],
    "spiking_rate": 1.4406907121567318e-42,
    "threshold": 30.0
}
