{
    "count_spike": 125,
    "creation_time": 3432,
    "potential": 0.06531043208940873,
    "recent_spikes": [
        0,
        0,
        0,
        0,
        0
    ],
    "spike_train": [],
    "spiking_rate": 2.55954113265664e-08,
    "threshold": 30.0
}
