{
    "count_spike": 61,
    "creation_time": 3432,
    "potential": 0.013694468490211623,
    "recent_spikes": [
        0,
        0,
        0,
        0,
        0
    ],
    "spike_train": [],
    "spiking_rate": 5.120000655160348e-07,
    "threshold": 30.0
}
