{
    "count_spike": 12,
    "creation_time": 3432,
    "potential": 0.11898290416113685,
    "recent_spikes": [
        0,
        0,
        0,
        0,
        0
    ],
    "spike_train": [],
    "spiking_rate": 1.2256041138342496e-129,
    "threshold": 30.0
}
