{
    "count_spike": 130,
    "creation_time": 3432,
    "potential": 0.5363210642427731,
    "recent_spikes": [
        0,
        0,
        0,
        0,
        0
    ],
    "spike_train": [],
    "spiking_rate": 2.5595345813449917e-08,
    "threshold": 30.0
}
