{
    "count_spike": 53,
    "creation_time": 3432,
    "potential": 0.12140735273968348,
    "recent_spikes": [
        0,
        0,
        0,
        0,
        0
    ],
    "spike_train": [],
    "spiking_rate": 4.258476867971847e-11,
    "threshold": 30.0
}
