{
    "count_spike": 28,
    "creation_time": 3432,
    "potential": 0.2948954093741918,
    "recent_spikes": [
        0,
        0,
        0,
        0,
        0
    ],
    "spike_train": [],
    "spiking_rate": 0.000400004708827136,
    "threshold": 30.0
}
