{
    "count_spike": 143,
    "creation_time": 3432,
    "potential": 6.19419644918023,
    "recent_spikes": [
        0,
        0,
        0,
        0,
        0
    ],
    "spike_train": [
        1481799159136509,
        1481799160812979
    ],
    "spiking_rate": 0.051999354879999994,
    "threshold": 30.0
}
