{
    "count_spike": 4,
    "creation_time": 3432,
    "potential": 1.300666854537901,
    "recent_spikes": [
        0,
        0,
        0,
        0,
        0
    ],
    "spike_train": [],
    "spiking_rate": 1.8701234647129052e-119,
    "threshold": 30.0
}
