{
    "count_spike": 69,
    "creation_time": 3432,
    "potential": 0.8100767980034627,
    "recent_spikes": [
        0,
        0,
        0,
        0,
        0
    ],
    "spike_train": [],
    "spiking_rate": 7.855503261790326e-55,
    "threshold": 30.0
}
