{
    "count_spike": 35,
    "creation_time": 3432,
    "potential": 0.17673682541493396,
    "recent_spikes": [
        0,
        0,
        0,
        0,
        0
    ],
    "spike_train": [],
    "spiking_rate": 1.02367232e-06,
    "threshold": 30.0
}
