{
    "count_spike": 160,
    "creation_time": 3432,
    "potential": 1.2269440197082853,
    "recent_spikes": [
        0,
        0,
        0,
        0,
        0
    ],
    "spike_train": [],
    "spiking_rate": 1.2804093378560003e-07,
    "threshold": 30.0
}
