{
    "count_spike": 201,
    "creation_time": 3432,
    "potential": 0.566133804938675,
    "recent_spikes": [
        0,
        0,
        0,
        0,
        0
    ],
    "spike_train": [
        1481799159543137
    ],
    "spiking_rate": 0.0099968,
    "threshold": 30.0
}
