{
    "count_spike": 59,
    "creation_time": 3432,
    "potential": 0.7130682463435071,
    "recent_spikes": [
        0,
        0,
        0,
        0,
        0
    ],
    "spike_train": [],
    "spiking_rate": 8.79327827388159e-33,
    "threshold": 30.0
}
