{
    "count_spike": 16,
    "creation_time": 3432,
    "potential": 0.3319281071519926,
    "recent_spikes": [
        0,
        0,
        0,
        0,
        0
    ],
    "spike_train": [],
    "spiking_rate": 5.241202482345663e-12,
    "threshold": 30.0
}
