{
    "count_spike": 128,
    "creation_time": 3432,
    "potential": 18.616415210416005,
    "recent_spikes": [
        0,
        0,
        0,
        0,
        0
    ],
    "spike_train": [],
    "spiking_rate": 0.00015999811578757122,
    "threshold": 30.0
}
