{
    "count_spike": 129,
    "creation_time": 3432,
    "potential": 1.8060232730827341,
    "recent_spikes": [
        0,
        0,
        0,
        0,
        0
    ],
    "spike_train": [],
    "spiking_rate": 8.000409436160086e-05,
    "threshold": 30.0
}
