{
    "count_spike": 117,
    "creation_time": 3432,
    "potential": 0.5292113208723755,
    "recent_spikes": [
        0,
        0,
        0,
        0,
        0
    ],
    "spike_train": [],
    "spiking_rate": 1.834253990916944e-232,
    "threshold": 30.0
}
