{
    "count_spike": 25,
    "creation_time": 3432,
    "potential": 0.38562614332754175,
    "recent_spikes": [
        0,
        0,
        0,
        0,
        0
    ],
    "spike_train": [],
    "spiking_rate": 8.243698397296432e-28,
    "threshold": 30.0
}
