{
    "count_spike": 5,
    "creation_time": 3432,
    "potential": 0.008227579243088439,
    "recent_spikes": [
        0,
        0,
        0,
        0,
        0
    ],
    "spike_train": [],
    "spiking_rate": 1.257888546816e-17,
    "threshold": 30.0
}
