{
    "count_spike": 105,
    "creation_time": 3432,
    "potential": 2.240834833784034,
    "recent_spikes": [
        0,
        0,
        0,
        0,
        0
    ],
    "spike_train": [],
    "spiking_rate": 9.599901530849364e-05,
    "threshold": 30.0
}
