{
    "count_spike": 184,
    "creation_time": 3432,
    "potential": 0.11902221485697734,
    "recent_spikes": [
        1,
        0,
        0,
        0,
        0
    ],
    "spike_train": [
        1481799166290253
    ],
    "spiking_rate": 0.20001599488,
    "threshold": 30.0
}
