{
    "count_spike": 170,
    "creation_time": 3432,
    "potential": 1.17294045335206,
    "recent_spikes": [
        2,
        0,
        0,
        0,
        1
    ],
    "spike_train": [
        1481799159006195,
        1481799159017863,
        1481799160772934,
        1481799160888805,
        1481799161415283,
        1481799166335722,
        1481799166372227,
        1481799166861098,
        1481799166882156
    ],
    "spiking_rate": 0.7538867204094689,
    "threshold": 30.0
}
