{
    "count_spike": 94,
    "creation_time": 3432,
    "potential": 0.6993885940257993,
    "recent_spikes": [
        0,
        0,
        0,
        0,
        0
    ],
    "spike_train": [],
    "spiking_rate": 8.000409436160084e-05,
    "threshold": 30.0
}
