{
    "count_spike": 126,
    "creation_time": 3432,
    "potential": 4.395800886471876,
    "recent_spikes": [
        0,
        0,
        0,
        0,
        0
    ],
    "spike_train": [],
    "spiking_rate": 2.721387812508908e-94,
    "threshold": 30.0
}
