{
    "count_spike": 92,
    "creation_time": 3432,
    "potential": 2.159213076873481e-07,
    "recent_spikes": [
        0,
        0,
        0,
        0,
        0
    ],
    "spike_train": [],
    "spiking_rate": 3.686399999999999e-06,
    "threshold": 30.0
}
