{
    "count_spike": 9,
    "creation_time": 3432,
    "potential": 0.44763893586334297,
    "recent_spikes": [
        0,
        0,
        0,
        0,
        0
    ],
    "spike_train": [],
    "spiking_rate": 3.2760113876330077e-13,
    "threshold": 30.0
}
