{
    "count_spike": 399,
    "creation_time": 3432,
    "potential": 1.3589743217058603,
    "recent_spikes": [
        0,
        0,
        0,
        0,
        0
    ],
    "spike_train": [],
    "spiking_rate": 1.1802893650839907e-51,
    "threshold": 30.0
}
