{
    "count_spike": 76,
    "creation_time": 3432,
    "potential": 1.466802178266524,
    "recent_spikes": [
        0,
        0,
        0,
        0,
        0
    ],
    "spike_train": [],
    "spiking_rate": 6.860510552344038e-121,
    "threshold": 30.0
}
