{
    "count_spike": 96,
    "creation_time": 3432,
    "potential": 1.7005871651866016,
    "recent_spikes": [
        0,
        0,
        0,
        0,
        0
    ],
    "spike_train": [],
    "spiking_rate": 1.5106737041904727e-56,
    "threshold": 30.0
}
