{
    "count_spike": 387,
    "creation_time": 3432,
    "potential": 0.5469400504206913,
    "recent_spikes": [
        2,
        0,
        4,
        6,
        0
    ],
    "spike_train": [
        1481799158499517,
        1481799158556435,
        1481799158598826,
        1481799158684023,
        1481799158819296,
        1481799158880280,
        1481799159297047,
        1481799160803069,
        1481799160832767,
        1481799162607535,
        1481799162776738,
        1481799162984932,
        1481799163025109,
        1481799163117261,
        1481799163152948,
        1481799163744441,
        1481799163996388,
        1481799164118580,
        1481799164227075,
        1481799166255709,
        1481799166314644,
        1481799166395114,
        1481799166548175,
        1481799166738873,
        1481799166837849,
        1481799166903604,
        1481799166931712
    ],
    "spiking_rate": 3.003563525323096,
    "threshold": 30.0
}
