{
    "count_spike": 48,
    "creation_time": 3432,
    "potential": 0.30060067276576874,
    "recent_spikes": [
        0,
        0,
        0,
        0,
        0
    ],
    "spike_train": [],
    "spiking_rate": 2.5591808000033544e-08,
    "threshold": 30.0
}
