{
    "count_spike": 155,
    "creation_time": 3432,
    "potential": 1.2558456736372763,
    "recent_spikes": [
        0,
        0,
        0,
        0,
        0
    ],
    "spike_train": [],
    "spiking_rate": 2.305111040519902e-45,
    "threshold": 30.0
}
