{
    "count_spike": 46,
    "creation_time": 3432,
    "potential": 0.6652103005219724,
    "recent_spikes": [
        0,
        0,
        0,
        0,
        0
    ],
    "spike_train": [],
    "spiking_rate": 4.09468928e-11,
    "threshold": 30.0
}
