{
    "count_spike": 185,
    "creation_time": 3432,
    "potential": 1.9610787303883306,
    "recent_spikes": [
        0,
        0,
        0,
        0,
        0
    ],
    "spike_train": [],
    "spiking_rate": 1.764283352582549e-33,
    "threshold": 30.0
}
