{
    "count_spike": 136,
    "creation_time": 3432,
    "potential": 8.577652539324957,
    "recent_spikes": [
        0,
        0,
        0,
        0,
        0
    ],
    "spike_train": [
        1481799159178950
    ],
    "spiking_rate": 0.0020153550847344637,
    "threshold": 30.0
}
