{
    "count_spike": 85,
    "creation_time": 3432,
    "potential": 2.338224045676532,
    "recent_spikes": [
        0,
        0,
        2,
        1,
        4
    ],
    "spike_train": [
        1481799158890835,
        1481799160898572,
        1481799161798401,
        1481799161890742,
        1481799161959832,
        1481799161998100,
        1481799162943734,
        1481799163843008,
        1481799164014495
    ],
    "spiking_rate": 1.797359353856,
    "threshold": 30.0
}
