{
    "count_spike": 339,
    "creation_time": 3432,
    "potential": 1.6006318740720604,
    "recent_spikes": [
        0,
        0,
        0,
        0,
        1
    ],
    "spike_train": [
        1481799161846185
    ],
    "spiking_rate": 0.24992,
    "threshold": 30.0
}
