{
    "count_spike": 4,
    "creation_time": 3432,
    "potential": 0.1895289256311935,
    "recent_spikes": [
        0,
        0,
        0,
        0,
        0
    ],
    "spike_train": [],
    "spiking_rate": 1.171071313603222e-116,
    "threshold": 30.0
}
