{
    "count_spike": 242,
    "creation_time": 3432,
    "potential": 10.569291620625457,
    "recent_spikes": [
        0,
        0,
        0,
        0,
        0
    ],
    "spike_train": [],
    "spiking_rate": 0.00015999819768135678,
    "threshold": 30.0
}
