{
    "count_spike": 81,
    "creation_time": 3432,
    "potential": 0.3531055697452996,
    "recent_spikes": [
        0,
        0,
        0,
        0,
        0
    ],
    "spike_train": [],
    "spiking_rate": 3.2757514240000007e-13,
    "threshold": 30.0
}
