{
    "count_spike": 126,
    "creation_time": 3432,
    "potential": 3.9322175781420357,
    "recent_spikes": [
        0,
        0,
        0,
        0,
        0
    ],
    "spike_train": [],
    "spiking_rate": 1.7587119316131915e-32,
    "threshold": 30.0
}
