{
    "count_spike": 79,
    "creation_time": 3432,
    "potential": 4.599410807729628,
    "recent_spikes": [
        0,
        0,
        0,
        0,
        0
    ],
    "spike_train": [],
    "spiking_rate": 0.000799999795134464,
    "threshold": 30.0
}
