{
    "count_spike": 147,
    "creation_time": 3432,
    "potential": 0.7326293308892015,
    "recent_spikes": [
        0,
        0,
        0,
        0,
        0
    ],
    "spike_train": [
        1481799158921207,
        1481799158953954
    ],
    "spiking_rate": 0.00399872,
    "threshold": 30.0
}
