{
    "count_spike": 34,
    "creation_time": 3432,
    "potential": 25.513485020257317,
    "recent_spikes": [
        0,
        0,
        0,
        0,
        0
    ],
    "spike_train": [
        1481799167106134
    ],
    "spiking_rate": 1.228406784e-10,
    "threshold": 30.0
}
