{
    "count_spike": 381,
    "creation_time": 3432,
    "potential": 4.911126022949723,
    "recent_spikes": [
        0,
        1,
        12,
        23,
        8
    ],
    "spike_train": [
        1481799158924375,
        1481799158975880,
        1481799160890499,
        1481799160974867,
        1481799161082920,
        1481799161737484,
        1481799161896908,
        1481799161919534,
        1481799161953104,
        1481799161968444,
        1481799161988301,
        1481799162009305,
        1481799162027135,
        1481799162706317,
        1481799162762029,
        1481799162816139,
        1481799162847084,
        1481799162869700,
        1481799162930396,
        1481799162962808,
        1481799162979561,
        1481799163002561,
        1481799163016520,
        1481799163030802,
        1481799163044347,
        1481799163054962,
        1481799163075771,
        1481799163112288,
        1481799163133863,
        1481799163153952,
        1481799163173512,
        1481799163211258,
        1481799163236056,
        1481799163261779,
        1481799163292388,
        1481799163352146,
        1481799163913113,
        1481799163948747,
        1481799164030360,
        1481799164098010,
        1481799164175898,
        1481799164203605,
        1481799164218073,
        1481799164240028,
        1481799164258349,
        1481799164290931,
        1481799164312529,
        1481799164337853,
        1481799164470721
    ],
    "spiking_rate": 11.11015870464,
    "threshold": 30.0
}
