{
    "count_spike": 231,
    "creation_time": 3432,
    "potential": 4.392116470223184,
    "recent_spikes": [
        0,
        2,
        18,
        21,
        0
    ],
    "spike_train": [
        1481799158850569,
        1481799158885512,
        1481799162763118,
        1481799162858281,
        1481799162944154,
        1481799162962502,
        1481799162974343,
        1481799162987315,
        1481799163008097,
        1481799163027246,
        1481799163039383,
        1481799163050727,
        1481799163060641,
        1481799163072960,
        1481799163102837,
        1481799163126261,
        1481799163148160,
        1481799163170911,
        1481799163196239,
        1481799163220663,
        1481799163240081,
        1481799163261470,
        1481799163366252,
        1481799163910860,
        1481799163987100,
        1481799164012794,
        1481799164041212,
        1481799164077019,
        1481799164099291,
        1481799164117502,
        1481799164136018,
        1481799164166632,
        1481799164186983,
        1481799164206631,
        1481799164221843,
        1481799164239782,
        1481799164310000,
        1481799164331717,
        1481799164346938,
        1481799164360809,
        1481799164376675,
        1481799164414003,
        1481799164434279
    ],
    "spiking_rate": 10.189614715084733,
    "threshold": 30.0
}
