{
    "count_spike": 632,
    "creation_time": 3432,
    "potential": 1.7689510984641028,
    "recent_spikes": [
        1,
        0,
        1,
        5,
        19
    ],
    "spike_train": [
        1481799159039582,
        1481799159069341,
        1481799159114697,
        1481799159166231,
        1481799160841591,
        1481799160897109,
        1481799160929883,
        1481799160975554,
        1481799161048235,
        1481799161135486,
        1481799161282494,
        1481799161430722,
        1481799161669481,
        1481799161702524,
        1481799161759977,
        1481799161794945,
        1481799161825782,
        1481799161849029,
        1481799161870380,
        1481799161883367,
        1481799161919424,
        1481799161957482,
        1481799161993083,
        1481799162014524,
        1481799162032270,
        1481799162043653,
        1481799162056394,
        1481799162068894,
        1481799162089868,
        1481799162213200,
        1481799162994790,
        1481799163023792,
        1481799163050786,
        1481799163073273,
        1481799163100259,
        1481799164173466,
        1481799166178787,
        1481799166400646,
        1481799166428234,
        1481799166452851,
        1481799166474203,
        1481799166495830,
        1481799166692038,
        1481799166931089,
        1481799166994883,
        1481799167028265
    ],
    "spiking_rate": 6.802420285644734,
    "threshold": 30.0
}
