{
    "count_spike": 156,
    "creation_time": 3432,
    "potential": 1.036479276380371,
    "recent_spikes": [
        0,
        0,
        0,
        0,
        0
    ],
    "spike_train": [],
    "spiking_rate": 8.102399967232016e-05,
    "threshold": 30.0
}
