{
    "count_spike": 72,
    "creation_time": 3432,
    "potential": 0.9782484548728108,
    "recent_spikes": [
        0,
        0,
        0,
        0,
        0
    ],
    "spike_train": [],
    "spiking_rate": 1.6389931167767476e-193,
    "threshold": 30.0
}
