{
    "count_spike": 372,
    "creation_time": 3432,
    "potential": 3.2253019520316366,
    "recent_spikes": [
        1,
        0,
        0,
        1,
        4
    ],
    "spike_train": [
        1481799159158956,
        1481799160789144,
        1481799160953952,
        1481799161038806,
        1481799161395300,
        1481799161562102,
        1481799161595631,
        1481799161647433,
        1481799163106870,
        1481799166313900
    ],
    "spiking_rate": 1.6012473550847346,
    "threshold": 30.0
}
