{
    "count_spike": 77,
    "creation_time": 3432,
    "potential": 8.614909064409195,
    "recent_spikes": [
        0,
        0,
        0,
        0,
        0
    ],
    "spike_train": [
        1481799160534325,
        1481799160625610,
        1481799160730163,
        1481799160767309,
        1481799160813763,
        1481799160947066,
        1481799161070190
    ],
    "spiking_rate": 0.3498880001637875,
    "threshold": 30.0
}
