{
    "count_spike": 82,
    "creation_time": 3432,
    "potential": 0.4076844477358745,
    "recent_spikes": [
        0,
        0,
        0,
        0,
        0
    ],
    "spike_train": [],
    "spiking_rate": 1.279590400000362e-07,
    "threshold": 30.0
}
