{
    "count_spike": 178,
    "creation_time": 3432,
    "potential": 2.2389241856561233,
    "recent_spikes": [
        0,
        0,
        0,
        0,
        0
    ],
    "spike_train": [],
    "spiking_rate": 4.396639136220447e-31,
    "threshold": 30.0
}
