{
    "count_spike": 87,
    "creation_time": 3432,
    "potential": 1.9026137293452239,
    "recent_spikes": [
        0,
        0,
        0,
        0,
        0
    ],
    "spike_train": [],
    "spiking_rate": 3.0353914957397127e-193,
    "threshold": 30.0
}
