{
    "count_spike": 316,
    "creation_time": 3432,
    "potential": 13.81624038745751,
    "recent_spikes": [
        0,
        0,
        0,
        1,
        2
    ],
    "spike_train": [
        1481799160229494,
        1481799160269082,
        1481799160344030,
        1481799160985627,
        1481799162346989,
        1481799162392382,
        1481799162422683
    ],
    "spiking_rate": 0.8294144000409469,
    "threshold": 30.0
}
