{
    "count_spike": 56,
    "creation_time": 3432,
    "potential": 0.3189996475332713,
    "recent_spikes": [
        0,
        0,
        0,
        0,
        0
    ],
    "spike_train": [],
    "spiking_rate": 5.120000000016772e-07,
    "threshold": 30.0
}
