{
    "count_spike": 329,
    "creation_time": 3432,
    "potential": 6.697864493923437,
    "recent_spikes": [
        2,
        0,
        0,
        11,
        12
    ],
    "spike_train": [
        1481799161403922,
        1481799161446062,
        1481799161471149,
        1481799161489888,
        1481799161527432,
        1481799161556893,
        1481799161578496,
        1481799161598271,
        1481799161619379,
        1481799161649758,
        1481799161686491,
        1481799161712802,
        1481799162432525,
        1481799162453181,
        1481799162479737,
        1481799162554942,
        1481799162577680,
        1481799162597934,
        1481799162641735,
        1481799162677953,
        1481799162704488,
        1481799162758243,
        1481799162829482,
        1481799166318262,
        1481799166368077,
        1481799166398260,
        1481799166492785,
        1481799166525955
    ],
    "spiking_rate": 6.144640000081894,
    "threshold": 30.0
}
