{
    "count_spike": 64,
    "creation_time": 3432,
    "potential": 0.8440732188278555,
    "recent_spikes": [
        0,
        0,
        0,
        0,
        0
    ],
    "spike_train": [],
    "spiking_rate": 6.86974865034445e-27,
    "threshold": 30.0
}
