{
    "count_spike": 100,
    "creation_time": 3432,
    "potential": 0.16071491004571298,
    "recent_spikes": [
        0,
        0,
        0,
        0,
        0
    ],
    "spike_train": [],
    "spiking_rate": 2.4915049570001135e-82,
    "threshold": 30.0
}
