{
    "count_spike": 199,
    "creation_time": 3432,
    "potential": 8.450969469987461,
    "recent_spikes": [
        0,
        0,
        0,
        0,
        0
    ],
    "spike_train": [],
    "spiking_rate": 0.00015999815673446398,
    "threshold": 30.0
}
