{
    "count_spike": 412,
    "creation_time": 3432,
    "potential": 8.010382411631754,
    "recent_spikes": [
        2,
        0,
        0,
        2,
        2
    ],
    "spike_train": [
        1481799158474253,
        1481799158629045,
        1481799158791278,
        1481799158820309,
        1481799158864010,
        1481799158883024,
        1481799159282258,
        1481799162116142,
        1481799162223894,
        1481799162551134,
        1481799163009003,
        1481799166181920,
        1481799166392114,
        1481799166506746,
        1481799166657529,
        1481799167048797
    ],
    "spiking_rate": 1.413038694440947,
    "threshold": 30.0
}
