{
    "count_spike": 121,
    "creation_time": 3432,
    "potential": 0.9297607581252885,
    "recent_spikes": [
        0,
        0,
        0,
        0,
        0
    ],
    "spike_train": [],
    "spiking_rate": 5.495974785859013e-29,
    "threshold": 30.0
}
