{
    "count_spike": 218,
    "creation_time": 3432,
    "potential": 0.07703983297631493,
    "recent_spikes": [
        0,
        0,
        0,
        0,
        0
    ],
    "spike_train": [],
    "spiking_rate": 5.118364221473276e-09,
    "threshold": 30.0
}
