{
    "count_spike": 382,
    "creation_time": 3432,
    "potential": 1.9159602867681147,
    "recent_spikes": [
        0,
        0,
        0,
        0,
        9
    ],
    "spike_train": [
        1481799161232607,
        1481799161260603,
        1481799161295888,
        1481799161355232,
        1481799161394822,
        1481799161435952,
        1481799161466551,
        1481799161498976,
        1481799161519953,
        1481799161542242,
        1481799161814781,
        1481799161878645,
        1481799161924363
    ],
    "spiking_rate": 2.449216000040947,
    "threshold": 30.0
}
