{
    "count_spike": 222,
    "creation_time": 3432,
    "potential": 2.2039325730962713,
    "recent_spikes": [
        1,
        0,
        0,
        0,
        0
    ],
    "spike_train": [
        1481799158672607,
        1481799158803887,
        1481799160346756,
        1481799166087736,
        1481799167110111
    ],
    "spiking_rate": 0.2139955200818938,
    "threshold": 30.0
}
