{
    "count_spike": 486,
    "creation_time": 3432,
    "potential": 2.741141618020602,
    "recent_spikes": [
        0,
        0,
        0,
        0,
        0
    ],
    "spike_train": [],
    "spiking_rate": 2.456813568e-10,
    "threshold": 30.0
}
