{
    "count_spike": 94,
    "creation_time": 3432,
    "potential": 0.48482921338020246,
    "recent_spikes": [
        0,
        0,
        0,
        0,
        0
    ],
    "spike_train": [
        1481799160549976,
        1481799160650235,
        1481799160953546,
        1481799161032111
    ],
    "spiking_rate": 0.199936,
    "threshold": 30.0
}
