{
    "count_spike": 39,
    "creation_time": 3432,
    "potential": 7.915144899308251,
    "recent_spikes": [
        1,
        0,
        0,
        0,
        0
    ],
    "spike_train": [
        1481799160870141,
        1481799165894626,
        1481799167111293
    ],
    "spiking_rate": 0.24998400004094687,
    "threshold": 30.0
}
