{
    "count_spike": 96,
    "creation_time": 3432,
    "potential": 0.07792804859542285,
    "recent_spikes": [
        0,
        0,
        0,
        0,
        0
    ],
    "spike_train": [],
    "spiking_rate": 1.362712592384e-15,
    "threshold": 30.0
}
