{
    "count_spike": 20,
    "creation_time": 3432,
    "potential": 0.15956030718426617,
    "recent_spikes": [
        0,
        0,
        0,
        0,
        0
    ],
    "spike_train": [],
    "spiking_rate": 2.3458828741436007e-116,
    "threshold": 30.0
}
