{
    "count_spike": 74,
    "creation_time": 3432,
    "potential": 0.29052445614524136,
    "recent_spikes": [
        0,
        0,
        0,
        0,
        0
    ],
    "spike_train": [],
    "spiking_rate": 1.0063108376176739e-18,
    "threshold": 30.0
}
