{
    "count_spike": 21,
    "creation_time": 3432,
    "potential": 3.0224930717816,
    "recent_spikes": [
        0,
        0,
        0,
        0,
        0
    ],
    "spike_train": [],
    "spiking_rate": 1.228406784e-09,
    "threshold": 30.0
}
