{
    "count_spike": 392,
    "creation_time": 3432,
    "potential": 15.997197258445462,
    "recent_spikes": [
        0,
        0,
        0,
        0,
        0
    ],
    "spike_train": [],
    "spiking_rate": 1.688346886267173e-36,
    "threshold": 30.0
}
