{
    "count_spike": 634,
    "creation_time": 3432,
    "potential": 3.065638406718605,
    "recent_spikes": [
        3,
        0,
        0,
        4,
        19
    ],
    "spike_train": [
        1481799160823829,
        1481799161133745,
        1481799161165869,
        1481799161202218,
        1481799161238536,
        1481799161408185,
        1481799161426668,
        1481799161441463,
        1481799161462023,
        1481799161490586,
        1481799161527664,
        1481799161577397,
        1481799161599558,
        1481799161619214,
        1481799161631928,
        1481799161648197,
        1481799161669312,
        1481799161759491,
        1481799161781701,
        1481799161799079,
        1481799161821189,
        1481799161844965,
        1481799161892639,
        1481799161979436,
        1481799162757087,
        1481799162804136,
        1481799162848021,
        1481799162889541,
        1481799166089664,
        1481799166220096,
        1481799166271917,
        1481799166646497,
        1481799166667430
    ],
    "spiking_rate": 6.596825518120947,
    "threshold": 30.0
}
