{
    "count_spike": 86,
    "creation_time": 3432,
    "potential": 0.014690690050727026,
    "recent_spikes": [
        0,
        0,
        0,
        0,
        0
    ],
    "spike_train": [],
    "spiking_rate": 1.406924523590543e-35,
    "threshold": 30.0
}
