{
    "count_spike": 496,
    "creation_time": 3432,
    "potential": 2.6591862373961552,
    "recent_spikes": [
        0,
        0,
        0,
        1,
        8
    ],
    "spike_train": [
        1481799161048332,
        1481799161106995,
        1481799161147868,
        1481799161173828,
        1481799161202528,
        1481799161221039,
        1481799161246368,
        1481799161334626,
        1481799161360536,
        1481799161384495,
        1481799161411893,
        1481799161438519,
        1481799161476422,
        1481799161509567,
        1481799161538084,
        1481799161560399,
        1481799161584084,
        1481799161630330,
        1481799162583420,
        1481799166431958
    ],
    "spiking_rate": 2.748800000204734,
    "threshold": 30.0
}
