{
    "count_spike": 27,
    "creation_time": 3432,
    "potential": 0.3707316427607399,
    "recent_spikes": [
        0,
        0,
        0,
        0,
        0
    ],
    "spike_train": [],
    "spiking_rate": 2.282865559006969e-110,
    "threshold": 30.0
}
