{
    "count_spike": 33,
    "creation_time": 3432,
    "potential": 0.23395315494269642,
    "recent_spikes": [
        0,
        0,
        0,
        0,
        0
    ],
    "spike_train": [],
    "spiking_rate": 2.337654330891146e-116,
    "threshold": 30.0
}
