{
    "count_spike": 15,
    "creation_time": 3432,
    "potential": 5.339942787741566,
    "recent_spikes": [
        0,
        0,
        0,
        0,
        0
    ],
    "spike_train": [],
    "spiking_rate": 2.3526153425546897e-116,
    "threshold": 30.0
}
