{
    "count_spike": 92,
    "creation_time": 3432,
    "potential": 0.14381765064912902,
    "recent_spikes": [
        0,
        0,
        0,
        0,
        0
    ],
    "spike_train": [],
    "spiking_rate": 0.00040586215424,
    "threshold": 30.0
}
