{
    "count_spike": 669,
    "creation_time": 3432,
    "potential": 5.597647060283402,
    "recent_spikes": [
        0,
        0,
        0,
        1,
        3
    ],
    "spike_train": [
        1481799158804201,
        1481799159209440,
        1481799159217436,
        1481799159417954,
        1481799159438743,
        1481799161617858,
        1481799161880116,
        1481799162019976,
        1481799162816427,
        1481799166544964,
        1481799166557358
    ],
    "spiking_rate": 1.0254481860607345,
    "threshold": 30.0
}
