{
    "count_spike": 21,
    "creation_time": 3432,
    "potential": 0.7306238071669926,
    "recent_spikes": [
        0,
        0,
        0,
        0,
        0
    ],
    "spike_train": [],
    "spiking_rate": 4.055183846515701e-76,
    "threshold": 30.0
}
