{
    "count_spike": 306,
    "creation_time": 3432,
    "potential": 5.881406914232588,
    "recent_spikes": [
        0,
        0,
        0,
        4,
        3
    ],
    "spike_train": [
        1481799158839168,
        1481799161512941,
        1481799161593049,
        1481799161802987,
        1481799162653327,
        1481799162752456,
        1481799162802284,
        1481799162984608
    ],
    "spiking_rate": 1.7501913498418937,
    "threshold": 30.0
}
