{
    "count_spike": 378,
    "creation_time": 3432,
    "potential": 0.9365859321648773,
    "recent_spikes": [
        0,
        0,
        0,
        0,
        0
    ],
    "spike_train": [],
    "spiking_rate": 0.001199999590334464,
    "threshold": 30.0
}
