{
    "count_spike": 105,
    "creation_time": 3432,
    "potential": 0.7604094291166436,
    "recent_spikes": [
        0,
        0,
        0,
        0,
        0
    ],
    "spike_train": [],
    "spiking_rate": 1.8014396664807608e-40,
    "threshold": 30.0
}
