{
    "count_spike": 98,
    "creation_time": 3432,
    "potential": 0.7184144268203151,
    "recent_spikes": [
        0,
        0,
        0,
        0,
        0
    ],
    "spike_train": [],
    "spiking_rate": 4.626482773791899e-93,
    "threshold": 30.0
}
