{
    "count_spike": 50,
    "creation_time": 3432,
    "potential": 2.317538127753681,
    "recent_spikes": [
        0,
        0,
        0,
        0,
        0
    ],
    "spike_train": [],
    "spiking_rate": 4.682789251391432e-118,
    "threshold": 30.0
}
