{
    "count_spike": 37,
    "creation_time": 3432,
    "potential": 1.6270085085199972,
    "recent_spikes": [
        0,
        0,
        0,
        0,
        0
    ],
    "spike_train": [],
    "spiking_rate": 9.220420559313658e-47,
    "threshold": 30.0
}
