{
    "count_spike": 20,
    "creation_time": 3432,
    "potential": 0.7462598833487639,
    "recent_spikes": [
        0,
        0,
        0,
        0,
        0
    ],
    "spike_train": [],
    "spiking_rate": 7.553368520952204e-56,
    "threshold": 30.0
}
