{
    "count_spike": 53,
    "creation_time": 3432,
    "potential": 0.015243526963674241,
    "recent_spikes": [
        0,
        0,
        0,
        0,
        0
    ],
    "spike_train": [],
    "spiking_rate": 1.6507903672321004e-05,
    "threshold": 30.0
}
