{
    "count_spike": 75,
    "creation_time": 3432,
    "potential": 26.116503997839896,
    "recent_spikes": [
        0,
        0,
        0,
        0,
        0
    ],
    "spike_train": [],
    "spiking_rate": 1.5994920946893635e-05,
    "threshold": 30.0
}
