{
    "count_spike": 13,
    "creation_time": 3432,
    "potential": 0.06587518649433291,
    "recent_spikes": [
        0,
        0,
        0,
        0,
        0
    ],
    "spike_train": [],
    "spiking_rate": 0.00040038367232,
    "threshold": 30.0
}
