{
    "count_spike": 112,
    "creation_time": 3432,
    "potential": -8.446336331225476,
    "recent_spikes": [
        1,
        0,
        0,
        0,
        0
    ],
    "spike_train": [
        1481799166360908
    ],
    "spiking_rate": 0.20001599590367233,
    "threshold": 30.0
}
