{
    "count_spike": 475,
    "creation_time": 3432,
    "potential": 0.40106861028056795,
    "recent_spikes": [
        0,
        0,
        0,
        0,
        1
    ],
    "spike_train": [
        1481799161790375
    ],
    "spiking_rate": 0.24992,
    "threshold": 30.0
}
