{
    "count_spike": 76,
    "creation_time": 3432,
    "potential": 2.4311989052975904,
    "recent_spikes": [
        0,
        0,
        0,
        0,
        0
    ],
    "spike_train": [],
    "spiking_rate": 0.0007999995904,
    "threshold": 30.0
}
