{
    "count_spike": 415,
    "creation_time": 3432,
    "potential": 11.873060438908773,
    "recent_spikes": [
        0,
        0,
        0,
        0,
        0
    ],
    "spike_train": [],
    "spiking_rate": 0.000111988736,
    "threshold": 30.0
}
