{
    "count_spike": 53,
    "creation_time": 3432,
    "potential": 0.9295079496022656,
    "recent_spikes": [
        0,
        0,
        0,
        0,
        0
    ],
    "spike_train": [],
    "spiking_rate": 4.356749410691847e-11,
    "threshold": 30.0
}
