{
    "count_spike": 7,
    "creation_time": 3432,
    "potential": 0.0036513019557402734,
    "recent_spikes": [
        0,
        0,
        0,
        0,
        0
    ],
    "spike_train": [],
    "spiking_rate": 3.401734765635237e-92,
    "threshold": 30.0
}
