{
    "count_spike": 146,
    "creation_time": 3432,
    "potential": 10.3804462766836,
    "recent_spikes": [
        1,
        0,
        0,
        1,
        1
    ],
    "spike_train": [
        1481799161326959,
        1481799161954464,
        1481799162545835,
        1481799166063632
    ],
    "spiking_rate": 0.749504000040947,
    "threshold": 30.0
}
