{
    "count_spike": 60,
    "creation_time": 3432,
    "potential": 1.5818394922358914,
    "recent_spikes": [
        0,
        0,
        0,
        0,
        0
    ],
    "spike_train": [],
    "spiking_rate": 2.6835093060381284e-22,
    "threshold": 30.0
}
