{
    "count_spike": 48,
    "creation_time": 3432,
    "potential": 0.9043819130399711,
    "recent_spikes": [
        0,
        0,
        0,
        0,
        0
    ],
    "spike_train": [],
    "spiking_rate": 1.01412037799765e-74,
    "threshold": 30.0
}
