{
    "count_spike": 147,
    "creation_time": 3432,
    "potential": 8.225324046531167,
    "recent_spikes": [
        0,
        0,
        0,
        0,
        0
    ],
    "spike_train": [],
    "spiking_rate": 1.829001880667713e-33,
    "threshold": 30.0
}
