{
    "count_spike": 20,
    "creation_time": 3432,
    "potential": 0.3902483405467759,
    "recent_spikes": [
        0,
        0,
        0,
        0,
        0
    ],
    "spike_train": [],
    "spiking_rate": 5.120000000083859e-07,
    "threshold": 30.0
}
