{
    "count_spike": 20,
    "creation_time": 3432,
    "potential": 0.4252977957951462,
    "recent_spikes": [
        0,
        0,
        0,
        0,
        0
    ],
    "spike_train": [],
    "spiking_rate": 1.3739497413242852e-28,
    "threshold": 30.0
}
