{
    "count_spike": 152,
    "creation_time": 3432,
    "potential": 8.208124396300859,
    "recent_spikes": [
        0,
        0,
        0,
        0,
        0
    ],
    "spike_train": [],
    "spiking_rate": 3.275753168808818e-13,
    "threshold": 30.0
}
