{
    "count_spike": 8,
    "creation_time": 3432,
    "potential": 0.308183269055212,
    "recent_spikes": [
        0,
        0,
        0,
        0,
        0
    ],
    "spike_train": [],
    "spiking_rate": 5.44277562501638e-94,
    "threshold": 30.0
}
