{
    "count_spike": 98,
    "creation_time": 3432,
    "potential": 0.007638637318622143,
    "recent_spikes": [
        0,
        0,
        0,
        0,
        0
    ],
    "spike_train": [],
    "spiking_rate": 1.7586556544881788e-33,
    "threshold": 30.0
}
