{
    "count_spike": 73,
    "creation_time": 3432,
    "potential": 0.5969241690038432,
    "recent_spikes": [
        0,
        0,
        0,
        0,
        0
    ],
    "spike_train": [],
    "spiking_rate": 0.0003999997952,
    "threshold": 30.0
}
