{
    "count_spike": 238,
    "creation_time": 3432,
    "potential": 0.82543530366999,
    "recent_spikes": [
        1,
        0,
        0,
        0,
        2
    ],
    "spike_train": [
        1481799160805095,
        1481799160848450,
        1481799160889404,
        1481799160917658,
        1481799160969992,
        1481799161011791,
        1481799161061414,
        1481799161087669,
        1481799161120046,
        1481799161146455,
        1481799161178157,
        1481799161215868,
        1481799161253866,
        1481799161293328,
        1481799161351156,
        1481799161499271,
        1481799162312075,
        1481799166150452
    ],
    "spiking_rate": 1.4496000001228406,
    "threshold": 30.0
}
