{
    "count_spike": 339,
    "creation_time": 3432,
    "potential": 1.225938156494253,
    "recent_spikes": [
        3,
        0,
        0,
        3,
        31
    ],
    "spike_train": [
        1481799161361866,
        1481799161397213,
        1481799161422745,
        1481799161446116,
        1481799161474398,
        1481799161506049,
        1481799161530427,
        1481799161555673,
        1481799161576568,
        1481799161595703,
        1481799161612688,
        1481799161628209,
        1481799161650622,
        1481799161686853,
        1481799161707607,
        1481799161725108,
        1481799161749681,
        1481799161781148,
        1481799161798838,
        1481799161815239,
        1481799161833638,
        1481799161873318,
        1481799161899009,
        1481799161933553,
        1481799161958108,
        1481799161974759,
        1481799161987247,
        1481799161997726,
        1481799162011338,
        1481799162032910,
        1481799162057228,
        1481799162150046,
        1481799163000186,
        1481799163031165,
        1481799163064104,
        1481799166317730,
        1481799166347265,
        1481799166374753,
        1481799166394463,
        1481799166417911,
        1481799166840383,
        1481799166860119,
        1481799166917956,
        1481799166948282
    ],
    "spiking_rate": 9.14633598976,
    "threshold": 30.0
}
