{
    "count_spike": 96,
    "creation_time": 3432,
    "potential": 14.795177315552396,
    "recent_spikes": [
        0,
        0,
        0,
        3,
        4
    ],
    "spike_train": [
        1481799161021337,
        1481799161670795,
        1481799161702765,
        1481799161744799,
        1481799161771584,
        1481799162956459,
        1481799163073134,
        1481799163120541,
        1481799166397875,
        1481799166731533
    ],
    "spiking_rate": 1.7984639999999998,
    "threshold": 30.0
}
