{
    "count_spike": 1382,
    "creation_time": 3432,
    "potential": 0.6831639525798002,
    "recent_spikes": [
        0,
        0,
        0,
        0,
        0
    ],
    "spike_train": [],
    "spiking_rate": 1.4752672892484775e-45,
    "threshold": 30.0
}
