{
    "count_spike": 140,
    "creation_time": 3432,
    "potential": 1.0357423036179074,
    "recent_spikes": [
        0,
        0,
        0,
        0,
        0
    ],
    "spike_train": [
        1481799161134317,
        1481799166888513
    ],
    "spiking_rate": 0.04998400012284068,
    "threshold": 30.0
}
