{
    "count_spike": 896,
    "creation_time": 3432,
    "potential": 0.6912352795880644,
    "recent_spikes": [
        0,
        0,
        0,
        0,
        0
    ],
    "spike_train": [],
    "spiking_rate": 1.4069249557977573e-35,
    "threshold": 30.0
}
