{
    "count_spike": 63,
    "creation_time": 3432,
    "potential": 9.472795649514492,
    "recent_spikes": [
        0,
        0,
        0,
        0,
        1
    ],
    "spike_train": [
        1481799160806224,
        1481799160854656,
        1481799160887704,
        1481799160925502,
        1481799160951791,
        1481799161005334,
        1481799161052753,
        1481799161097842,
        1481799161154633,
        1481799161991338,
        1481799167107404
    ],
    "spiking_rate": 0.6997760001228407,
    "threshold": 30.0
}
