{
    "count_spike": 83,
    "creation_time": 3432,
    "potential": 21.395122605347996,
    "recent_spikes": [
        0,
        0,
        0,
        0,
        0
    ],
    "spike_train": [
        1481799167012793
    ],
    "spiking_rate": 0.0008000251822079998,
    "threshold": 30.0
}
