{
    "count_spike": 9,
    "creation_time": 3432,
    "potential": 0.43552794493313807,
    "recent_spikes": [
        0,
        0,
        0,
        0,
        0
    ],
    "spike_train": [],
    "spiking_rate": 2.0126216749056e-19,
    "threshold": 30.0
}
