{
    "count_spike": 213,
    "creation_time": 3432,
    "potential": 6.114214403653462,
    "recent_spikes": [
        0,
        3,
        3,
        0,
        2
    ],
    "spike_train": [
        1481799160918668,
        1481799160946597,
        1481799161165315,
        1481799161202376,
        1481799161244437,
        1481799161928453,
        1481799161999325,
        1481799164287101,
        1481799164311797,
        1481799164366022,
        1481799164439137,
        1481799164458233,
        1481799164510141,
        1481799167009805
    ],
    "spiking_rate": 2.213760000204734,
    "threshold": 30.0
}
