{
    "count_spike": 56,
    "creation_time": 3432,
    "potential": 1.9802973737925038,
    "recent_spikes": [
        0,
        0,
        0,
        0,
        0
    ],
    "spike_train": [],
    "spiking_rate": 3.16912650046673e-71,
    "threshold": 30.0
}
