{
    "count_spike": 8,
    "creation_time": 3432,
    "potential": 0.13110162628400746,
    "recent_spikes": [
        0,
        0,
        0,
        0,
        0
    ],
    "spike_train": [],
    "spiking_rate": 2.345508849442925e-116,
    "threshold": 30.0
}
