{
    "count_spike": 124,
    "creation_time": 3432,
    "potential": 3.4193261700521065e-05,
    "recent_spikes": [
        0,
        0,
        0,
        0,
        0
    ],
    "spike_train": [],
    "spiking_rate": 0.00200012693504,
    "threshold": 30.0
}
