{
    "count_spike": 260,
    "creation_time": 3432,
    "potential": 3.0133388933026457,
    "recent_spikes": [
        0,
        0,
        0,
        0,
        0
    ],
    "spike_train": [],
    "spiking_rate": 0.0002399970917875712,
    "threshold": 30.0
}
