{
    "count_spike": 182,
    "creation_time": 3432,
    "potential": 2.892086136245511,
    "recent_spikes": [
        0,
        0,
        0,
        0,
        0
    ],
    "spike_train": [],
    "spiking_rate": 5.62774131508354e-37,
    "threshold": 30.0
}
