{
    "count_spike": 62,
    "creation_time": 3432,
    "potential": 0.8782966663604689,
    "recent_spikes": [
        0,
        0,
        0,
        0,
        0
    ],
    "spike_train": [],
    "spiking_rate": 8.793278275322281e-33,
    "threshold": 30.0
}
