{
    "count_spike": 259,
    "creation_time": 3432,
    "potential": 0.23593019118794267,
    "recent_spikes": [
        0,
        0,
        0,
        0,
        0
    ],
    "spike_train": [],
    "spiking_rate": 2.5591808943423126e-08,
    "threshold": 30.0
}
