{
    "count_spike": 206,
    "creation_time": 3432,
    "potential": 1.0437855502097204,
    "recent_spikes": [
        0,
        0,
        0,
        0,
        0
    ],
    "spike_train": [],
    "spiking_rate": 0.0007999997541875711,
    "threshold": 30.0
}
