{
    "count_spike": 252,
    "creation_time": 3432,
    "potential": 0.467050920446128,
    "recent_spikes": [
        0,
        0,
        0,
        0,
        0
    ],
    "spike_train": [],
    "spiking_rate": 2.58374893568e-08,
    "threshold": 30.0
}
