{
    "count_spike": 97,
    "creation_time": 3432,
    "potential": 2.528460371692792,
    "recent_spikes": [
        0,
        0,
        0,
        0,
        0
    ],
    "spike_train": [],
    "spiking_rate": 3.434874325172228e-27,
    "threshold": 30.0
}
