{
    "count_spike": 86,
    "creation_time": 3432,
    "potential": 2.3387706429191053,
    "recent_spikes": [
        0,
        0,
        0,
        0,
        0
    ],
    "spike_train": [],
    "spiking_rate": 1.599999836160198e-05,
    "threshold": 30.0
}
