{
    "count_spike": 9,
    "creation_time": 3432,
    "potential": 1.1739976936202408,
    "recent_spikes": [
        0,
        0,
        0,
        0,
        0
    ],
    "spike_train": [],
    "spiking_rate": 2.3548594667664926e-116,
    "threshold": 30.0
}
