{
    "count_spike": 12,
    "creation_time": 3432,
    "potential": 3.647973993082489,
    "recent_spikes": [
        0,
        0,
        0,
        0,
        0
    ],
    "spike_train": [],
    "spiking_rate": 7.603469712225242e-72,
    "threshold": 30.0
}
