{
    "count_spike": 343,
    "creation_time": 3432,
    "potential": 0.2733904505830753,
    "recent_spikes": [
        4,
        0,
        2,
        10,
        4
    ],
    "spike_train": [
        1481799158560289,
        1481799158603776,
        1481799160844584,
        1481799161397995,
        1481799161514080,
        1481799161598930,
        1481799162016226,
        1481799162562645,
        1481799162640266,
        1481799162663822,
        1481799162689278,
        1481799162739841,
        1481799162753973,
        1481799162974835,
        1481799163044165,
        1481799163112568,
        1481799163156604,
        1481799163955868,
        1481799164129659,
        1481799166116734,
        1481799166155690,
        1481799166212011,
        1481799166299407,
        1481799166643601,
        1481799166729559,
        1481799166886371
    ],
    "spiking_rate": 4.845678715985566,
    "threshold": 30.0
}
