{
    "count_spike": 23,
    "creation_time": 3432,
    "potential": 0.9850781266292721,
    "recent_spikes": [
        0,
        0,
        0,
        0,
        0
    ],
    "spike_train": [],
    "spiking_rate": 1.6771848444997771e-19,
    "threshold": 30.0
}
