{
    "count_spike": 198,
    "creation_time": 3432,
    "potential": 2.4184545819908037,
    "recent_spikes": [
        0,
        0,
        12,
        14,
        3
    ],
    "spike_train": [
        1481799158638761,
        1481799158689454,
        1481799161525088,
        1481799161612435,
        1481799161729575,
        1481799162560787,
        1481799162585612,
        1481799162690542,
        1481799162750401,
        1481799162776241,
        1481799162793003,
        1481799162815645,
        1481799162828601,
        1481799162856856,
        1481799162904435,
        1481799162932647,
        1481799162964519,
        1481799163033543,
        1481799163066912,
        1481799163717471,
        1481799163846906,
        1481799163870972,
        1481799163894610,
        1481799163916629,
        1481799163949197,
        1481799163983420,
        1481799164007856,
        1481799164037207,
        1481799164116116,
        1481799164154874,
        1481799164180981,
        1481799166620935,
        1481799166656136,
        1481799166679003,
        1481799166733399
    ],
    "spiking_rate": 7.224190709882841,
    "threshold": 30.0
}
