{
    "count_spike": 149,
    "creation_time": 3432,
    "potential": 2.6930907580614702,
    "recent_spikes": [
        0,
        0,
        0,
        0,
        0
    ],
    "spike_train": [],
    "spiking_rate": 8.793841043979618e-33,
    "threshold": 30.0
}
