{
    "count_spike": 192,
    "creation_time": 3432,
    "potential": 2.575727472885215,
    "recent_spikes": [
        1,
        0,
        0,
        0,
        8
    ],
    "spike_train": [
        1481799158548923,
        1481799161086784,
        1481799161126623,
        1481799161161120,
        1481799161193860,
        1481799161223716,
        1481799161317446,
        1481799161341237,
        1481799161365717,
        1481799161394931,
        1481799161429466,
        1481799161458714,
        1481799161483378,
        1481799161507291,
        1481799161528695,
        1481799161557572,
        1481799161596321,
        1481799166383452
    ],
    "spiking_rate": 2.601231360163788,
    "threshold": 30.0
}
