{
    "count_spike": 78,
    "creation_time": 3432,
    "potential": 0.5905923758013925,
    "recent_spikes": [
        0,
        0,
        0,
        0,
        0
    ],
    "spike_train": [
        1481799161126674,
        1481799161189302
    ],
    "spiking_rate": 0.0999999948783616,
    "threshold": 30.0
}
