{
    "count_spike": 36,
    "creation_time": 3432,
    "potential": 0.9041953202750903,
    "recent_spikes": [
        0,
        0,
        0,
        0,
        0
    ],
    "spike_train": [],
    "spiking_rate": 1.37394973006889e-28,
    "threshold": 30.0
}
