{
    "count_spike": 553,
    "creation_time": 3432,
    "potential": 5.4669850437458525,
    "recent_spikes": [
        1,
        0,
        0,
        1,
        16
    ],
    "spike_train": [
        1481799161138076,
        1481799161188049,
        1481799161209703,
        1481799161247087,
        1481799161283625,
        1481799161342769,
        1481799161368738,
        1481799161389946,
        1481799161411083,
        1481799161428597,
        1481799161446320,
        1481799161466733,
        1481799161510588,
        1481799161557802,
        1481799161582236,
        1481799161605016,
        1481799161625596,
        1481799161678783,
        1481799161704393,
        1481799161727907,
        1481799161748737,
        1481799161775899,
        1481799161827298,
        1481799161926009,
        1481799162784376,
        1481799166115978,
        1481799166628493,
        1481799166655260
    ],
    "spiking_rate": 4.8481920001228405,
    "threshold": 30.0
}
