{
    "count_spike": 346,
    "creation_time": 3432,
    "potential": -9.712885945207432,
    "recent_spikes": [
        0,
        1,
        0,
        0,
        3
    ],
    "spike_train": [
        1481799158985326,
        1481799159235679,
        1481799160838144,
        1481799161084380,
        1481799161102832,
        1481799161550742,
        1481799161703164,
        1481799161756972,
        1481799164453352
    ],
    "spiking_rate": 1.143710720409469,
    "threshold": 30.0
}
