{
    "count_spike": 64,
    "creation_time": 3432,
    "potential": 2.753623383320757e-10,
    "recent_spikes": [
        0,
        0,
        0,
        0,
        0
    ],
    "spike_train": [],
    "spiking_rate": 4.610210278901492e-46,
    "threshold": 30.0
}
