{
    "count_spike": 516,
    "creation_time": 3432,
    "potential": 1.5707439665323188,
    "recent_spikes": [
        3,
        0,
        4,
        8,
        3
    ],
    "spike_train": [
        1481799158643537,
        1481799158786452,
        1481799158806588,
        1481799158846110,
        1481799158931085,
        1481799159138992,
        1481799159340310,
        1481799160845959,
        1481799160877299,
        1481799161721186,
        1481799161775209,
        1481799161908786,
        1481799162823630,
        1481799162863280,
        1481799162985059,
        1481799163030205,
        1481799163063593,
        1481799163170376,
        1481799163196215,
        1481799163225195,
        1481799163967623,
        1481799163999503,
        1481799164026912,
        1481799164296146,
        1481799166158650,
        1481799166345199,
        1481799166379341,
        1481799166464944,
        1481799166507105,
        1481799166589649,
        1481799166769463,
        1481799166790498,
        1481799166891452,
        1481799166933511,
        1481799166957770,
        1481799166978533
    ],
    "spiking_rate": 4.45253952040783,
    "threshold": 30.0
}
