{
    "count_spike": 394,
    "creation_time": 3432,
    "potential": 0.2901532940087295,
    "recent_spikes": [
        0,
        0,
        0,
        0,
        0
    ],
    "spike_train": [],
    "spiking_rate": 2.5591808000167713e-08,
    "threshold": 30.0
}
