{
    "count_spike": 29,
    "creation_time": 3432,
    "potential": 0.06985365093973059,
    "recent_spikes": [
        0,
        0,
        0,
        0,
        0
    ],
    "spike_train": [],
    "spiking_rate": 2.3376543308987998e-116,
    "threshold": 30.0
}
