{
    "count_spike": 14,
    "creation_time": 3432,
    "potential": 5.379361079880596,
    "recent_spikes": [
        0,
        0,
        0,
        0,
        0
    ],
    "spike_train": [],
    "spiking_rate": 5.758361062052297e-74,
    "threshold": 30.0
}
