{
    "count_spike": 36,
    "creation_time": 3432,
    "potential": 0.18348656812239109,
    "recent_spikes": [
        0,
        0,
        0,
        0,
        0
    ],
    "spike_train": [],
    "spiking_rate": 1.2795904000006708e-07,
    "threshold": 30.0
}
