{
    "count_spike": 95,
    "creation_time": 3432,
    "potential": 0.6057925584135395,
    "recent_spikes": [
        0,
        0,
        0,
        0,
        0
    ],
    "spike_train": [],
    "spiking_rate": 1.1775508480000334e-06,
    "threshold": 30.0
}
