{
    "count_spike": 111,
    "creation_time": 3432,
    "potential": 7.503808422246984,
    "recent_spikes": [
        0,
        0,
        0,
        0,
        0
    ],
    "spike_train": [],
    "spiking_rate": 4.220773570771628e-35,
    "threshold": 30.0
}
