{
    "count_spike": 153,
    "creation_time": 3432,
    "potential": 2.1564151200527677,
    "recent_spikes": [
        0,
        0,
        0,
        0,
        0
    ],
    "spike_train": [],
    "spiking_rate": 7.999999967232e-05,
    "threshold": 30.0
}
