{
    "count_spike": 331,
    "creation_time": 3432,
    "potential": 2.300680060539191e-133,
    "recent_spikes": [
        0,
        0,
        0,
        0,
        0
    ],
    "spike_train": [],
    "spiking_rate": 1.7586556573695594e-33,
    "threshold": 30.0
}
