{
    "count_spike": 22,
    "creation_time": 3432,
    "potential": 0.2475924446736228,
    "recent_spikes": [
        0,
        0,
        0,
        0,
        0
    ],
    "spike_train": [],
    "spiking_rate": 3.740246929773882e-120,
    "threshold": 30.0
}
