{
    "count_spike": 203,
    "creation_time": 3432,
    "potential": 12.308950052643878,
    "recent_spikes": [
        4,
        0,
        0,
        10,
        17
    ],
    "spike_train": [
        1481799161251343,
        1481799161285655,
        1481799161311497,
        1481799161348424,
        1481799161400142,
        1481799161425825,
        1481799161458029,
        1481799161475669,
        1481799161491125,
        1481799161507031,
        1481799161537651,
        1481799161558325,
        1481799161577797,
        1481799161599577,
        1481799161629612,
        1481799161651018,
        1481799161670132,
        1481799161927145,
        1481799161998691,
        1481799162296130,
        1481799162353191,
        1481799162405217,
        1481799162437374,
        1481799162481336,
        1481799162508609,
        1481799162526936,
        1481799162543683,
        1481799162643475,
        1481799162666903,
        1481799162690861,
        1481799162880967,
        1481799165978514,
        1481799166009069,
        1481799166033838,
        1481799166287376,
        1481799166435856,
        1481799166461277
    ],
    "spiking_rate": 7.744576000081894,
    "threshold": 30.0
}
