{
    "count_spike": 235,
    "creation_time": 3432,
    "potential": 0.8672861687167523,
    "recent_spikes": [
        0,
        0,
        0,
        0,
        0
    ],
    "spike_train": [],
    "spiking_rate": 3.1999918080013423e-06,
    "threshold": 30.0
}
