{
    "count_spike": 438,
    "creation_time": 3432,
    "potential": 1.5883949285614651,
    "recent_spikes": [
        4,
        0,
        0,
        1,
        20
    ],
    "spike_train": [
        1481799158616267,
        1481799160289190,
        1481799160340935,
        1481799160384139,
        1481799160509075,
        1481799160547848,
        1481799160594020,
        1481799161128337,
        1481799161157360,
        1481799161184660,
        1481799161210864,
        1481799161238082,
        1481799161269847,
        1481799161297014,
        1481799161323710,
        1481799161344879,
        1481799161368713,
        1481799161389729,
        1481799161409214,
        1481799161428404,
        1481799161446170,
        1481799161466522,
        1481799161487560,
        1481799161510386,
        1481799161535190,
        1481799161558478,
        1481799161576756,
        1481799161602719,
        1481799161630713,
        1481799161663522,
        1481799161695022,
        1481799161716636,
        1481799161735003,
        1481799161755127,
        1481799161772077,
        1481799161794440,
        1481799161885396,
        1481799161911671,
        1481799162522532,
        1481799165998436,
        1481799166033948,
        1481799166063093,
        1481799166091496,
        1481799166493019,
        1481799166591421,
        1481799166617570,
        1481799166638510,
        1481799166670105
    ],
    "spiking_rate": 6.779766272163788,
    "threshold": 30.0
}
