{
    "count_spike": 28,
    "creation_time": 3432,
    "potential": 0.3209079946686617,
    "recent_spikes": [
        0,
        0,
        0,
        0,
        0
    ],
    "spike_train": [],
    "spiking_rate": 4.396639136220448e-28,
    "threshold": 30.0
}
