{
    "count_spike": 175,
    "creation_time": 3432,
    "potential": -5.14493342895181,
    "recent_spikes": [
        0,
        0,
        0,
        0,
        0
    ],
    "spike_train": [],
    "spiking_rate": 4.396920521125164e-32,
    "threshold": 30.0
}
