{
    "count_spike": 71,
    "creation_time": 3432,
    "potential": 5.672463575666547,
    "recent_spikes": [
        0,
        0,
        0,
        0,
        1
    ],
    "spike_train": [
        1481799161421678
    ],
    "spiking_rate": 0.24992,
    "threshold": 30.0
}
