{
    "count_spike": 6,
    "creation_time": 3432,
    "potential": 1.399706394827238,
    "recent_spikes": [
        0,
        0,
        0,
        0,
        0
    ],
    "spike_train": [],
    "spiking_rate": 1.6771847290880006e-19,
    "threshold": 30.0
}
