{
    "count_spike": 164,
    "creation_time": 3432,
    "potential": 0.4643478444541735,
    "recent_spikes": [
        0,
        0,
        0,
        1,
        0
    ],
    "spike_train": [
        1481799162856233
    ],
    "spiking_rate": 0.249695993856,
    "threshold": 30.0
}
