{
    "count_spike": 191,
    "creation_time": 3432,
    "potential": 4.431289459387759,
    "recent_spikes": [
        0,
        0,
        0,
        0,
        0
    ],
    "spike_train": [
        1481799158787635,
        1481799158843184,
        1481799159390462,
        1481799166815239
    ],
    "spiking_rate": 0.0060140750847344675,
    "threshold": 30.0
}
