{
    "count_spike": 71,
    "creation_time": 3432,
    "potential": 0.2679599219841966,
    "recent_spikes": [
        0,
        0,
        0,
        0,
        0
    ],
    "spike_train": [
        1481799158670979
    ],
    "spiking_rate": 0.00199936,
    "threshold": 30.0
}
