{
    "count_spike": 199,
    "creation_time": 3432,
    "potential": 0.47971300694089725,
    "recent_spikes": [
        0,
        0,
        0,
        0,
        0
    ],
    "spike_train": [],
    "spiking_rate": 8.189619655640243e-10,
    "threshold": 30.0
}
