{
    "count_spike": 27,
    "creation_time": 3432,
    "potential": 0.5317795157995204,
    "recent_spikes": [
        0,
        0,
        0,
        0,
        0
    ],
    "spike_train": [
        1481799166611959,
        1481799166651293,
        1481799166684810,
        1481799166741737
    ],
    "spiking_rate": 1.637875712e-10,
    "threshold": 30.0
}
