{
    "count_spike": 163,
    "creation_time": 3432,
    "potential": 2.1284886728265384,
    "recent_spikes": [
        0,
        0,
        1,
        0,
        0
    ],
    "spike_train": [
        1481799161310532,
        1481799164115278
    ],
    "spiking_rate": 0.297984,
    "threshold": 30.0
}
