{
    "count_spike": 150,
    "creation_time": 3432,
    "potential": 1.3842600829317195,
    "recent_spikes": [
        0,
        0,
        0,
        0,
        0
    ],
    "spike_train": [
        1481799161128843
    ],
    "spiking_rate": 0.049984,
    "threshold": 30.0
}
