{
    "count_spike": 71,
    "creation_time": 3432,
    "potential": 1.3902108966377682,
    "recent_spikes": [
        0,
        0,
        0,
        0,
        0
    ],
    "spike_train": [],
    "spiking_rate": 2.885991646394775e-43,
    "threshold": 30.0
}
