{
    "count_spike": 58,
    "creation_time": 3432,
    "potential": 0.6582084097900327,
    "recent_spikes": [
        0,
        0,
        0,
        0,
        0
    ],
    "spike_train": [],
    "spiking_rate": 1.637875712e-10,
    "threshold": 30.0
}
