{
    "count_spike": 51,
    "creation_time": 3432,
    "potential": 1.0560402431541962,
    "recent_spikes": [
        0,
        0,
        0,
        0,
        0
    ],
    "spike_train": [],
    "spiking_rate": 1.759218424297615e-33,
    "threshold": 30.0
}
