{
    "count_spike": 256,
    "creation_time": 3432,
    "potential": 8.64877355096981,
    "recent_spikes": [
        0,
        0,
        0,
        0,
        0
    ],
    "spike_train": [],
    "spiking_rate": 9.599385600000084e-05,
    "threshold": 30.0
}
