{
    "count_spike": 172,
    "creation_time": 3432,
    "potential": 0.291722183271096,
    "recent_spikes": [
        0,
        0,
        0,
        0,
        0
    ],
    "spike_train": [
        1481799160887107,
        1481799160931123,
        1481799160970319,
        1481799161002711,
        1481799161033420,
        1481799161079132,
        1481799161107733,
        1481799161153550,
        1481799161187502,
        1481799161216297,
        1481799161250929,
        1481799161289850,
        1481799161319545,
        1481799161347784,
        1481799161377193
    ],
    "spiking_rate": 0.74976,
    "threshold": 30.0
}
