{
    "count_spike": 54,
    "creation_time": 3432,
    "potential": 0.9762721072475696,
    "recent_spikes": [
        0,
        0,
        0,
        0,
        0
    ],
    "spike_train": [],
    "spiking_rate": 3.5672057201666723e-106,
    "threshold": 30.0
}
