{
    "count_spike": 31,
    "creation_time": 3432,
    "potential": 0.10914323251944816,
    "recent_spikes": [
        0,
        0,
        0,
        0,
        0
    ],
    "spike_train": [],
    "spiking_rate": 2.3455088494437206e-116,
    "threshold": 30.0
}
