{
    "count_spike": 59,
    "creation_time": 3432,
    "potential": 0.28880979747053276,
    "recent_spikes": [
        2,
        0,
        0,
        1,
        0
    ],
    "spike_train": [
        1481799160450136,
        1481799162567546,
        1481799166083745,
        1481799166388097
    ],
    "spiking_rate": 0.69959999488,
    "threshold": 30.0
}
