{
    "count_spike": 6,
    "creation_time": 3432,
    "potential": 0.19928565326557982,
    "recent_spikes": [
        0,
        0,
        0,
        0,
        0
    ],
    "spike_train": [],
    "spiking_rate": 1.426790973444294e-107,
    "threshold": 30.0
}
