{
    "count_spike": 421,
    "creation_time": 3432,
    "potential": 7.821410535026051,
    "recent_spikes": [
        4,
        0,
        0,
        14,
        8
    ],
    "spike_train": [
        1481799158624026,
        1481799158807315,
        1481799158864894,
        1481799161513914,
        1481799161546693,
        1481799161572630,
        1481799161713012,
        1481799161748441,
        1481799161876523,
        1481799161901455,
        1481799162163717,
        1481799162537859,
        1481799162631716,
        1481799162672953,
        1481799162705535,
        1481799162732479,
        1481799162747751,
        1481799162762636,
        1481799162867623,
        1481799162887612,
        1481799162907738,
        1481799162927135,
        1481799162970083,
        1481799163068168,
        1481799163100022,
        1481799166147615,
        1481799166246873,
        1481799166302244,
        1481799166325223,
        1481799166580238,
        1481799166613773,
        1481799166642195,
        1481799166657675,
        1481799166679032,
        1481799166699596,
        1481799166985150
    ],
    "spiking_rate": 6.299758080040947,
    "threshold": 30.0
}
