{
    "count_spike": 614,
    "creation_time": 3432,
    "potential": 6.157636066397812,
    "recent_spikes": [
        0,
        0,
        0,
        0,
        1
    ],
    "spike_train": [
        1481799159062165,
        1481799159107723,
        1481799159120236,
        1481799159153305,
        1481799159203786,
        1481799159242196,
        1481799159256782,
        1481799160832049,
        1481799160892460,
        1481799160928024,
        1481799160944031,
        1481799160968873,
        1481799161025787,
        1481799161050506,
        1481799161082507,
        1481799161102970,
        1481799161122318,
        1481799161164293,
        1481799161185826,
        1481799161212693,
        1481799161260547,
        1481799161275963,
        1481799161296878,
        1481799161581411
    ],
    "spiking_rate": 1.0637276979199999,
    "threshold": 30.0
}
