{
    "count_spike": 11,
    "creation_time": 3432,
    "potential": 0.6508387236270684,
    "recent_spikes": [
        0,
        0,
        0,
        0,
        0
    ],
    "spike_train": [],
    "spiking_rate": 2.3571036149241442e-116,
    "threshold": 30.0
}
