{
    "count_spike": 257,
    "creation_time": 3432,
    "potential": 0.09966551593224805,
    "recent_spikes": [
        0,
        0,
        0,
        0,
        0
    ],
    "spike_train": [],
    "spiking_rate": 8.793278272729029e-33,
    "threshold": 30.0
}
