{
    "count_spike": 242,
    "creation_time": 3432,
    "potential": 0.6240578232724592,
    "recent_spikes": [
        0,
        0,
        0,
        0,
        0
    ],
    "spike_train": [],
    "spiking_rate": 5.973695112749076e-125,
    "threshold": 30.0
}
