{
    "count_spike": 64,
    "creation_time": 3432,
    "potential": 1.3746987829311152,
    "recent_spikes": [
        0,
        0,
        0,
        0,
        0
    ],
    "spike_train": [],
    "spiking_rate": 4.610210279052558e-46,
    "threshold": 30.0
}
