{
    "count_spike": 220,
    "creation_time": 3432,
    "potential": 1.1959764401883917,
    "recent_spikes": [
        0,
        0,
        0,
        0,
        0
    ],
    "spike_train": [],
    "spiking_rate": 0.0007999995904,
    "threshold": 30.0
}
