{
    "count_spike": 131,
    "creation_time": 3432,
    "potential": 9.330623841105934,
    "recent_spikes": [
        0,
        0,
        1,
        0,
        0
    ],
    "spike_train": [
        1481799163906768
    ],
    "spiking_rate": 0.24801599487999998,
    "threshold": 30.0
}
