{
    "count_spike": 94,
    "creation_time": 3432,
    "potential": 1.8480977723997074,
    "recent_spikes": [
        0,
        0,
        0,
        0,
        0
    ],
    "spike_train": [],
    "spiking_rate": 3.2776801864384516e-13,
    "threshold": 30.0
}
