{
    "count_spike": 6,
    "creation_time": 3432,
    "potential": 0.39178228286059547,
    "recent_spikes": [
        0,
        0,
        0,
        0,
        0
    ],
    "spike_train": [],
    "spiking_rate": 1.1763076593044156e-116,
    "threshold": 30.0
}
