{
    "count_spike": 641,
    "creation_time": 3432,
    "potential": 3.0529668144928994,
    "recent_spikes": [
        0,
        0,
        0,
        0,
        2
    ],
    "spike_train": [
        1481799161784799,
        1481799161896558
    ],
    "spiking_rate": 0.49988798464000006,
    "threshold": 30.0
}
