{
    "count_spike": 143,
    "creation_time": 3432,
    "potential": 0.6888506171232579,
    "recent_spikes": [
        0,
        0,
        0,
        2,
        1
    ],
    "spike_train": [
        1481799158654950,
        1481799161456996,
        1481799162913730,
        1481799162928174
    ],
    "spiking_rate": 0.7511353550847344,
    "threshold": 30.0
}
