{
    "count_spike": 403,
    "creation_time": 3432,
    "potential": 7.729685458965347,
    "recent_spikes": [
        1,
        0,
        0,
        0,
        1
    ],
    "spike_train": [
        1481799159197636,
        1481799159206346,
        1481799160780788,
        1481799160882198,
        1481799161533437,
        1481799166242958,
        1481799166538701,
        1481799166557442
    ],
    "spiking_rate": 0.5539027150847344,
    "threshold": 30.0
}
