{
    "count_spike": 487,
    "creation_time": 3432,
    "potential": 0.7240581281554349,
    "recent_spikes": [
        0,
        0,
        0,
        0,
        0
    ],
    "spike_train": [],
    "spiking_rate": 3.8404090757120005e-07,
    "threshold": 30.0
}
