{
    "count_spike": 23,
    "creation_time": 3432,
    "potential": 0.47152986281619325,
    "recent_spikes": [
        0,
        0,
        0,
        0,
        0
    ],
    "spike_train": [],
    "spiking_rate": 1.637875712e-10,
    "threshold": 30.0
}
