{
    "count_spike": 139,
    "creation_time": 3432,
    "potential": 7.806142271089163,
    "recent_spikes": [
        0,
        0,
        0,
        0,
        0
    ],
    "spike_train": [
        1481799160705510,
        1481799166807716
    ],
    "spiking_rate": 0.049999995985566106,
    "threshold": 30.0
}
