{
    "count_spike": 9,
    "creation_time": 3432,
    "potential": 0.7107055292713302,
    "recent_spikes": [
        0,
        0,
        0,
        0,
        0
    ],
    "spike_train": [],
    "spiking_rate": 8.385923645440003e-19,
    "threshold": 30.0
}
