{
    "count_spike": 35,
    "creation_time": 3432,
    "potential": 0.17564196251317438,
    "recent_spikes": [
        0,
        0,
        0,
        0,
        0
    ],
    "spike_train": [],
    "spiking_rate": 1.1815967819284903e-27,
    "threshold": 30.0
}
