{
    "count_spike": 183,
    "creation_time": 3432,
    "potential": 3.932718789165732e-106,
    "recent_spikes": [
        0,
        0,
        0,
        0,
        0
    ],
    "spike_train": [],
    "spiking_rate": 3.51843685176521e-33,
    "threshold": 30.0
}
