{
    "count_spike": 42,
    "creation_time": 3432,
    "potential": 0.21627795133680042,
    "recent_spikes": [
        0,
        0,
        0,
        0,
        0
    ],
    "spike_train": [],
    "spiking_rate": 2.8028574493405344e-27,
    "threshold": 30.0
}
