{
    "count_spike": 252,
    "creation_time": 3432,
    "potential": 0.23263241696005435,
    "recent_spikes": [
        0,
        0,
        0,
        0,
        0
    ],
    "spike_train": [],
    "spiking_rate": 2.8813814243135814e-43,
    "threshold": 30.0
}
