{
    "count_spike": 121,
    "creation_time": 3432,
    "potential": 0.00037088713252082534,
    "recent_spikes": [
        0,
        0,
        0,
        0,
        0
    ],
    "spike_train": [],
    "spiking_rate": 2.5591808000335435e-08,
    "threshold": 30.0
}
