{
    "count_spike": 685,
    "creation_time": 3432,
    "potential": 6.22944649920682,
    "recent_spikes": [
        2,
        0,
        1,
        5,
        1
    ],
    "spike_train": [
        1481799158985455,
        1481799159076573,
        1481799159167162,
        1481799159175458,
        1481799159383820,
        1481799161985594,
        1481799162795186,
        1481799162907262,
        1481799163062591,
        1481799163206465,
        1481799163231890,
        1481799164053847,
        1481799166299468,
        1481799166323094,
        1481799166481952,
        1481799166495011,
        1481799166767779,
        1481799166823137,
        1481799166840195,
        1481799167004598
    ],
    "spiking_rate": 2.15593433088,
    "threshold": 30.0
}
