{
    "count_spike": 149,
    "creation_time": 3432,
    "potential": 7.268350584529024,
    "recent_spikes": [
        0,
        0,
        1,
        1,
        2
    ],
    "spike_train": [
        1481799160760127,
        1481799160793881,
        1481799161045307,
        1481799161078196,
        1481799161778070,
        1481799161913909,
        1481799163121711,
        1481799164160655
    ],
    "spiking_rate": 1.197376,
    "threshold": 30.0
}
