{
    "count_spike": 238,
    "creation_time": 3432,
    "potential": 2.105354045521306,
    "recent_spikes": [
        0,
        0,
        0,
        0,
        0
    ],
    "spike_train": [],
    "spiking_rate": 1.180228938135823e-51,
    "threshold": 30.0
}
