{
    "count_spike": 230,
    "creation_time": 3432,
    "potential": 3.466824036520716,
    "recent_spikes": [
        3,
        0,
        0,
        2,
        10
    ],
    "spike_train": [
        1481799158831325,
        1481799160422493,
        1481799160998170,
        1481799161033409,
        1481799161063944,
        1481799161088306,
        1481799161116265,
        1481799161141721,
        1481799161164531,
        1481799161189234,
        1481799161213960,
        1481799161241150,
        1481799161264154,
        1481799161287376,
        1481799161309605,
        1481799161337955,
        1481799161369138,
        1481799161398958,
        1481799161428866,
        1481799161489239,
        1481799161517736,
        1481799161539518,
        1481799161556816,
        1481799161576766,
        1481799161602487,
        1481799161629601,
        1481799161738358,
        1481799162566876,
        1481799162607914,
        1481799165775217,
        1481799165819119,
        1481799165843777,
        1481799166408015,
        1481799166447679,
        1481799166484014
    ],
    "spiking_rate": 4.400143360163788,
    "threshold": 30.0
}
