{
    "count_spike": 86,
    "creation_time": 3432,
    "potential": 2.845344343432013,
    "recent_spikes": [
        0,
        0,
        0,
        0,
        0
    ],
    "spike_train": [],
    "spiking_rate": 3.021347408380886e-56,
    "threshold": 30.0
}
