{
    "count_spike": 83,
    "creation_time": 3432,
    "potential": 7.735879701126479,
    "recent_spikes": [
        2,
        0,
        0,
        0,
        1
    ],
    "spike_train": [
        1481799161443442,
        1481799166213885,
        1481799166293979,
        1481799166608248
    ],
    "spiking_rate": 0.6499200010236723,
    "threshold": 30.0
}
