{
    "count_spike": 533,
    "creation_time": 3432,
    "potential": 0.3603632193824617,
    "recent_spikes": [
        0,
        0,
        0,
        0,
        0
    ],
    "spike_train": [],
    "spiking_rate": 2.560409206784001e-07,
    "threshold": 30.0
}
