{
    "count_spike": 134,
    "creation_time": 3432,
    "potential": 1.5402011907835145,
    "recent_spikes": [
        0,
        0,
        0,
        0,
        0
    ],
    "spike_train": [
        1481799158891021,
        1481799160475254,
        1481799161045247,
        1481799161080321,
        1481799161133307
    ],
    "spiking_rate": 0.2019353600409469,
    "threshold": 30.0
}
