{
    "count_spike": 1145,
    "creation_time": 3432,
    "potential": 0.4722807283843621,
    "recent_spikes": [
        0,
        0,
        0,
        0,
        0
    ],
    "spike_train": [],
    "spiking_rate": 5.683020509785559e-07,
    "threshold": 30.0
}
