{
    "count_spike": 21,
    "creation_time": 3432,
    "potential": 5.283397934277308,
    "recent_spikes": [
        0,
        0,
        0,
        0,
        0
    ],
    "spike_train": [],
    "spiking_rate": 5.707163893777176e-109,
    "threshold": 30.0
}
