{
    "count_spike": 61,
    "creation_time": 3432,
    "potential": 1.5448282033169354,
    "recent_spikes": [
        0,
        0,
        0,
        2,
        0
    ],
    "spike_train": [
        1481799160567089,
        1481799162674630,
        1481799162766983
    ],
    "spiking_rate": 0.5491840010236724,
    "threshold": 30.0
}
