{
    "count_spike": 143,
    "creation_time": 3432,
    "potential": 1.1965409010821448,
    "recent_spikes": [
        0,
        0,
        0,
        0,
        0
    ],
    "spike_train": [],
    "spiking_rate": 1.5994880000000837e-05,
    "threshold": 30.0
}
