{
    "count_spike": 71,
    "creation_time": 3432,
    "potential": 0.21426453400215917,
    "recent_spikes": [
        1,
        0,
        0,
        0,
        0
    ],
    "spike_train": [
        1481799160755793,
        1481799165479469,
        1481799167013555
    ],
    "spiking_rate": 0.24998399999999998,
    "threshold": 30.0
}
