{
    "count_spike": 83,
    "creation_time": 3432,
    "potential": 0.0876433028521925,
    "recent_spikes": [
        0,
        0,
        0,
        0,
        0
    ],
    "spike_train": [],
    "spiking_rate": 1.677184729088018e-19,
    "threshold": 30.0
}
