{
    "count_spike": 88,
    "creation_time": 3432,
    "potential": 3.649777593579343,
    "recent_spikes": [
        1,
        0,
        1,
        0,
        2
    ],
    "spike_train": [
        1481799161488777,
        1481799161554232,
        1481799163818616,
        1481799166032173
    ],
    "spiking_rate": 0.94784,
    "threshold": 30.0
}
