{
    "count_spike": 1,
    "creation_time": 3432,
    "potential": 1.1534384310232046,
    "recent_spikes": [
        0,
        0,
        0,
        0,
        0
    ],
    "spike_train": [],
    "spiking_rate": 1.7912224190882457e-242,
    "threshold": 30.0
}
