{
    "count_spike": 83,
    "creation_time": 3432,
    "potential": 0.5670762691570047,
    "recent_spikes": [
        0,
        0,
        0,
        0,
        0
    ],
    "spike_train": [],
    "spiking_rate": 0.0003999998361468927,
    "threshold": 30.0
}
