{
    "count_spike": 322,
    "creation_time": 3432,
    "potential": 6.049020715168992,
    "recent_spikes": [
        3,
        0,
        0,
        2,
        1
    ],
    "spike_train": [
        1481799158581258,
        1481799158858297,
        1481799158880829,
        1481799158904871,
        1481799158935480,
        1481799158953843,
        1481799159009272,
        1481799159381029,
        1481799160061962,
        1481799162349443,
        1481799162609974,
        1481799163119079,
        1481799166324342,
        1481799166359383,
        1481799166387175,
        1481799166481711
    ],
    "spiking_rate": 1.37511168,
    "threshold": 30.0
}
