{
    "count_spike": 193,
    "creation_time": 3432,
    "potential": 0.09333446065389106,
    "recent_spikes": [
        0,
        0,
        0,
        0,
        0
    ],
    "spike_train": [],
    "spiking_rate": 2.559364242083098e-08,
    "threshold": 30.0
}
