{
    "count_spike": 46,
    "creation_time": 3432,
    "potential": 0.6851666650720692,
    "recent_spikes": [
        0,
        0,
        0,
        0,
        0
    ],
    "spike_train": [],
    "spiking_rate": 8.793841043691024e-33,
    "threshold": 30.0
}
