{
    "count_spike": 252,
    "creation_time": 3432,
    "potential": 0.28225311462966396,
    "recent_spikes": [
        0,
        0,
        0,
        0,
        0
    ],
    "spike_train": [],
    "spiking_rate": 2.881381483324275e-43,
    "threshold": 30.0
}
