{
    "count_spike": 119,
    "creation_time": 3432,
    "potential": 0.6575060461443059,
    "recent_spikes": [
        0,
        0,
        0,
        0,
        0
    ],
    "spike_train": [],
    "spiking_rate": 2.813849047181086e-35,
    "threshold": 30.0
}
