{
    "count_spike": 105,
    "creation_time": 3432,
    "potential": 4.783518045096487,
    "recent_spikes": [
        0,
        0,
        0,
        0,
        0
    ],
    "spike_train": [],
    "spiking_rate": 5.366991133081602e-22,
    "threshold": 30.0
}
