{
    "count_spike": 23,
    "creation_time": 3432,
    "potential": 0.2949770825976196,
    "recent_spikes": [
        0,
        0,
        0,
        0,
        0
    ],
    "spike_train": [
        1481799160535069
    ],
    "spiking_rate": 0.049984,
    "threshold": 30.0
}
