{
    "count_spike": 82,
    "creation_time": 3432,
    "potential": 0.16652555162165308,
    "recent_spikes": [
        0,
        0,
        0,
        0,
        0
    ],
    "spike_train": [],
    "spiking_rate": 3.434874325172225e-27,
    "threshold": 30.0
}
