{
    "count_spike": 110,
    "creation_time": 3432,
    "potential": 0.06797917099036868,
    "recent_spikes": [
        0,
        0,
        0,
        0,
        0
    ],
    "spike_train": [],
    "spiking_rate": 2.620601139200001e-15,
    "threshold": 30.0
}
