{
    "count_spike": 36,
    "creation_time": 3432,
    "potential": 5.107220932542165,
    "recent_spikes": [
        0,
        0,
        0,
        0,
        0
    ],
    "spike_train": [],
    "spiking_rate": 3.354369458176001e-20,
    "threshold": 30.0
}
