{
    "count_spike": 228,
    "creation_time": 3432,
    "potential": 2.718535830381325,
    "recent_spikes": [
        2,
        0,
        0,
        1,
        9
    ],
    "spike_train": [
        1481799160891497,
        1481799160916126,
        1481799160939972,
        1481799160963040,
        1481799160990106,
        1481799161014086,
        1481799161047640,
        1481799161093228,
        1481799161135804,
        1481799161161745,
        1481799161190341,
        1481799161214179,
        1481799161236088,
        1481799161263844,
        1481799161287020,
        1481799161316783,
        1481799161345091,
        1481799161369231,
        1481799161396474,
        1481799161419530,
        1481799161444309,
        1481799161475105,
        1481799161529515,
        1481799162105614,
        1481799162145915,
        1481799162178227,
        1481799162384549,
        1481799162422324,
        1481799166228907,
        1481799166263960
    ],
    "spiking_rate": 3.798592000163788,
    "threshold": 30.0
}
