{
    "count_spike": 12,
    "creation_time": 3432,
    "potential": 1.5062957172160265,
    "recent_spikes": [
        0,
        0,
        0,
        0,
        0
    ],
    "spike_train": [
        1481799166997308
    ],
    "spiking_rate": 1.6771847290880006e-19,
    "threshold": 30.0
}
