{
    "count_spike": 412,
    "creation_time": 3432,
    "potential": 3.3322871284915787,
    "recent_spikes": [
        0,
        1,
        0,
        0,
        0
    ],
    "spike_train": [
        1481799158664385,
        1481799158957810,
        1481799159239699,
        1481799160734888,
        1481799160829188,
        1481799164457553
    ],
    "spiking_rate": 0.34598207528946895,
    "threshold": 30.0
}
