{
    "count_spike": 241,
    "creation_time": 3432,
    "potential": 1.9867919248713188,
    "recent_spikes": [
        2,
        0,
        0,
        1,
        5
    ],
    "spike_train": [
        1481799160985078,
        1481799161029029,
        1481799161064471,
        1481799161093929,
        1481799161127705,
        1481799161161987,
        1481799161192366,
        1481799161278953,
        1481799161308702,
        1481799161343352,
        1481799161417267,
        1481799161445092,
        1481799161465023,
        1481799161484858,
        1481799161531687,
        1481799162502831,
        1481799165710932,
        1481799166335849
    ],
    "spiking_rate": 2.3990400001637875,
    "threshold": 30.0
}
