{
    "count_spike": 4,
    "creation_time": 3432,
    "potential": 1.6009695573442184,
    "recent_spikes": [
        0,
        0,
        0,
        0,
        0
    ],
    "spike_train": [],
    "spiking_rate": 6.336224760181111e-72,
    "threshold": 30.0
}
