{
    "count_spike": 388,
    "creation_time": 3432,
    "potential": 0.9970873512972545,
    "recent_spikes": [
        0,
        0,
        0,
        0,
        0
    ],
    "spike_train": [],
    "spiking_rate": 3.174400000002557e-06,
    "threshold": 30.0
}
