{
    "count_spike": 2463,
    "creation_time": 3432,
    "potential": 5.956908980529277,
    "recent_spikes": [
        0,
        0,
        0,
        0,
        0
    ],
    "spike_train": [],
    "spiking_rate": 8.793841045131707e-33,
    "threshold": 30.0
}
