{
    "count_spike": 107,
    "creation_time": 3432,
    "potential": 0.9944487809889264,
    "recent_spikes": [
        0,
        0,
        0,
        0,
        0
    ],
    "spike_train": [],
    "spiking_rate": 1.599594461921364e-05,
    "threshold": 30.0
}
