{
    "count_spike": 730,
    "creation_time": 3432,
    "potential": 2.597137305349302,
    "recent_spikes": [
        0,
        0,
        0,
        0,
        6
    ],
    "spike_train": [
        1481799161217773,
        1481799161282752,
        1481799161357012,
        1481799161376616,
        1481799161455260,
        1481799161476533,
        1481799161717871,
        1481799161771719,
        1481799161819789,
        1481799161867692,
        1481799166723001
    ],
    "spiking_rate": 1.6994560000409469,
    "threshold": 30.0
}
