{
    "count_spike": 62,
    "creation_time": 3432,
    "potential": 0.19245570781854898,
    "recent_spikes": [
        0,
        0,
        0,
        0,
        0
    ],
    "spike_train": [],
    "spiking_rate": 1.6025592331614018e-05,
    "threshold": 30.0
}
