{
    "count_spike": 19,
    "creation_time": 3432,
    "potential": 0.8565438632881849,
    "recent_spikes": [
        0,
        0,
        0,
        0,
        0
    ],
    "spike_train": [],
    "spiking_rate": 1.152552569725373e-43,
    "threshold": 30.0
}
