{
    "count_spike": 411,
    "creation_time": 3432,
    "potential": 0.6311225890809671,
    "recent_spikes": [
        0,
        0,
        0,
        0,
        1
    ],
    "spike_train": [
        1481799161728689
    ],
    "spiking_rate": 0.24992000024568134,
    "threshold": 30.0
}
