{
    "count_spike": 382,
    "creation_time": 3432,
    "potential": 1.3410258433609084,
    "recent_spikes": [
        0,
        0,
        0,
        0,
        1
    ],
    "spike_train": [
        1481799161671510
    ],
    "spiking_rate": 0.24992000020473445,
    "threshold": 30.0
}
