{
    "count_spike": 65,
    "creation_time": 3432,
    "potential": 1.3301640913778106,
    "recent_spikes": [
        0,
        0,
        0,
        0,
        0
    ],
    "spike_train": [],
    "spiking_rate": 2.683502436289519e-22,
    "threshold": 30.0
}
