{
    "count_spike": 15,
    "creation_time": 3432,
    "potential": 12.470351245611413,
    "recent_spikes": [
        0,
        0,
        0,
        0,
        0
    ],
    "spike_train": [],
    "spiking_rate": 1.2672468985493182e-72,
    "threshold": 30.0
}
