{
    "count_spike": 18,
    "creation_time": 3432,
    "potential": 2.047187771248334,
    "recent_spikes": [
        0,
        0,
        0,
        0,
        0
    ],
    "spike_train": [],
    "spiking_rate": 8.189378566708737e-11,
    "threshold": 30.0
}
