{
    "count_spike": 284,
    "creation_time": 3432,
    "potential": 0.8841270630490488,
    "recent_spikes": [
        0,
        0,
        4,
        14,
        0
    ],
    "spike_train": [
        1481799158677791,
        1481799160810570,
        1481799162614387,
        1481799162638583,
        1481799162756388,
        1481799162805424,
        1481799162871000,
        1481799162888641,
        1481799162907287,
        1481799162932555,
        1481799162970024,
        1481799162991230,
        1481799163016154,
        1481799163101214,
        1481799163134762,
        1481799163158516,
        1481799163924538,
        1481799163946573,
        1481799163968478,
        1481799164082974,
        1481799166406504,
        1481799166473234,
        1481799166668455,
        1481799166690607,
        1481799166711231,
        1481799166731016,
        1481799166752427,
        1481799166771614,
        1481799166799355,
        1481799166837551,
        1481799166874118,
        1481799166907943
    ],
    "spiking_rate": 4.538399355125682,
    "threshold": 30.0
}
