{
    "count_spike": 211,
    "creation_time": 3432,
    "potential": 3.9708058690467785,
    "recent_spikes": [
        0,
        0,
        1,
        0,
        1
    ],
    "spike_train": [
        1481799161515244,
        1481799164391188
    ],
    "spiking_rate": 0.49793599488,
    "threshold": 30.0
}
