{
    "count_spike": 332,
    "creation_time": 3432,
    "potential": 9.896260360690333,
    "recent_spikes": [
        0,
        0,
        0,
        4,
        0
    ],
    "spike_train": [
        1481799158673117,
        1481799158819339,
        1481799158846329,
        1481799158914819,
        1481799158985540,
        1481799160359779,
        1481799160442490,
        1481799160526773,
        1481799160814490,
        1481799161122290,
        1481799161258063,
        1481799161335852,
        1481799162476876,
        1481799162525611,
        1481799162548514,
        1481799162575003,
        1481799166546589,
        1481799167116898
    ],
    "spiking_rate": 1.3182976001228408,
    "threshold": 30.0
}
