{
    "count_spike": 127,
    "creation_time": 3432,
    "potential": 5.3249305583766215,
    "recent_spikes": [
        0,
        0,
        0,
        0,
        0
    ],
    "spike_train": [],
    "spiking_rate": 7.376336446242388e-48,
    "threshold": 30.0
}
