{
    "count_spike": 47,
    "creation_time": 3432,
    "potential": 1.7269856349176544,
    "recent_spikes": [
        0,
        0,
        0,
        0,
        0
    ],
    "spike_train": [],
    "spiking_rate": 9.673045904291053e-28,
    "threshold": 30.0
}
