{
    "count_spike": 65,
    "creation_time": 3432,
    "potential": 1.6914289501697708e-06,
    "recent_spikes": [
        0,
        0,
        0,
        0,
        0
    ],
    "spike_train": [],
    "spiking_rate": 8.18937856e-11,
    "threshold": 30.0
}
