{
    "count_spike": 8,
    "creation_time": 3432,
    "potential": 0.8345802032885807,
    "recent_spikes": [
        0,
        0,
        0,
        0,
        0
    ],
    "spike_train": [],
    "spiking_rate": 1.4423355406293417e-92,
    "threshold": 30.0
}
