{
    "count_spike": 216,
    "creation_time": 3432,
    "potential": 4.390361157939579,
    "recent_spikes": [
        0,
        0,
        0,
        0,
        1
    ],
    "spike_train": [
        1481799159035549,
        1481799159091729,
        1481799159135090,
        1481799159192866,
        1481799161507283
    ],
    "spiking_rate": 0.25791744,
    "threshold": 30.0
}
