{
    "count_spike": 104,
    "creation_time": 3432,
    "potential": 0.4543647290115128,
    "recent_spikes": [
        0,
        0,
        0,
        1,
        0
    ],
    "spike_train": [
        1481799160521080,
        1481799160606023,
        1481799160902554,
        1481799160962677,
        1481799162701741
    ],
    "spiking_rate": 0.44955199594461925,
    "threshold": 30.0
}
