{
    "count_spike": 444,
    "creation_time": 3432,
    "potential": 3.4796304479491234,
    "recent_spikes": [
        0,
        0,
        0,
        0,
        0
    ],
    "spike_train": [
        1481799158871085,
        1481799159466296,
        1481799161123408,
        1481799166803521
    ],
    "spiking_rate": 0.061983493069222705,
    "threshold": 30.0
}
