{
    "count_spike": 23,
    "creation_time": 3432,
    "potential": 0.4163672449549505,
    "recent_spikes": [
        0,
        0,
        0,
        0,
        0
    ],
    "spike_train": [],
    "spiking_rate": 6.915315418352235e-45,
    "threshold": 30.0
}
