{
    "count_spike": 341,
    "creation_time": 3432,
    "potential": 27.985319090516647,
    "recent_spikes": [
        1,
        0,
        0,
        1,
        0
    ],
    "spike_train": [
        1481799160867020,
        1481799160941641,
        1481799161039337,
        1481799162873520,
        1481799166258821,
        1481799166783503
    ],
    "spiking_rate": 0.5995583488818939,
    "threshold": 30.0
}
