{
    "count_spike": 573,
    "creation_time": 3432,
    "potential": 1.7738437027190435,
    "recent_spikes": [
        0,
        0,
        0,
        0,
        0
    ],
    "spike_train": [],
    "spiking_rate": 2.8813814243135814e-43,
    "threshold": 30.0
}
