{
    "count_spike": 194,
    "creation_time": 3432,
    "potential": 3.271325855730836,
    "recent_spikes": [
        0,
        0,
        0,
        2,
        0
    ],
    "spike_train": [
        1481799158800153,
        1481799161223439,
        1481799162673089,
        1481799162697898
    ],
    "spiking_rate": 0.55118336,
    "threshold": 30.0
}
