{
    "count_spike": 63,
    "creation_time": 3432,
    "potential": 0.36520619452289804,
    "recent_spikes": [
        0,
        0,
        0,
        0,
        0
    ],
    "spike_train": [],
    "spiking_rate": 5.138835046483859e-08,
    "threshold": 30.0
}
