{
    "count_spike": 41,
    "creation_time": 3432,
    "potential": 0.5587850844096562,
    "recent_spikes": [
        0,
        0,
        0,
        0,
        0
    ],
    "spike_train": [],
    "spiking_rate": 0.00039999987709378557,
    "threshold": 30.0
}
