{
    "count_spike": 104,
    "creation_time": 3432,
    "potential": 0.17116918512436088,
    "recent_spikes": [
        0,
        0,
        0,
        0,
        0
    ],
    "spike_train": [],
    "spiking_rate": 5.901099370467991e-51,
    "threshold": 30.0
}
