{
    "count_spike": 97,
    "creation_time": 3432,
    "potential": 0.4347533080833903,
    "recent_spikes": [
        0,
        0,
        0,
        0,
        0
    ],
    "spike_train": [
        1481799158423320
    ],
    "spiking_rate": 0.0019993601637875716,
    "threshold": 30.0
}
