{
    "count_spike": 324,
    "creation_time": 3432,
    "potential": 2.112239649894766,
    "recent_spikes": [
        0,
        0,
        0,
        0,
        0
    ],
    "spike_train": [],
    "spiking_rate": 2.6380960360111076e-32,
    "threshold": 30.0
}
