{
    "count_spike": 191,
    "creation_time": 3432,
    "potential": 0.22975202473924,
    "recent_spikes": [
        0,
        0,
        0,
        0,
        0
    ],
    "spike_train": [],
    "spiking_rate": 7.734649523870827e-63,
    "threshold": 30.0
}
