{
    "count_spike": 303,
    "creation_time": 3432,
    "potential": 8.05184651510954,
    "recent_spikes": [
        0,
        0,
        1,
        0,
        0
    ],
    "spike_train": [
        1481799164169331
    ],
    "spiking_rate": 0.24800000040946896,
    "threshold": 30.0
}
