{
    "count_spike": 11,
    "creation_time": 3432,
    "potential": 3.1198841748530595,
    "recent_spikes": [
        0,
        0,
        0,
        0,
        0
    ],
    "spike_train": [],
    "spiking_rate": 3.682185276584625e-27,
    "threshold": 30.0
}
