{
    "count_spike": 187,
    "creation_time": 3432,
    "potential": 3.249206222833304,
    "recent_spikes": [
        0,
        0,
        0,
        0,
        0
    ],
    "spike_train": [],
    "spiking_rate": 3.199991808001543e-06,
    "threshold": 30.0
}
