{
    "count_spike": 23,
    "creation_time": 3432,
    "potential": 0.3551828299765368,
    "recent_spikes": [
        0,
        0,
        0,
        0,
        0
    ],
    "spike_train": [],
    "spiking_rate": 0.00120025530368,
    "threshold": 30.0
}
