{
    "count_spike": 6,
    "creation_time": 3432,
    "potential": 0.4770758013992879,
    "recent_spikes": [
        0,
        0,
        0,
        0,
        0
    ],
    "spike_train": [],
    "spiking_rate": 3.275758132738917e-13,
    "threshold": 30.0
}
