{
    "count_spike": 106,
    "creation_time": 3432,
    "potential": 1.9168158430566313,
    "recent_spikes": [
        0,
        0,
        0,
        0,
        0
    ],
    "spike_train": [],
    "spiking_rate": 1.0553059467989558e-32,
    "threshold": 30.0
}
