{
    "count_spike": 53,
    "creation_time": 3432,
    "potential": 0.08713798971691596,
    "recent_spikes": [
        0,
        0,
        0,
        0,
        0
    ],
    "spike_train": [],
    "spiking_rate": 0.0012005122454323202,
    "threshold": 30.0
}
