{
    "count_spike": 43,
    "creation_time": 3432,
    "potential": 0.7937013499525656,
    "recent_spikes": [
        0,
        0,
        0,
        0,
        0
    ],
    "spike_train": [
        1481799166684419
    ],
    "spiking_rate": 0.0003999997952,
    "threshold": 30.0
}
