{
    "count_spike": 43,
    "creation_time": 3432,
    "potential": 1.3986122930962746,
    "recent_spikes": [
        0,
        0,
        0,
        0,
        0
    ],
    "spike_train": [
        1481799158568942
    ],
    "spiking_rate": 0.00199936,
    "threshold": 30.0
}
