{
    "count_spike": 208,
    "creation_time": 3432,
    "potential": 0.07786499836913131,
    "recent_spikes": [
        0,
        0,
        0,
        0,
        0
    ],
    "spike_train": [],
    "spiking_rate": 1.2795904000034882e-07,
    "threshold": 30.0
}
