{
    "count_spike": 58,
    "creation_time": 3432,
    "potential": 15.098553946515933,
    "recent_spikes": [
        1,
        0,
        1,
        0,
        0
    ],
    "spike_train": [
        1481799163401187,
        1481799165669088
    ],
    "spiking_rate": 0.44800000000000006,
    "threshold": 30.0
}
