{
    "count_spike": 755,
    "creation_time": 3432,
    "potential": 25.309907761026036,
    "recent_spikes": [
        3,
        0,
        0,
        4,
        32
    ],
    "spike_train": [
        1481799160861375,
        1481799161338403,
        1481799161400435,
        1481799161430107,
        1481799161451284,
        1481799161468590,
        1481799161496870,
        1481799161526907,
        1481799161556318,
        1481799161576828,
        1481799161594111,
        1481799161611404,
        1481799161626509,
        1481799161647714,
        1481799161668006,
        1481799161683033,
        1481799161699942,
        1481799161733221,
        1481799161752850,
        1481799161773093,
        1481799161794245,
        1481799161809197,
        1481799161829071,
        1481799161881636,
        1481799161918687,
        1481799161939672,
        1481799161956801,
        1481799161978858,
        1481799161995356,
        1481799162013288,
        1481799162044433,
        1481799162059540,
        1481799162084436,
        1481799162130869,
        1481799162933754,
        1481799162971586,
        1481799163006475,
        1481799163030851,
        1481799166296881,
        1481799166328795,
        1481799166352840,
        1481799166480505,
        1481799166844076,
        1481799166862864
    ],
    "spiking_rate": 9.695808000081893,
    "threshold": 30.0
}
