{
    "count_spike": 1,
    "creation_time": 3432,
    "potential": 0.48930589452792794,
    "recent_spikes": [
        0,
        0,
        0,
        0,
        0
    ],
    "spike_train": [],
    "spiking_rate": 2.6691294000867693e-224,
    "threshold": 30.0
}
