{
    "count_spike": 80,
    "creation_time": 3432,
    "potential": 3.1254520313698855,
    "recent_spikes": [
        1,
        0,
        0,
        4,
        3
    ],
    "spike_train": [
        1481799160427690,
        1481799160458537,
        1481799160569054,
        1481799160601584,
        1481799160626772,
        1481799160794460,
        1481799160823155,
        1481799160931317,
        1481799161522686,
        1481799161558543,
        1481799161592000,
        1481799162560488,
        1481799162591771,
        1481799162617705,
        1481799162643981,
        1481799166280707,
        1481799166570312
    ],
    "spiking_rate": 2.348032000081894,
    "threshold": 30.0
}
