{
    "count_spike": 129,
    "creation_time": 3432,
    "potential": 0.06563609443073942,
    "recent_spikes": [
        0,
        0,
        0,
        0,
        0
    ],
    "spike_train": [],
    "spiking_rate": 1.4406907192381502e-42,
    "threshold": 30.0
}
