{
    "count_spike": 182,
    "creation_time": 3432,
    "potential": 3.4415325312526353,
    "recent_spikes": [
        0,
        0,
        0,
        0,
        1
    ],
    "spike_train": [
        1481799161518229
    ],
    "spiking_rate": 0.24992000020473445,
    "threshold": 30.0
}
