{
    "count_spike": 47,
    "creation_time": 3432,
    "potential": 0.7154706924942567,
    "recent_spikes": [
        0,
        0,
        0,
        0,
        0
    ],
    "spike_train": [],
    "spiking_rate": 1.099159784055112e-27,
    "threshold": 30.0
}
