{
    "count_spike": 204,
    "creation_time": 3432,
    "potential": 0.5394588258613899,
    "recent_spikes": [
        0,
        0,
        0,
        0,
        0
    ],
    "spike_train": [],
    "spiking_rate": 1.7297509202484934e-42,
    "threshold": 30.0
}
