{
    "count_spike": 157,
    "creation_time": 3432,
    "potential": 0.19255412095165686,
    "recent_spikes": [
        0,
        0,
        0,
        0,
        0
    ],
    "spike_train": [],
    "spiking_rate": 2.8813814361157523e-43,
    "threshold": 30.0
}
