{
    "count_spike": 3,
    "creation_time": 3432,
    "potential": 15.632528519598708,
    "recent_spikes": [
        0,
        0,
        0,
        0,
        0
    ],
    "spike_train": [],
    "spiking_rate": 6.589673750588012e-72,
    "threshold": 30.0
}
