{
    "count_spike": 25,
    "creation_time": 3432,
    "potential": 0.2655632390817467,
    "recent_spikes": [
        0,
        0,
        0,
        0,
        0
    ],
    "spike_train": [],
    "spiking_rate": 1.4373885047449664e-130,
    "threshold": 30.0
}
