{
    "count_spike": 35,
    "creation_time": 3432,
    "potential": 1.0930958540252143,
    "recent_spikes": [
        0,
        0,
        0,
        0,
        0
    ],
    "spike_train": [],
    "spiking_rate": 4.094689397402932e-11,
    "threshold": 30.0
}
