{
    "count_spike": 368,
    "creation_time": 3432,
    "potential": 2.284536245450451,
    "recent_spikes": [
        0,
        0,
        0,
        0,
        0
    ],
    "spike_train": [
        1481799159357873
    ],
    "spiking_rate": 0.00199936,
    "threshold": 30.0
}
