{
    "count_spike": 28,
    "creation_time": 3432,
    "potential": 0.7721041368353398,
    "recent_spikes": [
        0,
        0,
        0,
        0,
        0
    ],
    "spike_train": [],
    "spiking_rate": 5.628598526518292e-36,
    "threshold": 30.0
}
