{
    "count_spike": 173,
    "creation_time": 3432,
    "potential": 0.4487692262128439,
    "recent_spikes": [
        0,
        0,
        0,
        0,
        0
    ],
    "spike_train": [],
    "spiking_rate": 0.0007999997541875711,
    "threshold": 30.0
}
