{
    "count_spike": 181,
    "creation_time": 3432,
    "potential": 5.206995990049234,
    "recent_spikes": [
        1,
        0,
        0,
        1,
        0
    ],
    "spike_train": [
        1481799158865206,
        1481799162394838,
        1481799166010181,
        1481799167028390
    ],
    "spiking_rate": 0.45159936004094686,
    "threshold": 30.0
}
