{
    "count_spike": 67,
    "creation_time": 3432,
    "potential": 1.3487321534697583,
    "recent_spikes": [
        0,
        0,
        0,
        0,
        0
    ],
    "spike_train": [],
    "spiking_rate": 4.121849190206668e-28,
    "threshold": 30.0
}
