{
    "count_spike": 129,
    "creation_time": 3432,
    "potential": 0.0846856236550875,
    "recent_spikes": [
        0,
        0,
        0,
        0,
        0
    ],
    "spike_train": [],
    "spiking_rate": 5.901144690725521e-51,
    "threshold": 30.0
}
