{
    "count_spike": 251,
    "creation_time": 3432,
    "potential": 0.44825155295332986,
    "recent_spikes": [
        0,
        0,
        0,
        0,
        0
    ],
    "spike_train": [],
    "spiking_rate": 1.0599807487836157e-18,
    "threshold": 30.0
}
