{
    "count_spike": 11,
    "creation_time": 3432,
    "potential": 0.6486033949224506,
    "recent_spikes": [
        0,
        0,
        0,
        0,
        0
    ],
    "spike_train": [],
    "spiking_rate": 1.965451692992364e-12,
    "threshold": 30.0
}
