{
    "count_spike": 1454,
    "creation_time": 3432,
    "potential": 4.8124977855755,
    "recent_spikes": [
        0,
        0,
        0,
        0,
        0
    ],
    "spike_train": [
        1481799159359791,
        1481799159428283,
        1481799159450356,
        1481799166735983,
        1481799166785316
    ],
    "spiking_rate": 0.021996190702031064,
    "threshold": 30.0
}
