{
    "count_spike": 64,
    "creation_time": 3432,
    "potential": 0.5288639856631505,
    "recent_spikes": [
        0,
        0,
        0,
        0,
        0
    ],
    "spike_train": [],
    "spiking_rate": 6.55569580982272e-14,
    "threshold": 30.0
}
