{
    "count_spike": 12,
    "creation_time": 3432,
    "potential": 0.3867050474490666,
    "recent_spikes": [
        0,
        0,
        0,
        0,
        0
    ],
    "spike_train": [],
    "spiking_rate": 8.051081216e-05,
    "threshold": 30.0
}
