{
    "count_spike": 133,
    "creation_time": 3432,
    "potential": 2.4795829351199346,
    "recent_spikes": [
        0,
        0,
        0,
        0,
        0
    ],
    "spike_train": [],
    "spiking_rate": 5.1183616e-08,
    "threshold": 30.0
}
