{
    "count_spike": 236,
    "creation_time": 3432,
    "potential": 0.007305942934712778,
    "recent_spikes": [
        0,
        0,
        0,
        0,
        0
    ],
    "spike_train": [],
    "spiking_rate": 3.6864000000003354e-06,
    "threshold": 30.0
}
