{
    "count_spike": 127,
    "creation_time": 3432,
    "potential": 3.542905920396893,
    "recent_spikes": [
        0,
        0,
        0,
        0,
        0
    ],
    "spike_train": [
        1481799161287670
    ],
    "spiking_rate": 0.049984,
    "threshold": 30.0
}
