{
    "count_spike": 57,
    "creation_time": 3432,
    "potential": 0.8068222028742116,
    "recent_spikes": [
        0,
        0,
        0,
        0,
        0
    ],
    "spike_train": [],
    "spiking_rate": 1.4411517390857095e-42,
    "threshold": 30.0
}
