{
    "count_spike": 112,
    "creation_time": 3432,
    "potential": 1.7258484860091754,
    "recent_spikes": [
        0,
        0,
        0,
        0,
        0
    ],
    "spike_train": [
        1481799160673231
    ],
    "spiking_rate": 0.04999999488,
    "threshold": 30.0
}
