{
    "count_spike": 11,
    "creation_time": 3432,
    "potential": 0.03332660739559367,
    "recent_spikes": [
        0,
        0,
        0,
        0,
        0
    ],
    "spike_train": [],
    "spiking_rate": 2.5954837621004e-80,
    "threshold": 30.0
}
