{
    "count_spike": 19,
    "creation_time": 3432,
    "potential": 1.172998023135441,
    "recent_spikes": [
        0,
        0,
        0,
        0,
        0
    ],
    "spike_train": [],
    "spiking_rate": 1.228406784e-10,
    "threshold": 30.0
}
