{
    "count_spike": 196,
    "creation_time": 3432,
    "potential": 8.902368493749417,
    "recent_spikes": [
        0,
        0,
        0,
        0,
        0
    ],
    "spike_train": [
        1481799166516509
    ],
    "spiking_rate": 8.796092121490383e-33,
    "threshold": 30.0
}
