{
    "count_spike": 71,
    "creation_time": 3432,
    "potential": 0.8177837280667536,
    "recent_spikes": [
        0,
        0,
        0,
        0,
        0
    ],
    "spike_train": [],
    "spiking_rate": 1.844903215736297e-18,
    "threshold": 30.0
}
