{
    "count_spike": 139,
    "creation_time": 3432,
    "potential": 5.607939422248993,
    "recent_spikes": [
        0,
        0,
        1,
        0,
        0
    ],
    "spike_train": [
        1481799164010171
    ],
    "spiking_rate": 0.24801599487999998,
    "threshold": 30.0
}
