{
    "count_spike": 66,
    "creation_time": 3432,
    "potential": 0.2759798465001955,
    "recent_spikes": [
        0,
        0,
        0,
        0,
        0
    ],
    "spike_train": [],
    "spiking_rate": 2.5593445875879716e-08,
    "threshold": 30.0
}
