{
    "count_spike": 1,
    "creation_time": 3432,
    "potential": 0.30492121307686004,
    "recent_spikes": [
        0,
        0,
        0,
        0,
        0
    ],
    "spike_train": [],
    "spiking_rate": 9.847349388602912e-270,
    "threshold": 30.0
}
