{
    "count_spike": 312,
    "creation_time": 3432,
    "potential": 10.45230550438187,
    "recent_spikes": [
        1,
        1,
        1,
        4,
        5
    ],
    "spike_train": [
        1481799158641520,
        1481799158784309,
        1481799158826716,
        1481799158873692,
        1481799158897956,
        1481799158909361,
        1481799158928756,
        1481799158951250,
        1481799158984265,
        1481799159014709,
        1481799159037581,
        1481799159088260,
        1481799159120597,
        1481799159154207,
        1481799159187890,
        1481799159887951,
        1481799161657289,
        1481799161778240,
        1481799162050965,
        1481799162083236,
        1481799162113398,
        1481799162721113,
        1481799162894008,
        1481799162918055,
        1481799162930187,
        1481799164210602,
        1481799164437704,
        1481799166362495,
        1481799166519177
    ],
    "spiking_rate": 2.9760223643647343,
    "threshold": 30.0
}
