{
    "count_spike": 16,
    "creation_time": 3432,
    "potential": 0.6501367301305991,
    "recent_spikes": [
        0,
        0,
        0,
        0,
        0
    ],
    "spike_train": [],
    "spiking_rate": 1.1688271654455656e-116,
    "threshold": 30.0
}
