{
    "count_spike": 41,
    "creation_time": 3432,
    "potential": 1.8712941236006448,
    "recent_spikes": [
        0,
        0,
        0,
        0,
        0
    ],
    "spike_train": [],
    "spiking_rate": 1.2796067787604744e-07,
    "threshold": 30.0
}
