{
    "count_spike": 143,
    "creation_time": 3432,
    "potential": 3.98493884835437,
    "recent_spikes": [
        1,
        0,
        0,
        0,
        1
    ],
    "spike_train": [
        1481799160893127,
        1481799161608105,
        1481799166383113
    ],
    "spiking_rate": 0.4999199949618938,
    "threshold": 30.0
}
