{
    "count_spike": 158,
    "creation_time": 3432,
    "potential": 0.8966783249925585,
    "recent_spikes": [
        1,
        0,
        4,
        4,
        0
    ],
    "spike_train": [
        1481799158909194,
        1481799162671740,
        1481799162799231,
        1481799162848993,
        1481799162964607,
        1481799163778810,
        1481799163915362,
        1481799164146441,
        1481799164269081,
        1481799166286235,
        1481799166434609,
        1481799166746908,
        1481799166858764
    ],
    "spiking_rate": 2.1924153602030962,
    "threshold": 30.0
}
