{
    "count_spike": 48,
    "creation_time": 3432,
    "potential": 1.4844120911187306,
    "recent_spikes": [
        0,
        0,
        0,
        0,
        0
    ],
    "spike_train": [],
    "spiking_rate": 9.366176965980763e-55,
    "threshold": 30.0
}
