{
    "count_spike": 5,
    "creation_time": 3432,
    "potential": 0.494025816748654,
    "recent_spikes": [
        0,
        0,
        0,
        0,
        0
    ],
    "spike_train": [],
    "spiking_rate": 2.5591808000016777e-07,
    "threshold": 30.0
}
