{
    "count_spike": 152,
    "creation_time": 3432,
    "potential": 0.10909538291463751,
    "recent_spikes": [
        0,
        0,
        0,
        0,
        0
    ],
    "spike_train": [],
    "spiking_rate": 5.762762848664628e-44,
    "threshold": 30.0
}
