{
    "count_spike": 294,
    "creation_time": 3432,
    "potential": 1.3737703049853214,
    "recent_spikes": [
        0,
        0,
        0,
        0,
        0
    ],
    "spike_train": [],
    "spiking_rate": 1.2824566824959997e-07,
    "threshold": 30.0
}
