{
    "count_spike": 11,
    "creation_time": 3432,
    "potential": 3.520761104285279,
    "recent_spikes": [
        0,
        0,
        0,
        0,
        0
    ],
    "spike_train": [],
    "spiking_rate": 3.3220066070656615e-85,
    "threshold": 30.0
}
