{
    "count_spike": 152,
    "creation_time": 3432,
    "potential": 0.14652996614614364,
    "recent_spikes": [
        0,
        0,
        0,
        0,
        0
    ],
    "spike_train": [],
    "spiking_rate": 5.7627629076380105e-43,
    "threshold": 30.0
}
