{
    "count_spike": 18,
    "creation_time": 3432,
    "potential": 0.3995290679121245,
    "recent_spikes": [
        0,
        0,
        0,
        0,
        0
    ],
    "spike_train": [],
    "spiking_rate": 1.4752672892484775e-45,
    "threshold": 30.0
}
