{
    "count_spike": 220,
    "creation_time": 3432,
    "potential": 0.67430444459692,
    "recent_spikes": [
        7,
        0,
        1,
        6,
        27
    ],
    "spike_train": [
        1481799160599112,
        1481799160736904,
        1481799160789039,
        1481799160826251,
        1481799161386763,
        1481799161407108,
        1481799161461640,
        1481799161473438,
        1481799161514615,
        1481799161530085,
        1481799161574750,
        1481799161597381,
        1481799161617926,
        1481799161655804,
        1481799161676405,
        1481799161691709,
        1481799161718322,
        1481799161734546,
        1481799161754579,
        1481799161769020,
        1481799161785406,
        1481799161803353,
        1481799161826502,
        1481799161850139,
        1481799161873881,
        1481799161904252,
        1481799161926903,
        1481799161944295,
        1481799161956782,
        1481799161969956,
        1481799161989277,
        1481799162008525,
        1481799162769041,
        1481799162801712,
        1481799162848176,
        1481799162942773,
        1481799162965177,
        1481799162991404,
        1481799164088593,
        1481799166211702,
        1481799166264329,
        1481799166286413,
        1481799166310256,
        1481799166334234,
        1481799166351361,
        1481799166375809,
        1481799166567837,
        1481799166599102,
        1481799166719180
    ],
    "spiking_rate": 10.143360000286629,
    "threshold": 30.0
}
