{
    "count_spike": 575,
    "creation_time": 3432,
    "potential": 11.898978819244372,
    "recent_spikes": [
        0,
        0,
        0,
        0,
        0
    ],
    "spike_train": [
        1481799158992057,
        1481799159014104,
        1481799159079448,
        1481799159099058,
        1481799159123512
    ],
    "spiking_rate": 0.0100772864,
    "threshold": 30.0
}
