{
    "count_spike": 192,
    "creation_time": 3432,
    "potential": 0.5555113566847006,
    "recent_spikes": [
        0,
        0,
        0,
        0,
        0
    ],
    "spike_train": [],
    "spiking_rate": 2.475087796945618e-63,
    "threshold": 30.0
}
