{
    "count_spike": 42,
    "creation_time": 3432,
    "potential": 0.5337204332040186,
    "recent_spikes": [
        0,
        0,
        0,
        0,
        0
    ],
    "spike_train": [],
    "spiking_rate": 4.488296315335682e-120,
    "threshold": 30.0
}
