{
    "count_spike": 24,
    "creation_time": 3432,
    "potential": 0.30993481987144195,
    "recent_spikes": [
        0,
        0,
        0,
        0,
        0
    ],
    "spike_train": [],
    "spiking_rate": 0.0008002555084799998,
    "threshold": 30.0
}
