{
    "count_spike": 1,
    "creation_time": 3432,
    "potential": 1.0752967449114097,
    "recent_spikes": [
        0,
        0,
        0,
        0,
        0
    ],
    "spike_train": [],
    "spiking_rate": 2.4041380343268826e-261,
    "threshold": 30.0
}
