{
    "count_spike": 32,
    "creation_time": 3432,
    "potential": 0.08439405331131501,
    "recent_spikes": [
        0,
        0,
        0,
        0,
        0
    ],
    "spike_train": [],
    "spiking_rate": 1.1688271654455866e-116,
    "threshold": 30.0
}
