{
    "count_spike": 40,
    "creation_time": 3432,
    "potential": 0.2714015306207709,
    "recent_spikes": [
        0,
        0,
        0,
        0,
        0
    ],
    "spike_train": [],
    "spiking_rate": 6.4081887232e-07,
    "threshold": 30.0
}
