{
    "count_spike": 138,
    "creation_time": 3432,
    "potential": 1.4510453761514932,
    "recent_spikes": [
        0,
        0,
        0,
        0,
        0
    ],
    "spike_train": [],
    "spiking_rate": 2.1983195681102235e-31,
    "threshold": 30.0
}
