{
    "count_spike": 7,
    "creation_time": 3432,
    "potential": 0.4586296097059371,
    "recent_spikes": [
        0,
        0,
        0,
        0,
        0
    ],
    "spike_train": [],
    "spiking_rate": 8.793278272440896e-28,
    "threshold": 30.0
}
