{
    "count_spike": 43,
    "creation_time": 3432,
    "potential": 1.757324368025381,
    "recent_spikes": [
        0,
        0,
        0,
        0,
        0
    ],
    "spike_train": [],
    "spiking_rate": 1.2795969515045253e-07,
    "threshold": 30.0
}
