{
    "count_spike": 91,
    "creation_time": 3432,
    "potential": 1.225869427996032,
    "recent_spikes": [
        0,
        0,
        0,
        0,
        0
    ],
    "spike_train": [],
    "spiking_rate": 1.4069245524043576e-35,
    "threshold": 30.0
}
