{
    "count_spike": 214,
    "creation_time": 3432,
    "potential": 9.425365863502048,
    "recent_spikes": [
        0,
        0,
        0,
        0,
        0
    ],
    "spike_train": [
        1481799158937106,
        1481799160594782
    ],
    "spiking_rate": 0.05198336004094689,
    "threshold": 30.0
}
