{
    "count_spike": 254,
    "creation_time": 3432,
    "potential": 2.5344531218280064,
    "recent_spikes": [
        3,
        0,
        0,
        1,
        14
    ],
    "spike_train": [
        1481799160220363,
        1481799160511859,
        1481799161090833,
        1481799161125472,
        1481799161155441,
        1481799161178562,
        1481799161219943,
        1481799161246600,
        1481799161279031,
        1481799161308469,
        1481799161333125,
        1481799161356234,
        1481799161378642,
        1481799161402247,
        1481799161430732,
        1481799161466791,
        1481799161487913,
        1481799161515387,
        1481799161546837,
        1481799161600734,
        1481799161628378,
        1481799161646165,
        1481799161663004,
        1481799161677647,
        1481799161696880,
        1481799161720076,
        1481799161857015,
        1481799162691473,
        1481799165938372,
        1481799165974489,
        1481799166009437,
        1481799166517014,
        1481799166551154,
        1481799166578433
    ],
    "spiking_rate": 4.958284800122841,
    "threshold": 30.0
}
