{
    "count_spike": 96,
    "creation_time": 3432,
    "potential": 6.786920470962919,
    "recent_spikes": [
        1,
        0,
        0,
        0,
        0
    ],
    "spike_train": [
        1481799160988625,
        1481799165742504
    ],
    "spiking_rate": 0.24998399999999998,
    "threshold": 30.0
}
