{
    "count_spike": 147,
    "creation_time": 3432,
    "potential": 1.1400712724300717,
    "recent_spikes": [
        0,
        0,
        0,
        0,
        0
    ],
    "spike_train": [],
    "spiking_rate": 9.150719881904126e-19,
    "threshold": 30.0
}
