{
    "count_spike": 10,
    "creation_time": 3432,
    "potential": 0.40117814923791784,
    "recent_spikes": [
        0,
        0,
        0,
        0,
        0
    ],
    "spike_train": [],
    "spiking_rate": 1.1807959556197281e-116,
    "threshold": 30.0
}
