{
    "count_spike": 15,
    "creation_time": 3432,
    "potential": 0.030704536576442693,
    "recent_spikes": [
        0,
        0,
        0,
        0,
        0
    ],
    "spike_train": [],
    "spiking_rate": 2.2828657913517057e-110,
    "threshold": 30.0
}
