{
    "count_spike": 149,
    "creation_time": 3432,
    "potential": 1.0243631743176123,
    "recent_spikes": [
        0,
        1,
        0,
        0,
        0
    ],
    "spike_train": [
        1481799158935794,
        1481799161109648,
        1481799164476528
    ],
    "spiking_rate": 0.29199935488,
    "threshold": 30.0
}
