{
    "count_spike": 160,
    "creation_time": 3432,
    "potential": 0.1996484214701733,
    "recent_spikes": [
        0,
        0,
        0,
        0,
        0
    ],
    "spike_train": [
        1481799160845032
    ],
    "spiking_rate": 0.049999995903999894,
    "threshold": 30.0
}
