{
    "count_spike": 174,
    "creation_time": 3432,
    "potential": 2.8818606141018863,
    "recent_spikes": [
        0,
        0,
        0,
        0,
        0
    ],
    "spike_train": [
        1481799158615341
    ],
    "spiking_rate": 0.0019993601228406785,
    "threshold": 30.0
}
