{
    "count_spike": 439,
    "creation_time": 3432,
    "potential": 14.279478564171256,
    "recent_spikes": [
        0,
        1,
        0,
        17,
        41
    ],
    "spike_train": [
        1481799159161484,
        1481799159194670,
        1481799159232186,
        1481799159246969,
        1481799159262610,
        1481799160860904,
        1481799160880400,
        1481799160996828,
        1481799161020376,
        1481799161035361,
        1481799161111675,
        1481799161131419,
        1481799161146313,
        1481799161182272,
        1481799161208392,
        1481799161224790,
        1481799161241904,
        1481799161713455,
        1481799161739590,
        1481799161759317,
        1481799161772226,
        1481799161785689,
        1481799161798868,
        1481799161809251,
        1481799161819896,
        1481799161834630,
        1481799161846674,
        1481799161864115,
        1481799161887086,
        1481799161902787,
        1481799161919758,
        1481799161936270,
        1481799161948530,
        1481799161958159,
        1481799161967206,
        1481799161976651,
        1481799161985483,
        1481799161994777,
        1481799162008620,
        1481799162025248,
        1481799162039884,
        1481799162053291,
        1481799162072031,
        1481799162091671,
        1481799162109408,
        1481799162121594,
        1481799162138413,
        1481799162154888,
        1481799162169200,
        1481799162183417,
        1481799162197221,
        1481799162214793,
        1481799162225228,
        1481799162236778,
        1481799162269288,
        1481799162284629,
        1481799162306319,
        1481799162323111,
        1481799162424123,
        1481799162902718,
        1481799162928315,
        1481799162962806,
        1481799162989567,
        1481799163009820,
        1481799163034839,
        1481799163059152,
        1481799163121698,
        1481799163150270,
        1481799163164500,
        1481799163194281,
        1481799163210100,
        1481799163237329,
        1481799163269637,
        1481799163302319,
        1481799163332929,
        1481799164486622,
        1481799166624446,
        1481799166645564,
        1481799166665412,
        1481799166913342,
        1481799166965577,
        1481799167060716,
        1481799167076584,
        1481799167089348,
        1481799167102867,
        1481799167116187
    ],
    "spiking_rate": 15.339724800204735,
    "threshold": 30.0
}
