{
    "count_spike": 97,
    "creation_time": 3432,
    "potential": 0.23897682136132878,
    "recent_spikes": [
        0,
        0,
        0,
        0,
        0
    ],
    "spike_train": [
        1481799161051483
    ],
    "spiking_rate": 0.04998400004094689,
    "threshold": 30.0
}
