{
    "count_spike": 701,
    "creation_time": 3432,
    "potential": 2.260126017439215,
    "recent_spikes": [
        3,
        0,
        0,
        3,
        17
    ],
    "spike_train": [
        1481799160614767,
        1481799161064302,
        1481799161215860,
        1481799161286298,
        1481799161328102,
        1481799161351562,
        1481799161371906,
        1481799161395837,
        1481799161417476,
        1481799161440367,
        1481799161493983,
        1481799161516644,
        1481799161536902,
        1481799161556041,
        1481799161573890,
        1481799161592577,
        1481799161631300,
        1481799161655949,
        1481799161681360,
        1481799161702086,
        1481799161719240,
        1481799161735491,
        1481799161757050,
        1481799161779357,
        1481799162744086,
        1481799162772333,
        1481799162816928,
        1481799166012950,
        1481799166066485,
        1481799166199592,
        1481799166589033,
        1481799166609852
    ],
    "spiking_rate": 5.9473280000409465,
    "threshold": 30.0
}
