{
    "count_spike": 24,
    "creation_time": 3432,
    "potential": 0.14229428633974964,
    "recent_spikes": [
        0,
        0,
        0,
        0,
        0
    ],
    "spike_train": [],
    "spiking_rate": 4.069717684970702e-226,
    "threshold": 30.0
}
