{
    "count_spike": 17,
    "creation_time": 3432,
    "potential": 0.05624556711675069,
    "recent_spikes": [
        0,
        0,
        0,
        0,
        0
    ],
    "spike_train": [],
    "spiking_rate": 4.192961822720001e-18,
    "threshold": 30.0
}
