{
    "count_spike": 253,
    "creation_time": 3432,
    "potential": 3.77461573488735,
    "recent_spikes": [
        1,
        0,
        0,
        0,
        0
    ],
    "spike_train": [
        1481799158673766,
        1481799160959102,
        1481799166326167,
        1481799166754412
    ],
    "spiking_rate": 0.25198336,
    "threshold": 30.0
}
