{
    "count_spike": 487,
    "creation_time": 3432,
    "potential": 0.8166718026839141,
    "recent_spikes": [
        2,
        0,
        1,
        15,
        32
    ],
    "spike_train": [
        1481799158828875,
        1481799158922815,
        1481799158972793,
        1481799159011896,
        1481799159073119,
        1481799159103053,
        1481799160594070,
        1481799160613545,
        1481799160691862,
        1481799160982604,
        1481799161013217,
        1481799161309906,
        1481799161344473,
        1481799161553699,
        1481799161568544,
        1481799161595718,
        1481799161609158,
        1481799161621110,
        1481799161636907,
        1481799161649154,
        1481799161672341,
        1481799161704668,
        1481799161726103,
        1481799161743153,
        1481799161754622,
        1481799161768404,
        1481799161788111,
        1481799161806437,
        1481799161819913,
        1481799161837855,
        1481799161856278,
        1481799161876682,
        1481799161894762,
        1481799161918463,
        1481799161935339,
        1481799161948705,
        1481799161962871,
        1481799161977300,
        1481799161991826,
        1481799162002535,
        1481799162015636,
        1481799162034408,
        1481799162059959,
        1481799162087982,
        1481799162107254,
        1481799162674493,
        1481799162706678,
        1481799162748561,
        1481799162769348,
        1481799162786109,
        1481799162827551,
        1481799162921302,
        1481799162941806,
        1481799162961055,
        1481799162980618,
        1481799162997365,
        1481799163016053,
        1481799163057332,
        1481799163102236,
        1481799163138454,
        1481799164181164,
        1481799166334571,
        1481799166376363,
        1481799166626324,
        1481799166655665,
        1481799166680985,
        1481799166853030,
        1481799166866257,
        1481799166880805
    ],
    "spiking_rate": 12.751420154470203,
    "threshold": 30.0
}
