{
    "count_spike": 45,
    "creation_time": 3432,
    "potential": 0.4231797723409531,
    "recent_spikes": [
        0,
        0,
        0,
        0,
        0
    ],
    "spike_train": [],
    "spiking_rate": 3.1744000655150284e-06,
    "threshold": 30.0
}
