{
    "count_spike": 240,
    "creation_time": 3432,
    "potential": 1.6194613199866768,
    "recent_spikes": [
        0,
        0,
        0,
        0,
        0
    ],
    "spike_train": [],
    "spiking_rate": 5.6276981035825896e-37,
    "threshold": 30.0
}
