{
    "count_spike": 237,
    "creation_time": 3432,
    "potential": 5.429903484809718,
    "recent_spikes": [
        1,
        0,
        1,
        9,
        6
    ],
    "spike_train": [
        1481799161359103,
        1481799161410793,
        1481799161457507,
        1481799161489285,
        1481799161545423,
        1481799161997746,
        1481799162116611,
        1481799162493476,
        1481799162565935,
        1481799162598724,
        1481799162620777,
        1481799162689887,
        1481799162838911,
        1481799162971234,
        1481799163028855,
        1481799163111681,
        1481799164039827,
        1481799166234229
    ],
    "spiking_rate": 4.243904001023672,
    "threshold": 30.0
}
