{
    "count_spike": 4,
    "creation_time": 3432,
    "potential": 0.5931906918145482,
    "recent_spikes": [
        0,
        0,
        0,
        0,
        0
    ],
    "spike_train": [],
    "spiking_rate": 6.644013214131323e-86,
    "threshold": 30.0
}
