{
    "count_spike": 41,
    "creation_time": 3432,
    "potential": 1.7733059147777936,
    "recent_spikes": [
        0,
        0,
        0,
        0,
        0
    ],
    "spike_train": [],
    "spiking_rate": 1.918555604321861e-54,
    "threshold": 30.0
}
