{
    "count_spike": 23,
    "creation_time": 3432,
    "potential": 0.7969698352260162,
    "recent_spikes": [
        0,
        0,
        0,
        0,
        0
    ],
    "spike_train": [],
    "spiking_rate": 3.169134354006103e-71,
    "threshold": 30.0
}
