{
    "count_spike": 74,
    "creation_time": 3432,
    "potential": -53.302689329335145,
    "recent_spikes": [
        1,
        0,
        0,
        0,
        2
    ],
    "spike_train": [
        1481799161572819,
        1481799161651938,
        1481799166154137,
        1481799166471461,
        1481799167154158
    ],
    "spiking_rate": 0.6998400000409469,
    "threshold": 30.0
}
