{
    "count_spike": 270,
    "creation_time": 3432,
    "potential": 1.126107244896893,
    "recent_spikes": [
        0,
        0,
        0,
        0,
        0
    ],
    "spike_train": [],
    "spiking_rate": 1.6133075763304833e-05,
    "threshold": 30.0
}
