{
    "count_spike": 24,
    "creation_time": 3432,
    "potential": 0.1221068159827426,
    "recent_spikes": [
        0,
        0,
        0,
        0,
        0
    ],
    "spike_train": [],
    "spiking_rate": 2.0089452616457143e-111,
    "threshold": 30.0
}
