{
    "count_spike": 93,
    "creation_time": 3432,
    "potential": 0.8555978463552387,
    "recent_spikes": [
        0,
        0,
        0,
        0,
        0
    ],
    "spike_train": [],
    "spiking_rate": 0.0003999997952,
    "threshold": 30.0
}
