{
    "count_spike": 61,
    "creation_time": 3432,
    "potential": 0.980450479771059,
    "recent_spikes": [
        0,
        0,
        0,
        0,
        0
    ],
    "spike_train": [],
    "spiking_rate": 2.8813814243137343e-43,
    "threshold": 30.0
}
