{
    "count_spike": 147,
    "creation_time": 3432,
    "potential": 0.7860804366235739,
    "recent_spikes": [
        0,
        0,
        0,
        0,
        0
    ],
    "spike_train": [],
    "spiking_rate": 2.6388276364464204e-32,
    "threshold": 30.0
}
