{
    "count_spike": 32,
    "creation_time": 3432,
    "potential": 0.3798834815199542,
    "recent_spikes": [
        0,
        0,
        0,
        0,
        0
    ],
    "spike_train": [],
    "spiking_rate": 5.940210712669478e-67,
    "threshold": 30.0
}
