{
    "count_spike": 236,
    "creation_time": 3432,
    "potential": 2.1258994166583998,
    "recent_spikes": [
        0,
        0,
        0,
        0,
        0
    ],
    "spike_train": [],
    "spiking_rate": 3.517311310417047e-33,
    "threshold": 30.0
}
