{
    "count_spike": 63,
    "creation_time": 3432,
    "potential": 0.12324093412291216,
    "recent_spikes": [
        0,
        0,
        0,
        0,
        0
    ],
    "spike_train": [],
    "spiking_rate": 1.279590400000054e-07,
    "threshold": 30.0
}
