{
    "count_spike": 43,
    "creation_time": 3432,
    "potential": 22.940813479823092,
    "recent_spikes": [
        1,
        0,
        0,
        0,
        0
    ],
    "spike_train": [
        1481799160937691,
        1481799166063464,
        1481799167184387
    ],
    "spiking_rate": 0.24998400004094687,
    "threshold": 30.0
}
