{
    "count_spike": 57,
    "creation_time": 3432,
    "potential": 1.5430196728998697,
    "recent_spikes": [
        0,
        0,
        0,
        0,
        0
    ],
    "spike_train": [],
    "spiking_rate": 2.661548032e-08,
    "threshold": 30.0
}
