{
    "count_spike": 169,
    "creation_time": 3432,
    "potential": 0.7914204762854875,
    "recent_spikes": [
        0,
        0,
        2,
        0,
        0
    ],
    "spike_train": [
        1481799158932074,
        1481799160757332,
        1481799160811023,
        1481799160849687,
        1481799160871812,
        1481799160946041,
        1481799164230515,
        1481799164297908,
        1481799166584073
    ],
    "spiking_rate": 0.7479353548800001,
    "threshold": 30.0
}
