{
    "count_spike": 3,
    "creation_time": 3432,
    "potential": 4.416567308659275,
    "recent_spikes": [
        0,
        0,
        0,
        0,
        0
    ],
    "spike_train": [],
    "spiking_rate": 2.5953176617700484e-80,
    "threshold": 30.0
}
