{
    "count_spike": 379,
    "creation_time": 3432,
    "potential": 0.34304128363481656,
    "recent_spikes": [
        0,
        0,
        2,
        1,
        0
    ],
    "spike_train": [
        1481799158796554,
        1481799162865764,
        1481799163966517,
        1481799164121066,
        1481799166753065
    ],
    "spiking_rate": 0.7476153549209469,
    "threshold": 30.0
}
