{
    "count_spike": 11,
    "creation_time": 3432,
    "potential": 1.073666090531683,
    "recent_spikes": [
        0,
        0,
        0,
        0,
        0
    ],
    "spike_train": [],
    "spiking_rate": 2.570236461056e-07,
    "threshold": 30.0
}
