{
    "count_spike": 2,
    "creation_time": 3432,
    "potential": 9.165666101341325,
    "recent_spikes": [
        0,
        0,
        0,
        0,
        0
    ],
    "spike_train": [],
    "spiking_rate": 1.2976588308850242e-79,
    "threshold": 30.0
}
