{
    "count_spike": 191,
    "creation_time": 3432,
    "potential": 0.5482152204629761,
    "recent_spikes": [
        0,
        0,
        0,
        0,
        0
    ],
    "spike_train": [],
    "spiking_rate": 0.0008001276313337856,
    "threshold": 30.0
}
