{
    "count_spike": 10,
    "creation_time": 3432,
    "potential": 0.7046222818415462,
    "recent_spikes": [
        0,
        0,
        0,
        0,
        0
    ],
    "spike_train": [],
    "spiking_rate": 1.3739497469519841e-28,
    "threshold": 30.0
}
