{
    "count_spike": 39,
    "creation_time": 3432,
    "potential": 0.10157184467590777,
    "recent_spikes": [
        0,
        0,
        0,
        0,
        0
    ],
    "spike_train": [],
    "spiking_rate": 0.000480280281088,
    "threshold": 30.0
}
