{
    "count_spike": 147,
    "creation_time": 3432,
    "potential": 4.784715729550701,
    "recent_spikes": [
        0,
        0,
        0,
        0,
        0
    ],
    "spike_train": [],
    "spiking_rate": 8.18937856e-11,
    "threshold": 30.0
}
