{
    "count_spike": 241,
    "creation_time": 3432,
    "potential": 0.3881927747162237,
    "recent_spikes": [
        0,
        0,
        0,
        0,
        0
    ],
    "spike_train": [],
    "spiking_rate": 1.599508473446484e-05,
    "threshold": 30.0
}
