{
    "count_spike": 103,
    "creation_time": 3432,
    "potential": 7.377233418582792,
    "recent_spikes": [
        0,
        0,
        0,
        0,
        0
    ],
    "spike_train": [],
    "spiking_rate": 2.6835024362894494e-22,
    "threshold": 30.0
}
