{
    "count_spike": 117,
    "creation_time": 3432,
    "potential": 4.8147052637128676,
    "recent_spikes": [
        0,
        0,
        0,
        0,
        0
    ],
    "spike_train": [],
    "spiking_rate": 3.3543698016636096e-20,
    "threshold": 30.0
}
