{
    "count_spike": 14,
    "creation_time": 3432,
    "potential": 2.217527308026958,
    "recent_spikes": [
        0,
        0,
        0,
        0,
        0
    ],
    "spike_train": [],
    "spiking_rate": 3.830012855983029e-127,
    "threshold": 30.0
}
