{
    "count_spike": 61,
    "creation_time": 3432,
    "potential": 8.695417908966219,
    "recent_spikes": [
        0,
        0,
        0,
        1,
        3
    ],
    "spike_train": [
        1481799160580462,
        1481799161336116,
        1481799161434960,
        1481799161514341,
        1481799161600378,
        1481799162560736,
        1481799166429538,
        1481799166470022
    ],
    "spiking_rate": 1.0993280001228407,
    "threshold": 30.0
}
