{
    "count_spike": 483,
    "creation_time": 3432,
    "potential": 0.3226457274741922,
    "recent_spikes": [
        1,
        0,
        0,
        2,
        17
    ],
    "spike_train": [
        1481799158809262,
        1481799158832007,
        1481799161159285,
        1481799161231409,
        1481799161271613,
        1481799161349638,
        1481799161417586,
        1481799161448541,
        1481799161468274,
        1481799161495296,
        1481799161513522,
        1481799161534810,
        1481799161584832,
        1481799161606560,
        1481799161632932,
        1481799161651999,
        1481799161670693,
        1481799161702845,
        1481799161755445,
        1481799161785834,
        1481799161807589,
        1481799161827297,
        1481799161850451,
        1481799162796764,
        1481799162887908,
        1481799166134482
    ],
    "spiking_rate": 5.151774720081894,
    "threshold": 30.0
}
