{
    "count_spike": 5,
    "creation_time": 3432,
    "potential": 0.6514726002688915,
    "recent_spikes": [
        0,
        0,
        0,
        0,
        0
    ],
    "spike_train": [],
    "spiking_rate": 1.532006083606972e-128,
    "threshold": 30.0
}
