{
    "count_spike": 285,
    "creation_time": 3432,
    "potential": 0.3051077088519144,
    "recent_spikes": [
        0,
        0,
        0,
        0,
        0
    ],
    "spike_train": [],
    "spiking_rate": 0.0015999991808,
    "threshold": 30.0
}
