{
    "count_spike": 13,
    "creation_time": 3432,
    "potential": 0.2795568277944415,
    "recent_spikes": [
        0,
        0,
        0,
        0,
        0
    ],
    "spike_train": [],
    "spiking_rate": 1.1692011901768304e-116,
    "threshold": 30.0
}
