{
    "count_spike": 40,
    "creation_time": 3432,
    "potential": 0.014293505116779622,
    "recent_spikes": [
        0,
        0,
        0,
        0,
        0
    ],
    "spike_train": [],
    "spiking_rate": 6.226068925386388e-130,
    "threshold": 30.0
}
