{
    "count_spike": 93,
    "creation_time": 3432,
    "potential": 0.1501407372112625,
    "recent_spikes": [
        0,
        0,
        0,
        0,
        0
    ],
    "spike_train": [],
    "spiking_rate": 5.120000000008386e-07,
    "threshold": 30.0
}
