{
    "count_spike": 189,
    "creation_time": 3432,
    "potential": 9.662463178145256,
    "recent_spikes": [
        2,
        0,
        0,
        4,
        5
    ],
    "spike_train": [
        1481799161591952,
        1481799161637874,
        1481799161709722,
        1481799161777975,
        1481799161797563,
        1481799162654114,
        1481799162665828,
        1481799162792346,
        1481799162809800,
        1481799166007393,
        1481799166206676,
        1481799166468497,
        1481799166550917,
        1481799166582804,
        1481799166860596
    ],
    "spiking_rate": 2.648000000040947,
    "threshold": 30.0
}
