{
    "count_spike": 296,
    "creation_time": 3432,
    "potential": 7.352432774103631,
    "recent_spikes": [
        2,
        0,
        0,
        6,
        15
    ],
    "spike_train": [
        1481799161168504,
        1481799161193711,
        1481799161225818,
        1481799161246628,
        1481799161276139,
        1481799161297065,
        1481799161315938,
        1481799161359059,
        1481799161383840,
        1481799161404686,
        1481799161423055,
        1481799161443123,
        1481799161470310,
        1481799161494282,
        1481799161513895,
        1481799161539402,
        1481799161566197,
        1481799161592325,
        1481799161635699,
        1481799161668121,
        1481799162283802,
        1481799162322625,
        1481799162349027,
        1481799162376135,
        1481799162406226,
        1481799162483598,
        1481799162515023,
        1481799162542978,
        1481799162573127,
        1481799162609675,
        1481799166281365,
        1481799166316408
    ],
    "spiking_rate": 6.0962559999999995,
    "threshold": 30.0
}
