{
    "count_spike": 57,
    "creation_time": 3432,
    "potential": 1.5907110112832705,
    "recent_spikes": [
        0,
        0,
        0,
        0,
        0
    ],
    "spike_train": [],
    "spiking_rate": 5.442775625027081e-94,
    "threshold": 30.0
}
