{
    "count_spike": 136,
    "creation_time": 3432,
    "potential": 4.220416253648677,
    "recent_spikes": [
        0,
        0,
        0,
        0,
        0
    ],
    "spike_train": [],
    "spiking_rate": 0.00039999991804067837,
    "threshold": 30.0
}
