{
    "count_spike": 490,
    "creation_time": 3432,
    "potential": 1.764112401093974,
    "recent_spikes": [
        0,
        0,
        0,
        0,
        3
    ],
    "spike_train": [
        1481799161187135,
        1481799161706491,
        1481799161742039,
        1481799161787526,
        1481799166751819
    ],
    "spiking_rate": 0.799744,
    "threshold": 30.0
}
