{
    "count_spike": 163,
    "creation_time": 3432,
    "potential": 1.752434812781805,
    "recent_spikes": [
        0,
        0,
        0,
        0,
        0
    ],
    "spike_train": [
        1481799160030006,
        1481799160071265,
        1481799160110283,
        1481799160955574
    ],
    "spiking_rate": 0.0799744,
    "threshold": 30.0
}
