{
    "count_spike": 8,
    "creation_time": 3432,
    "potential": 0.6996684979723817,
    "recent_spikes": [
        0,
        0,
        0,
        0,
        0
    ],
    "spike_train": [],
    "spiking_rate": 1.0063108374528e-19,
    "threshold": 30.0
}
