{
    "count_spike": 47,
    "creation_time": 3432,
    "potential": 0.7733843620111981,
    "recent_spikes": [
        0,
        0,
        0,
        0,
        2
    ],
    "spike_train": [
        1481799162112721,
        1481799162246242
    ],
    "spiking_rate": 0.49984,
    "threshold": 30.0
}
