{
    "count_spike": 225,
    "creation_time": 3432,
    "potential": 3.4868207349267397,
    "recent_spikes": [
        0,
        0,
        1,
        2,
        0
    ],
    "spike_train": [
        1481799158842659,
        1481799158864942,
        1481799163060262,
        1481799163103005,
        1481799164119362
    ],
    "spiking_rate": 0.75119872,
    "threshold": 30.0
}
