{
    "count_spike": 775,
    "creation_time": 3432,
    "potential": 4.182552233415229,
    "recent_spikes": [
        0,
        0,
        0,
        0,
        0
    ],
    "spike_train": [
        1481799159296859,
        1481799159311688
    ],
    "spiking_rate": 0.004001996767233553,
    "threshold": 30.0
}
