{
    "count_spike": 88,
    "creation_time": 3432,
    "potential": 0.9076127671841029,
    "recent_spikes": [
        0,
        0,
        0,
        0,
        0
    ],
    "spike_train": [],
    "spiking_rate": 9.995394559185184e-68,
    "threshold": 30.0
}
