{
    "count_spike": 49,
    "creation_time": 3432,
    "potential": 4.2431247462072874e-05,
    "recent_spikes": [
        0,
        0,
        0,
        0,
        0
    ],
    "spike_train": [],
    "spiking_rate": 6.644013486270111e-86,
    "threshold": 30.0
}
