{
    "count_spike": 259,
    "creation_time": 3432,
    "potential": 4.282948530591118,
    "recent_spikes": [
        0,
        0,
        0,
        0,
        0
    ],
    "spike_train": [
        1481799158986093,
        1481799160997932,
        1481799161140227,
        1481799166644119,
        1481799166901808
    ],
    "spiking_rate": 0.10199934996473448,
    "threshold": 30.0
}
