{
    "count_spike": 97,
    "creation_time": 3432,
    "potential": 0.3190748306011466,
    "recent_spikes": [
        0,
        0,
        0,
        0,
        0
    ],
    "spike_train": [
        1481799160640581,
        1481799160734076,
        1481799160773086,
        1481799160831443,
        1481799161011818,
        1481799161063557
    ],
    "spiking_rate": 0.2999840002044068,
    "threshold": 30.0
}
