{
    "count_spike": 71,
    "creation_time": 3432,
    "potential": 1.1596381580988353,
    "recent_spikes": [
        0,
        0,
        0,
        0,
        0
    ],
    "spike_train": [],
    "spiking_rate": 1.3417477832704004e-19,
    "threshold": 30.0
}
