{
    "count_spike": 214,
    "creation_time": 3432,
    "potential": 3.7684761778418596,
    "recent_spikes": [
        1,
        0,
        1,
        9,
        3
    ],
    "spike_train": [
        1481799161443444,
        1481799161522632,
        1481799161594125,
        1481799162395948,
        1481799162430189,
        1481799162488879,
        1481799162500860,
        1481799162525842,
        1481799162624746,
        1481799162643206,
        1481799162841871,
        1481799162896723,
        1481799163770773,
        1481799166379978,
        1481799166632873
    ],
    "spiking_rate": 3.4441600000818937,
    "threshold": 30.0
}
