{
    "count_spike": 114,
    "creation_time": 3432,
    "potential": 1.704317450647903,
    "recent_spikes": [
        1,
        0,
        0,
        0,
        3
    ],
    "spike_train": [
        1481799158651345,
        1481799160462055,
        1481799161199916,
        1481799161281734,
        1481799161308515,
        1481799161413033,
        1481799161568152,
        1481799161590859,
        1481799165852658,
        1481799166466510
    ],
    "spiking_rate": 1.1516953600818938,
    "threshold": 30.0
}
