{
    "count_spike": 831,
    "creation_time": 3432,
    "potential": 3.0808000163679083,
    "recent_spikes": [
        0,
        0,
        0,
        0,
        0
    ],
    "spike_train": [],
    "spiking_rate": 1.7587119319014214e-32,
    "threshold": 30.0
}
