{
    "count_spike": 20,
    "creation_time": 3432,
    "potential": 1.047561885254983,
    "recent_spikes": [
        0,
        0,
        0,
        0,
        0
    ],
    "spike_train": [],
    "spiking_rate": 2.0126217202459405e-19,
    "threshold": 30.0
}
