{
    "count_spike": 281,
    "creation_time": 3432,
    "potential": 3.6426199528148273,
    "recent_spikes": [
        0,
        1,
        0,
        18,
        38
    ],
    "spike_train": [
        1481799160920658,
        1481799160955464,
        1481799161676556,
        1481799161729479,
        1481799161784684,
        1481799161804893,
        1481799161819945,
        1481799161841223,
        1481799161855387,
        1481799161872304,
        1481799161884765,
        1481799161901257,
        1481799161921654,
        1481799161936513,
        1481799161954738,
        1481799161964714,
        1481799161974769,
        1481799161987653,
        1481799161998892,
        1481799162011019,
        1481799162025845,
        1481799162042700,
        1481799162058571,
        1481799162076311,
        1481799162090987,
        1481799162103411,
        1481799162118924,
        1481799162131704,
        1481799162141109,
        1481799162151059,
        1481799162161734,
        1481799162173162,
        1481799162189197,
        1481799162200904,
        1481799162210057,
        1481799162220721,
        1481799162237828,
        1481799162255622,
        1481799162282544,
        1481799162297862,
        1481799162882354,
        1481799162905722,
        1481799162924309,
        1481799162952425,
        1481799162971675,
        1481799162984566,
        1481799162998976,
        1481799163019743,
        1481799163092610,
        1481799163111543,
        1481799163126372,
        1481799163147418,
        1481799163170700,
        1481799163188861,
        1481799163201616,
        1481799163218954,
        1481799163280898,
        1481799163300601,
        1481799164486149,
        1481799166493245,
        1481799166579358,
        1481799166600458,
        1481799166637020,
        1481799166878917,
        1481799166897788,
        1481799166914730,
        1481799166930741,
        1481799167036801,
        1481799167051492,
        1481799167060330,
        1481799167071883
    ],
    "spiking_rate": 14.329775984844735,
    "threshold": 30.0
}
