{
    "count_spike": 79,
    "creation_time": 3432,
    "potential": 1.3009558324142103,
    "recent_spikes": [
        0,
        0,
        0,
        0,
        0
    ],
    "spike_train": [],
    "spiking_rate": 4.396639136220447e-32,
    "threshold": 30.0
}
