{
    "count_spike": 213,
    "creation_time": 3432,
    "potential": 0.27529866086692845,
    "recent_spikes": [
        0,
        0,
        0,
        0,
        0
    ],
    "spike_train": [],
    "spiking_rate": 1.2804093378560003e-07,
    "threshold": 30.0
}
