{
    "count_spike": 107,
    "creation_time": 3432,
    "potential": 2.0812180877654654,
    "recent_spikes": [
        0,
        1,
        0,
        0,
        1
    ],
    "spike_train": [
        1481799161699320,
        1481799164521241
    ],
    "spiking_rate": 0.48995936255999994,
    "threshold": 30.0
}
