{
    "count_spike": 130,
    "creation_time": 3432,
    "potential": 5.429156820309688,
    "recent_spikes": [
        0,
        0,
        1,
        0,
        0
    ],
    "spike_train": [
        1481799164124654
    ],
    "spiking_rate": 0.2480000010236723,
    "threshold": 30.0
}
