{
    "count_spike": 3,
    "creation_time": 3432,
    "potential": 0.4284184330903946,
    "recent_spikes": [
        0,
        0,
        0,
        0,
        0
    ],
    "spike_train": [],
    "spiking_rate": 7.480493858851621e-120,
    "threshold": 30.0
}
