{
    "count_spike": 332,
    "creation_time": 3432,
    "potential": 8.131682287129836,
    "recent_spikes": [
        0,
        0,
        0,
        0,
        1
    ],
    "spike_train": [
        1481799160829117,
        1481799161672229,
        1481799166848901,
        1481799166880068
    ],
    "spiking_rate": 0.29991999488000004,
    "threshold": 30.0
}
