{
    "count_spike": 161,
    "creation_time": 3432,
    "potential": 1.875903151587551,
    "recent_spikes": [
        0,
        0,
        1,
        1,
        3
    ],
    "spike_train": [
        1481799161566264,
        1481799161673079,
        1481799161780975,
        1481799162653137,
        1481799163767925
    ],
    "spiking_rate": 1.2473765069209468,
    "threshold": 30.0
}
