{
    "count_spike": 23,
    "creation_time": 3432,
    "potential": 0.44865954288313326,
    "recent_spikes": [
        0,
        0,
        0,
        0,
        0
    ],
    "spike_train": [
        1481799166757906
    ],
    "spiking_rate": 1.6378757126708735e-10,
    "threshold": 30.0
}
