{
    "count_spike": 256,
    "creation_time": 3432,
    "potential": 0.9155350536118112,
    "recent_spikes": [
        0,
        0,
        0,
        0,
        0
    ],
    "spike_train": [],
    "spiking_rate": 8.18937856e-11,
    "threshold": 30.0
}
