{
    "count_spike": 84,
    "creation_time": 3432,
    "potential": 1.3607935682893646,
    "recent_spikes": [
        0,
        0,
        0,
        0,
        0
    ],
    "spike_train": [],
    "spiking_rate": 8.243698380413335e-28,
    "threshold": 30.0
}
