{
    "count_spike": 125,
    "creation_time": 3432,
    "potential": 20.92244738408395,
    "recent_spikes": [
        0,
        0,
        0,
        0,
        0
    ],
    "spike_train": [],
    "spiking_rate": 0.0004799989759344639,
    "threshold": 30.0
}
