{
    "count_spike": 18,
    "creation_time": 3432,
    "potential": 0.2845701064524063,
    "recent_spikes": [
        0,
        0,
        0,
        0,
        0
    ],
    "spike_train": [],
    "spiking_rate": 5.5556669602934665e-74,
    "threshold": 30.0
}
