{
    "count_spike": 7,
    "creation_time": 3432,
    "potential": 0.2027073912646163,
    "recent_spikes": [
        0,
        0,
        0,
        0,
        0
    ],
    "spike_train": [],
    "spiking_rate": 1.3830630836704471e-45,
    "threshold": 30.0
}
