{
    "count_spike": 188,
    "creation_time": 3432,
    "potential": 0.2572187638808512,
    "recent_spikes": [
        0,
        0,
        0,
        0,
        0
    ],
    "spike_train": [
        1481799160636947,
        1481799160742261,
        1481799160890549,
        1481799160940828,
        1481799160993008,
        1481799161024331,
        1481799161050328,
        1481799161087339
    ],
    "spiking_rate": 0.39987200016378754,
    "threshold": 30.0
}
