{
    "count_spike": 26,
    "creation_time": 3432,
    "potential": 0.8765625358505008,
    "recent_spikes": [
        0,
        0,
        0,
        0,
        0
    ],
    "spike_train": [],
    "spiking_rate": 6.869748661824959e-28,
    "threshold": 30.0
}
