{
    "count_spike": 24,
    "creation_time": 3432,
    "potential": 0.8838912274043935,
    "recent_spikes": [
        0,
        0,
        0,
        0,
        0
    ],
    "spike_train": [],
    "spiking_rate": 1.3750488926667942e-27,
    "threshold": 30.0
}
