{
    "count_spike": 2,
    "creation_time": 3432,
    "potential": 0.6897839479734253,
    "recent_spikes": [
        0,
        0,
        0,
        0,
        0
    ],
    "spike_train": [],
    "spiking_rate": 1.0181920624110293e-211,
    "threshold": 30.0
}
