{
    "count_spike": 102,
    "creation_time": 3432,
    "potential": -0.01690187732121535,
    "recent_spikes": [
        0,
        0,
        0,
        0,
        0
    ],
    "spike_train": [],
    "spiking_rate": 2.305105139450746e-45,
    "threshold": 30.0
}
