{
    "count_spike": 28,
    "creation_time": 3432,
    "potential": 2.4610984709979915,
    "recent_spikes": [
        0,
        0,
        0,
        0,
        0
    ],
    "spike_train": [],
    "spiking_rate": 1.2799998689280003e-07,
    "threshold": 30.0
}
