{
    "count_spike": 59,
    "creation_time": 3432,
    "potential": 0.7053442539903971,
    "recent_spikes": [
        0,
        0,
        0,
        0,
        0
    ],
    "spike_train": [],
    "spiking_rate": 5.501294738910789e-27,
    "threshold": 30.0
}
