{
    "count_spike": 77,
    "creation_time": 3432,
    "potential": 0.27359082682931857,
    "recent_spikes": [
        0,
        0,
        0,
        0,
        0
    ],
    "spike_train": [],
    "spiking_rate": 1.5113447216471824e-27,
    "threshold": 30.0
}
