{
    "count_spike": 270,
    "creation_time": 3432,
    "potential": 5.4273171894117,
    "recent_spikes": [
        0,
        0,
        1,
        0,
        3
    ],
    "spike_train": [
        1481799159016145,
        1481799159037713,
        1481799159068464,
        1481799159088274,
        1481799159132890,
        1481799159184511,
        1481799161412957,
        1481799161444306,
        1481799161462467,
        1481799164354374,
        1481799166794070
    ],
    "spiking_rate": 1.0098201397247344,
    "threshold": 30.0
}
