{
    "count_spike": 251,
    "creation_time": 3432,
    "potential": 0.38721211700386693,
    "recent_spikes": [
        0,
        0,
        0,
        0,
        0
    ],
    "spike_train": [],
    "spiking_rate": 2.8138490471810863e-36,
    "threshold": 30.0
}
