{
    "count_spike": 56,
    "creation_time": 3432,
    "potential": 0.12480166375588436,
    "recent_spikes": [
        0,
        0,
        0,
        0,
        0
    ],
    "spike_train": [],
    "spiking_rate": 0.002000664363008,
    "threshold": 30.0
}
