{
    "count_spike": 6,
    "creation_time": 3432,
    "potential": 10.386227807239687,
    "recent_spikes": [
        0,
        0,
        0,
        0,
        0
    ],
    "spike_train": [],
    "spiking_rate": 3.322006607065662e-83,
    "threshold": 30.0
}
