{
    "count_spike": 23,
    "creation_time": 3432,
    "potential": 0.03297801847017984,
    "recent_spikes": [
        0,
        0,
        0,
        0,
        0
    ],
    "spike_train": [],
    "spiking_rate": 6.336226059949085e-72,
    "threshold": 30.0
}
