{
    "count_spike": 2,
    "creation_time": 3432,
    "potential": 0.03529040545726474,
    "recent_spikes": [
        0,
        0,
        0,
        0,
        0
    ],
    "spike_train": [],
    "spiking_rate": 8.541214080277662e-228,
    "threshold": 30.0
}
