{
    "count_spike": 202,
    "creation_time": 3432,
    "potential": 13.565732432650181,
    "recent_spikes": [
        0,
        0,
        2,
        12,
        0
    ],
    "spike_train": [
        1481799158442890,
        1481799158486575,
        1481799158527795,
        1481799158597095,
        1481799162857711,
        1481799162952929,
        1481799162970302,
        1481799163082818,
        1481799163101161,
        1481799163115411,
        1481799163140291,
        1481799163189948,
        1481799163226118,
        1481799163246066,
        1481799163275886,
        1481799163344524,
        1481799164098806,
        1481799164133223,
        1481799166396128,
        1481799166429877,
        1481799166784287,
        1481799166807258,
        1481799166832571,
        1481799166861485,
        1481799166880189,
        1481799166897927,
        1481799166917801,
        1481799167042734,
        1481799167066945,
        1481799167108566,
        1481799167131739
    ],
    "spiking_rate": 3.49921394688,
    "threshold": 30.0
}
