{
    "count_spike": 70,
    "creation_time": 3432,
    "potential": 0.575985329095568,
    "recent_spikes": [
        0,
        0,
        0,
        0,
        0
    ],
    "spike_train": [],
    "spiking_rate": 1.8446742275403387e-47,
    "threshold": 30.0
}
