{
    "count_spike": 60,
    "creation_time": 3432,
    "potential": 1.5105990760150583,
    "recent_spikes": [
        0,
        0,
        0,
        0,
        0
    ],
    "spike_train": [],
    "spiking_rate": 2.0473446400000002e-10,
    "threshold": 30.0
}
