{
    "count_spike": 71,
    "creation_time": 3432,
    "potential": 1.2614154333939922,
    "recent_spikes": [
        0,
        0,
        0,
        0,
        0
    ],
    "spike_train": [],
    "spiking_rate": 1.5106737042102406e-56,
    "threshold": 30.0
}
