{
    "count_spike": 107,
    "creation_time": 3432,
    "potential": 5.893378225077257,
    "recent_spikes": [
        1,
        0,
        0,
        0,
        1
    ],
    "spike_train": [
        1481799160635005,
        1481799161639049,
        1481799166241431,
        1481799166547784
    ],
    "spiking_rate": 0.4999199949209469,
    "threshold": 30.0
}
