{
    "count_spike": 176,
    "creation_time": 3432,
    "potential": 2.6657513189693507,
    "recent_spikes": [
        0,
        0,
        2,
        0,
        0
    ],
    "spike_train": [
        1481799158979946,
        1481799160817862,
        1481799160866035,
        1481799160896633,
        1481799160918212,
        1481799160937350,
        1481799164278019,
        1481799164333353,
        1481799166636220
    ],
    "spiking_rate": 0.7479513499647344,
    "threshold": 30.0
}
