{
    "count_spike": 105,
    "creation_time": 3432,
    "potential": 6.713857106499779,
    "recent_spikes": [
        0,
        0,
        0,
        0,
        0
    ],
    "spike_train": [
        1481799167134208
    ],
    "spiking_rate": 0.0007999995904,
    "threshold": 30.0
}
