{
    "count_spike": 216,
    "creation_time": 3432,
    "potential": 2.816884697682675,
    "recent_spikes": [
        0,
        0,
        0,
        1,
        0
    ],
    "spike_train": [
        1481799158856576,
        1481799159536056,
        1481799162484812
    ],
    "spiking_rate": 0.26161215488,
    "threshold": 30.0
}
