{
    "count_spike": 201,
    "creation_time": 3432,
    "potential": 0.1586754043506273,
    "recent_spikes": [
        0,
        0,
        0,
        2,
        0
    ],
    "spike_train": [
        1481799162656312,
        1481799162748449
    ],
    "spiking_rate": 0.49921599594494676,
    "threshold": 30.0
}
