{
    "count_spike": 104,
    "creation_time": 3432,
    "potential": 8.632750179308648,
    "recent_spikes": [
        0,
        0,
        0,
        0,
        0
    ],
    "spike_train": [],
    "spiking_rate": 1.8008634270775779e-40,
    "threshold": 30.0
}
