{
    "count_spike": 12,
    "creation_time": 3432,
    "potential": 0.5777584470928676,
    "recent_spikes": [
        0,
        0,
        0,
        0,
        0
    ],
    "spike_train": [],
    "spiking_rate": 7.920280950225979e-70,
    "threshold": 30.0
}
