{
    "count_spike": 172,
    "creation_time": 3432,
    "potential": 1.191647360707854,
    "recent_spikes": [
        0,
        0,
        0,
        0,
        0
    ],
    "spike_train": [
        1481799160633390,
        1481799160940113,
        1481799161091704,
        1481799161158377
    ],
    "spiking_rate": 0.19993600016378757,
    "threshold": 30.0
}
