{
    "count_spike": 49,
    "creation_time": 3432,
    "potential": 1.2434502639168306,
    "recent_spikes": [
        0,
        0,
        0,
        0,
        0
    ],
    "spike_train": [],
    "spiking_rate": 2.473075779870118e-188,
    "threshold": 30.0
}
