{
    "count_spike": 127,
    "creation_time": 3432,
    "potential": 2.460597028098084,
    "recent_spikes": [
        0,
        0,
        0,
        0,
        0
    ],
    "spike_train": [],
    "spiking_rate": 3.271181566980861e-78,
    "threshold": 30.0
}
