{
    "count_spike": 106,
    "creation_time": 3432,
    "potential": 0.7293249477542152,
    "recent_spikes": [
        0,
        0,
        0,
        0,
        0
    ],
    "spike_train": [
        1481799158875729
    ],
    "spiking_rate": 0.0020153548799999995,
    "threshold": 30.0
}
