{
    "count_spike": 49,
    "creation_time": 3432,
    "potential": 0.750822411757723,
    "recent_spikes": [
        0,
        0,
        0,
        0,
        0
    ],
    "spike_train": [
        1481799158856305
    ],
    "spiking_rate": 0.00199936,
    "threshold": 30.0
}
