{
    "count_spike": 38,
    "creation_time": 3432,
    "potential": 1.066006375180108,
    "recent_spikes": [
        0,
        0,
        0,
        0,
        0
    ],
    "spike_train": [],
    "spiking_rate": 2.108695600188164e-75,
    "threshold": 30.0
}
