{
    "count_spike": 61,
    "creation_time": 3432,
    "potential": 0.8241039514932278,
    "recent_spikes": [
        0,
        0,
        0,
        0,
        0
    ],
    "spike_train": [],
    "spiking_rate": 3.1691277981263883e-71,
    "threshold": 30.0
}
