{
    "count_spike": 110,
    "creation_time": 3432,
    "potential": 1.7207428935835014,
    "recent_spikes": [
        0,
        0,
        0,
        0,
        0
    ],
    "spike_train": [],
    "spiking_rate": 1.599488e-05,
    "threshold": 30.0
}
