{
    "count_spike": 145,
    "creation_time": 3432,
    "potential": 0.5774463713950292,
    "recent_spikes": [
        0,
        0,
        0,
        0,
        0
    ],
    "spike_train": [],
    "spiking_rate": 1.5995903672320003e-05,
    "threshold": 30.0
}
