{
    "count_spike": 53,
    "creation_time": 3432,
    "potential": 0.17936258576390374,
    "recent_spikes": [
        0,
        0,
        0,
        0,
        0
    ],
    "spike_train": [],
    "spiking_rate": 3.495229195432058e-131,
    "threshold": 30.0
}
