{
    "count_spike": 77,
    "creation_time": 3432,
    "potential": 1.1613897119349224,
    "recent_spikes": [
        0,
        0,
        0,
        0,
        0
    ],
    "spike_train": [],
    "spiking_rate": 2.0169670029206247e-42,
    "threshold": 30.0
}
