{
    "count_spike": 11,
    "creation_time": 3432,
    "potential": 8.534912645957052,
    "recent_spikes": [
        0,
        0,
        0,
        0,
        0
    ],
    "spike_train": [],
    "spiking_rate": 3.275769873032021e-13,
    "threshold": 30.0
}
