{
    "count_spike": 267,
    "creation_time": 3432,
    "potential": 17.119154566070417,
    "recent_spikes": [
        4,
        0,
        1,
        16,
        1
    ],
    "spike_train": [
        1481799158636179,
        1481799158664521,
        1481799158862635,
        1481799158896397,
        1481799158920678,
        1481799158954500,
        1481799158981086,
        1481799158999927,
        1481799159020486,
        1481799159149333,
        1481799162059860,
        1481799162812084,
        1481799162840893,
        1481799162857376,
        1481799162875685,
        1481799162897020,
        1481799162916319,
        1481799162935021,
        1481799162953135,
        1481799163026821,
        1481799163047465,
        1481799163061612,
        1481799163079221,
        1481799163096628,
        1481799163123888,
        1481799163154468,
        1481799163244084,
        1481799164335355,
        1481799166216633,
        1481799166326029,
        1481799166351813,
        1481799166377015,
        1481799166463636,
        1481799166480660,
        1481799166501771,
        1481799166526883,
        1481799166551538,
        1481799166579542,
        1481799166730906,
        1481799166761164,
        1481799166797201,
        1481799166817161,
        1481799166838565,
        1481799166858739,
        1481799166877457,
        1481799166892468,
        1481799166910109,
        1481799166930023,
        1481799167175517
    ],
    "spiking_rate": 5.3115136,
    "threshold": 30.0
}
