{
    "count_spike": 88,
    "creation_time": 3432,
    "potential": 0.27586695739267375,
    "recent_spikes": [
        0,
        0,
        0,
        0,
        0
    ],
    "spike_train": [],
    "spiking_rate": 1.648739676082667e-27,
    "threshold": 30.0
}
