{
    "count_spike": 27,
    "creation_time": 3432,
    "potential": 0.359199160963066,
    "recent_spikes": [
        0,
        0,
        0,
        0,
        0
    ],
    "spike_train": [],
    "spiking_rate": 2.8434015649789696e-131,
    "threshold": 30.0
}
