{
    "count_spike": 8,
    "creation_time": 3432,
    "potential": 1.642134034646281,
    "recent_spikes": [
        0,
        0,
        0,
        0,
        0
    ],
    "spike_train": [],
    "spiking_rate": 2.3529893433017778e-116,
    "threshold": 30.0
}
