{
    "count_spike": 53,
    "creation_time": 3432,
    "potential": 0.061753903567063055,
    "recent_spikes": [
        0,
        0,
        0,
        0,
        0
    ],
    "spike_train": [],
    "spiking_rate": 2.027323055378627e-261,
    "threshold": 30.0
}
