{
    "count_spike": 14,
    "creation_time": 3432,
    "potential": 0.22492506779709204,
    "recent_spikes": [
        0,
        0,
        0,
        0,
        0
    ],
    "spike_train": [],
    "spiking_rate": 1.3417535813382612e-21,
    "threshold": 30.0
}
