{
    "count_spike": 6,
    "creation_time": 3432,
    "potential": 0.1276253759062947,
    "recent_spikes": [
        0,
        0,
        0,
        0,
        0
    ],
    "spike_train": [],
    "spiking_rate": 1.183788153163268e-116,
    "threshold": 30.0
}
