{
    "count_spike": 317,
    "creation_time": 3432,
    "potential": 0.7336033004307495,
    "recent_spikes": [
        1,
        0,
        0,
        1,
        6
    ],
    "spike_train": [
        1481799159962635,
        1481799161005473,
        1481799161027479,
        1481799161050746,
        1481799161074917,
        1481799161100178,
        1481799161142576,
        1481799161175978,
        1481799161210561,
        1481799161235569,
        1481799161260904,
        1481799161288916,
        1481799161323728,
        1481799161378595,
        1481799161410556,
        1481799161435385,
        1481799161461663,
        1481799161502225,
        1481799161602028,
        1481799161640424,
        1481799162675101,
        1481799166331941
    ],
    "spiking_rate": 2.6089088,
    "threshold": 30.0
}
