{
    "count_spike": 78,
    "creation_time": 3432,
    "potential": 1.5408155052394052,
    "recent_spikes": [
        0,
        0,
        0,
        7,
        0
    ],
    "spike_train": [
        1481799162637612,
        1481799162717675,
        1481799162768094,
        1481799162808503,
        1481799162847696,
        1481799162878890,
        1481799162939238
    ],
    "spiking_rate": 1.747600320204636,
    "threshold": 30.0
}
