{
    "count_spike": 103,
    "creation_time": 3432,
    "potential": 15.286999716634897,
    "recent_spikes": [
        0,
        0,
        0,
        0,
        0
    ],
    "spike_train": [],
    "spiking_rate": 1.59949209468928e-05,
    "threshold": 30.0
}
