{
    "count_spike": 26,
    "creation_time": 3432,
    "potential": 8.453106497058346,
    "recent_spikes": [
        0,
        0,
        0,
        0,
        0
    ],
    "spike_train": [],
    "spiking_rate": 6.609949669820593e-74,
    "threshold": 30.0
}
