{
    "count_spike": 109,
    "creation_time": 3432,
    "potential": 1.308530607306079,
    "recent_spikes": [
        0,
        0,
        0,
        0,
        0
    ],
    "spike_train": [
        1481799160940573,
        1481799160967377,
        1481799161004816,
        1481799161282771
    ],
    "spiking_rate": 0.19993600016378757,
    "threshold": 30.0
}
