{
    "count_spike": 8,
    "creation_time": 3432,
    "potential": 0.06252261811855638,
    "recent_spikes": [
        0,
        0,
        0,
        0,
        0
    ],
    "spike_train": [],
    "spiking_rate": 2.1771102589239973e-96,
    "threshold": 30.0
}
