{
    "count_spike": 105,
    "creation_time": 3432,
    "potential": 3.4682497730026984,
    "recent_spikes": [
        0,
        0,
        0,
        0,
        2
    ],
    "spike_train": [
        1481799161649643,
        1481799161845363
    ],
    "spiking_rate": 0.49987618816,
    "threshold": 30.0
}
