{
    "count_spike": 152,
    "creation_time": 3432,
    "potential": 1.100470151556279,
    "recent_spikes": [
        0,
        0,
        0,
        0,
        0
    ],
    "spike_train": [
        1481799161000644,
        1481799161186303
    ],
    "spiking_rate": 0.09999998996473446,
    "threshold": 30.0
}
