{
    "count_spike": 35,
    "creation_time": 3432,
    "potential": 0.7727858790657333,
    "recent_spikes": [
        0,
        0,
        0,
        0,
        0
    ],
    "spike_train": [
        1481799158989853,
        1481799159020064,
        1481799159039852,
        1481799159054498,
        1481799159071286,
        1481799159084700,
        1481799159100632,
        1481799159114541,
        1481799159131745,
        1481799159146005,
        1481799159162049,
        1481799159180865,
        1481799159198100,
        1481799159212509,
        1481799159231275,
        1481799159246188,
        1481799159262365,
        1481799159281557,
        1481799159313918
    ],
    "spiking_rate": 0.03798809591808,
    "threshold": 30.0
}
