{
    "count_spike": 144,
    "creation_time": 3432,
    "potential": -2.7697512193551024,
    "recent_spikes": [
        0,
        0,
        0,
        0,
        0
    ],
    "spike_train": [],
    "spiking_rate": 8.796092121776214e-33,
    "threshold": 30.0
}
