{
    "count_spike": 43,
    "creation_time": 3432,
    "potential": 2.921500316807737e-09,
    "recent_spikes": [
        0,
        0,
        0,
        0,
        0
    ],
    "spike_train": [],
    "spiking_rate": 1.511344706465904e-27,
    "threshold": 30.0
}
