{
    "count_spike": 299,
    "creation_time": 3432,
    "potential": 0.5442653069093614,
    "recent_spikes": [
        0,
        0,
        0,
        0,
        0
    ],
    "spike_train": [],
    "spiking_rate": 1.2804093378560003e-07,
    "threshold": 30.0
}
