{
    "count_spike": 16,
    "creation_time": 3432,
    "potential": 0.830717694053968,
    "recent_spikes": [
        0,
        0,
        0,
        0,
        0
    ],
    "spike_train": [],
    "spiking_rate": 1.2796133302619805e-07,
    "threshold": 30.0
}
