{
    "count_spike": 117,
    "creation_time": 3432,
    "potential": 0.6760642639144793,
    "recent_spikes": [
        0,
        0,
        0,
        0,
        0
    ],
    "spike_train": [],
    "spiking_rate": 2.305105139450746e-45,
    "threshold": 30.0
}
