{
    "count_spike": 7,
    "creation_time": 3432,
    "potential": 1.7103280780485504,
    "recent_spikes": [
        0,
        0,
        0,
        0,
        0
    ],
    "spike_train": [],
    "spiking_rate": 6.490370408554537e-79,
    "threshold": 30.0
}
