{
    "count_spike": 108,
    "creation_time": 3432,
    "potential": 0.8906300820709547,
    "recent_spikes": [
        0,
        0,
        0,
        0,
        0
    ],
    "spike_train": [],
    "spiking_rate": 0.000799999631346893,
    "threshold": 30.0
}
