{
    "count_spike": 85,
    "creation_time": 3432,
    "potential": 0.656963164852228,
    "recent_spikes": [
        0,
        0,
        0,
        0,
        0
    ],
    "spike_train": [],
    "spiking_rate": 8.243698380413335e-28,
    "threshold": 30.0
}
