{
    "count_spike": 14,
    "creation_time": 3432,
    "potential": 0.4920273376764132,
    "recent_spikes": [
        0,
        0,
        0,
        0,
        0
    ],
    "spike_train": [],
    "spiking_rate": 7.419328542372007e-28,
    "threshold": 30.0
}
