{
    "count_spike": 6,
    "creation_time": 3432,
    "potential": 18.333922447868627,
    "recent_spikes": [
        0,
        0,
        0,
        0,
        0
    ],
    "spike_train": [],
    "spiking_rate": 7.277270723603223e-79,
    "threshold": 30.0
}
