{
    "count_spike": 42,
    "creation_time": 3432,
    "potential": 0.02385211514075908,
    "recent_spikes": [
        0,
        0,
        0,
        0,
        0
    ],
    "spike_train": [],
    "spiking_rate": 7.13623773278272e-107,
    "threshold": 30.0
}
