{
    "count_spike": 353,
    "creation_time": 3432,
    "potential": 1.367396655700935,
    "recent_spikes": [
        0,
        0,
        0,
        0,
        0
    ],
    "spike_train": [
        1481799160605405,
        1481799160652887,
        1481799160951523,
        1481799160988626
    ],
    "spiking_rate": 0.19993602559279214,
    "threshold": 30.0
}
