{
    "count_spike": 19,
    "creation_time": 3432,
    "potential": 0.298266028893664,
    "recent_spikes": [
        0,
        0,
        0,
        0,
        0
    ],
    "spike_train": [],
    "spiking_rate": 2.047344640000005e-10,
    "threshold": 30.0
}
