{
    "count_spike": 566,
    "creation_time": 3432,
    "potential": 0.14810565836107425,
    "recent_spikes": [
        0,
        0,
        0,
        0,
        2
    ],
    "spike_train": [
        1481799161065855,
        1481799161098849,
        1481799161127000,
        1481799161153972,
        1481799161336325,
        1481799161370612,
        1481799161415394,
        1481799161450650
    ],
    "spiking_rate": 0.7997440001637875,
    "threshold": 30.0
}
