{
    "count_spike": 81,
    "creation_time": 3432,
    "potential": 9.310514617404639,
    "recent_spikes": [
        0,
        0,
        0,
        0,
        0
    ],
    "spike_train": [],
    "spiking_rate": 4.610210278931703e-46,
    "threshold": 30.0
}
