{
    "count_spike": 170,
    "creation_time": 3432,
    "potential": 9.879005445503578,
    "recent_spikes": [
        0,
        0,
        0,
        0,
        0
    ],
    "spike_train": [
        1481799158615388,
        1481799158797717,
        1481799166418766,
        1481799166463247
    ],
    "spiking_rate": 0.003998720163787571,
    "threshold": 30.0
}
