{
    "count_spike": 34,
    "creation_time": 3432,
    "potential": 0.3137457722890856,
    "recent_spikes": [
        0,
        0,
        0,
        0,
        0
    ],
    "spike_train": [],
    "spiking_rate": 1.1688271654455803e-116,
    "threshold": 30.0
}
