{
    "count_spike": 223,
    "creation_time": 3432,
    "potential": 0.646474325049845,
    "recent_spikes": [
        0,
        0,
        0,
        1,
        0
    ],
    "spike_train": [
        1481799163283019
    ],
    "spiking_rate": 0.24961599488,
    "threshold": 30.0
}
