{
    "count_spike": 95,
    "creation_time": 3432,
    "potential": 0.29627484591244085,
    "recent_spikes": [
        0,
        0,
        0,
        0,
        0
    ],
    "spike_train": [],
    "spiking_rate": 1.5995903672320837e-05,
    "threshold": 30.0
}
