{
    "count_spike": 35,
    "creation_time": 3432,
    "potential": 0.5792015365226322,
    "recent_spikes": [
        0,
        0,
        0,
        0,
        0
    ],
    "spike_train": [],
    "spiking_rate": 5.762762848664628e-44,
    "threshold": 30.0
}
