{
    "count_spike": 116,
    "creation_time": 3432,
    "potential": 8.691245003365845,
    "recent_spikes": [
        0,
        0,
        0,
        0,
        0
    ],
    "spike_train": [
        1481799158809412
    ],
    "spiking_rate": 0.00201535590367232,
    "threshold": 30.0
}
