{
    "count_spike": 108,
    "creation_time": 3432,
    "potential": 2.791911612178939,
    "recent_spikes": [
        1,
        0,
        0,
        4,
        6
    ],
    "spike_train": [
        1481799161271712,
        1481799161307405,
        1481799161413434,
        1481799161474725,
        1481799161526361,
        1481799161564489,
        1481799162304580,
        1481799162354217,
        1481799162403335,
        1481799162456155,
        1481799162590903,
        1481799162791083,
        1481799166330746
    ],
    "spiking_rate": 2.797888,
    "threshold": 30.0
}
