{
    "count_spike": 2,
    "creation_time": 3432,
    "potential": 0.32338468762912065,
    "recent_spikes": [
        0,
        0,
        0,
        0,
        0
    ],
    "spike_train": [],
    "spiking_rate": 1.7834887168053674e-105,
    "threshold": 30.0
}
