{
    "count_spike": 44,
    "creation_time": 3432,
    "potential": 1.4517355598018202,
    "recent_spikes": [
        0,
        0,
        0,
        0,
        0
    ],
    "spike_train": [],
    "spiking_rate": 1.6220735386062803e-77,
    "threshold": 30.0
}
