{
    "count_spike": 144,
    "creation_time": 3432,
    "potential": 0.1102746928789443,
    "recent_spikes": [
        0,
        0,
        0,
        0,
        0
    ],
    "spike_train": [],
    "spiking_rate": 3.3543698978618965e-20,
    "threshold": 30.0
}
