{
    "count_spike": 210,
    "creation_time": 3432,
    "potential": 0.3173324635764594,
    "recent_spikes": [
        0,
        0,
        0,
        0,
        0
    ],
    "spike_train": [
        1481799160619231
    ],
    "spiking_rate": 0.049984025593118826,
    "threshold": 30.0
}
