{
    "count_spike": 114,
    "creation_time": 3432,
    "potential": 1.6868277347894554,
    "recent_spikes": [
        0,
        0,
        0,
        0,
        0
    ],
    "spike_train": [],
    "spiking_rate": 1.6771847290960076e-18,
    "threshold": 30.0
}
