{
    "count_spike": 13,
    "creation_time": 3432,
    "potential": 0.7394343961435637,
    "recent_spikes": [
        0,
        0,
        0,
        0,
        0
    ],
    "spike_train": [],
    "spiking_rate": 1.1765799492808793e-130,
    "threshold": 30.0
}
