{
    "count_spike": 25,
    "creation_time": 3432,
    "potential": 0.986003973226985,
    "recent_spikes": [
        0,
        0,
        0,
        0,
        0
    ],
    "spike_train": [],
    "spiking_rate": 1.006310837452802e-18,
    "threshold": 30.0
}
