{
    "count_spike": 298,
    "creation_time": 3432,
    "potential": 16.44872273763285,
    "recent_spikes": [
        5,
        0,
        1,
        17,
        1
    ],
    "spike_train": [
        1481799158592399,
        1481799158612416,
        1481799158818795,
        1481799158843816,
        1481799158891257,
        1481799158917441,
        1481799158940664,
        1481799158963169,
        1481799158977293,
        1481799159403840,
        1481799159637873,
        1481799162376376,
        1481799162712425,
        1481799162764965,
        1481799162789691,
        1481799162806124,
        1481799162819492,
        1481799162873296,
        1481799162889444,
        1481799162902927,
        1481799162921850,
        1481799162975551,
        1481799162994564,
        1481799163011295,
        1481799163030745,
        1481799163058104,
        1481799163089520,
        1481799163148200,
        1481799163218035,
        1481799164293678,
        1481799166112015,
        1481799166146392,
        1481799166275605,
        1481799166320852,
        1481799166345238,
        1481799166459947,
        1481799166496759,
        1481799166537336,
        1481799166653887,
        1481799166681244,
        1481799166723073,
        1481799166750199,
        1481799166769306,
        1481799166790100,
        1481799166829296,
        1481799166845626,
        1481799166858157,
        1481799167145856
    ],
    "spiking_rate": 5.77910784,
    "threshold": 30.0
}
