{
    "count_spike": 167,
    "creation_time": 3432,
    "potential": 0.9364333063387197,
    "recent_spikes": [
        0,
        0,
        0,
        0,
        0
    ],
    "spike_train": [],
    "spiking_rate": 6.708738916352002e-21,
    "threshold": 30.0
}
