{
    "count_spike": 108,
    "creation_time": 3432,
    "potential": 4.024123902266283,
    "recent_spikes": [
        0,
        0,
        0,
        0,
        0
    ],
    "spike_train": [],
    "spiking_rate": 0.0007999995904,
    "threshold": 30.0
}
