{
    "count_spike": 12,
    "creation_time": 3432,
    "potential": 3.0144620694329887,
    "recent_spikes": [
        0,
        0,
        0,
        0,
        0
    ],
    "spike_train": [],
    "spiking_rate": 4.09468928e-11,
    "threshold": 30.0
}
