{
    "count_spike": 268,
    "creation_time": 3432,
    "potential": 10.561303687937642,
    "recent_spikes": [
        1,
        1,
        10,
        22,
        1
    ],
    "spike_train": [
        1481799158502286,
        1481799158791907,
        1481799158806757,
        1481799158824998,
        1481799158834327,
        1481799158845766,
        1481799158862643,
        1481799158885191,
        1481799158896392,
        1481799158910766,
        1481799158925725,
        1481799158954926,
        1481799158976296,
        1481799158995184,
        1481799159008224,
        1481799159077894,
        1481799160951386,
        1481799160970446,
        1481799161223517,
        1481799161650880,
        1481799162771065,
        1481799162802224,
        1481799162823566,
        1481799162905293,
        1481799162925486,
        1481799162936404,
        1481799162945960,
        1481799162958306,
        1481799162970162,
        1481799162985221,
        1481799163029800,
        1481799163053780,
        1481799163070812,
        1481799163088017,
        1481799163110823,
        1481799163124659,
        1481799163138282,
        1481799163157474,
        1481799163233648,
        1481799163261678,
        1481799163284064,
        1481799163305501,
        1481799163894776,
        1481799163987798,
        1481799164014386,
        1481799164037204,
        1481799164063511,
        1481799164094682,
        1481799164115239,
        1481799164137312,
        1481799164157570,
        1481799164228858,
        1481799164437804,
        1481799166260729,
        1481799166410927,
        1481799166452874,
        1481799166482399,
        1481799166524533,
        1481799166564318,
        1481799166593880,
        1481799166625378,
        1481799166677778,
        1481799166728752,
        1481799166796506,
        1481799166847910,
        1481799166868037,
        1481799166879397,
        1481799166891852,
        1481799166909054,
        1481799166934631,
        1481799166958639,
        1481799166979095,
        1481799166998767,
        1481799167025511,
        1481799167045609,
        1481799167059796
    ],
    "spiking_rate": 8.843077755084735,
    "threshold": 30.0
}
