{
    "count_spike": 97,
    "creation_time": 3432,
    "potential": 3.028446857551187,
    "recent_spikes": [
        0,
        0,
        0,
        0,
        0
    ],
    "spike_train": [],
    "spiking_rate": 5.083438922157311e-126,
    "threshold": 30.0
}
