{
    "count_spike": 179,
    "creation_time": 3432,
    "potential": 8.29796302685328,
    "recent_spikes": [
        0,
        0,
        0,
        0,
        13
    ],
    "spike_train": [
        1481799161151716,
        1481799161217082,
        1481799161272423,
        1481799161327963,
        1481799161364540,
        1481799161391267,
        1481799161414695,
        1481799161438717,
        1481799161457366,
        1481799161471687,
        1481799161489092,
        1481799161516910,
        1481799161692795,
        1481799161733947,
        1481799161757703,
        1481799161784135,
        1481799161824980,
        1481799161854873,
        1481799161920883
    ],
    "spiking_rate": 3.548864000040947,
    "threshold": 30.0
}
