{
    "count_spike": 127,
    "creation_time": 3432,
    "potential": 0.4478352262219294,
    "recent_spikes": [
        0,
        0,
        0,
        0,
        0
    ],
    "spike_train": [],
    "spiking_rate": 0.00016445231102689284,
    "threshold": 30.0
}
