{
    "count_spike": 798,
    "creation_time": 3432,
    "potential": 3.1697426112345597,
    "recent_spikes": [
        0,
        0,
        0,
        0,
        0
    ],
    "spike_train": [],
    "spiking_rate": 1.6220735386062803e-77,
    "threshold": 30.0
}
