{
    "count_spike": 147,
    "creation_time": 3432,
    "potential": -33.832516332447014,
    "recent_spikes": [
        0,
        0,
        0,
        0,
        0
    ],
    "spike_train": [],
    "spiking_rate": 4.09468928e-11,
    "threshold": 30.0
}
