{
    "count_spike": 116,
    "creation_time": 3432,
    "potential": 4.968958448579757,
    "recent_spikes": [
        0,
        0,
        0,
        0,
        0
    ],
    "spike_train": [
        1481799158987513
    ],
    "spiking_rate": 0.0020153548799999995,
    "threshold": 30.0
}
