{
    "count_spike": 82,
    "creation_time": 3432,
    "potential": 1.5007215129925728,
    "recent_spikes": [
        1,
        0,
        0,
        0,
        0
    ],
    "spike_train": [
        1481799166156829,
        1481799166462129,
        1481799166853551,
        1481799167157062
    ],
    "spiking_rate": 0.20001599488,
    "threshold": 30.0
}
