{
    "count_spike": 59,
    "creation_time": 3432,
    "potential": 0.055947747941025305,
    "recent_spikes": [
        0,
        0,
        0,
        0,
        0
    ],
    "spike_train": [],
    "spiking_rate": 1.649003491313935e-27,
    "threshold": 30.0
}
