{
    "count_spike": 45,
    "creation_time": 3432,
    "potential": 0.9317025975712601,
    "recent_spikes": [
        0,
        0,
        0,
        0,
        0
    ],
    "spike_train": [],
    "spiking_rate": 2.282867895913254e-110,
    "threshold": 30.0
}
