{
    "count_spike": 216,
    "creation_time": 3432,
    "potential": 1.134587185314617,
    "recent_spikes": [
        0,
        0,
        0,
        0,
        0
    ],
    "spike_train": [],
    "spiking_rate": 8.793278273882046e-33,
    "threshold": 30.0
}
