{
    "count_spike": 86,
    "creation_time": 3432,
    "potential": 1.6121453660519112,
    "recent_spikes": [
        1,
        0,
        0,
        0,
        0
    ],
    "spike_train": [
        1481799160508029,
        1481799166053162,
        1481799167056695
    ],
    "spiking_rate": 0.24998399999999998,
    "threshold": 30.0
}
