{
    "count_spike": 595,
    "creation_time": 3432,
    "potential": 22.554635673362878,
    "recent_spikes": [
        0,
        0,
        0,
        3,
        0
    ],
    "spike_train": [
        1481799158964746,
        1481799162900025,
        1481799162938451,
        1481799162974337
    ],
    "spiking_rate": 0.75079936,
    "threshold": 30.0
}
