{
    "count_spike": 15,
    "creation_time": 3432,
    "potential": 3.118048763909746,
    "recent_spikes": [
        0,
        0,
        0,
        0,
        0
    ],
    "spike_train": [],
    "spiking_rate": 3.217614151236249e-64,
    "threshold": 30.0
}
