{
    "count_spike": 169,
    "creation_time": 3432,
    "potential": 0.15257789239492778,
    "recent_spikes": [
        0,
        0,
        1,
        2,
        0
    ],
    "spike_train": [
        1481799162663003,
        1481799162730126,
        1481799164096381,
        1481799166613185
    ],
    "spiking_rate": 0.7472159949209469,
    "threshold": 30.0
}
