{
    "count_spike": 582,
    "creation_time": 3432,
    "potential": 1.495598131005504,
    "recent_spikes": [
        0,
        0,
        0,
        0,
        0
    ],
    "spike_train": [
        1481799158950455
    ],
    "spiking_rate": 0.0020153548799999995,
    "threshold": 30.0
}
