{
    "count_spike": 189,
    "creation_time": 3432,
    "potential": 0.25301190961400194,
    "recent_spikes": [
        0,
        0,
        0,
        0,
        0
    ],
    "spike_train": [],
    "spiking_rate": 1.0551933931539287e-32,
    "threshold": 30.0
}
