{
    "count_spike": 6,
    "creation_time": 3432,
    "potential": 0.2331824973275377,
    "recent_spikes": [
        0,
        0,
        0,
        0,
        0
    ],
    "spike_train": [],
    "spiking_rate": 2.631964793380581e-152,
    "threshold": 30.0
}
