{
    "count_spike": 11,
    "creation_time": 3432,
    "potential": 0.34076971757114616,
    "recent_spikes": [
        0,
        0,
        0,
        0,
        0
    ],
    "spike_train": [],
    "spiking_rate": 0.00048025468928,
    "threshold": 30.0
}
