{
    "count_spike": 128,
    "creation_time": 3432,
    "potential": 1.574489684537434,
    "recent_spikes": [
        0,
        0,
        0,
        0,
        0
    ],
    "spike_train": [
        1481799161064337,
        1481799166928212
    ],
    "spiking_rate": 0.049984,
    "threshold": 30.0
}
