{
    "count_spike": 39,
    "creation_time": 3432,
    "potential": 0.5082054379402735,
    "recent_spikes": [
        0,
        0,
        0,
        0,
        0
    ],
    "spike_train": [],
    "spiking_rate": 2.7213878125096205e-94,
    "threshold": 30.0
}
