{
    "count_spike": 187,
    "creation_time": 3432,
    "potential": 2.656640049503199,
    "recent_spikes": [
        0,
        0,
        0,
        0,
        0
    ],
    "spike_train": [],
    "spiking_rate": 1.4162568393863305e-52,
    "threshold": 30.0
}
