{
    "count_spike": 14,
    "creation_time": 3432,
    "potential": 0.0633974805592442,
    "recent_spikes": [
        0,
        0,
        0,
        0,
        0
    ],
    "spike_train": [],
    "spiking_rate": 3.9601404751129896e-69,
    "threshold": 30.0
}
