{
    "count_spike": 166,
    "creation_time": 3432,
    "potential": 5.874449207727304,
    "recent_spikes": [
        0,
        0,
        1,
        0,
        0
    ],
    "spike_train": [
        1481799163878156,
        1481799166455901
    ],
    "spiking_rate": 0.24801599487999998,
    "threshold": 30.0
}
