{
    "count_spike": 47,
    "creation_time": 3432,
    "potential": 7.809307952645377e-08,
    "recent_spikes": [
        0,
        0,
        0,
        0,
        0
    ],
    "spike_train": [],
    "spiking_rate": 1.01412037799765e-74,
    "threshold": 30.0
}
