{
    "count_spike": 194,
    "creation_time": 3432,
    "potential": 2.6250213851261996,
    "recent_spikes": [
        0,
        0,
        0,
        0,
        0
    ],
    "spike_train": [
        1481799158804782,
        1481799160757980
    ],
    "spiking_rate": 0.05198336,
    "threshold": 30.0
}
