{
    "count_spike": 21,
    "creation_time": 3432,
    "potential": 0.31221578267099115,
    "recent_spikes": [
        0,
        0,
        0,
        0,
        0
    ],
    "spike_train": [],
    "spiking_rate": 1.728828854588059e-43,
    "threshold": 30.0
}
