{
    "count_spike": 20,
    "creation_time": 3432,
    "potential": 0.015021032190236924,
    "recent_spikes": [
        0,
        0,
        0,
        0,
        0
    ],
    "spike_train": [],
    "spiking_rate": 4.121849190796449e-27,
    "threshold": 30.0
}
