{
    "count_spike": 40,
    "creation_time": 3432,
    "potential": 0.35567192016993265,
    "recent_spikes": [
        0,
        0,
        0,
        0,
        0
    ],
    "spike_train": [],
    "spiking_rate": 0.000161047216128,
    "threshold": 30.0
}
