{
    "count_spike": 620,
    "creation_time": 3432,
    "potential": 7.991649750907852,
    "recent_spikes": [
        0,
        1,
        0,
        0,
        0
    ],
    "spike_train": [
        1481799159223894,
        1481799159256331,
        1481799164492090
    ],
    "spiking_rate": 0.24401471487999998,
    "threshold": 30.0
}
