{
    "count_spike": 1,
    "creation_time": 3432,
    "potential": 0.38232534744070273,
    "recent_spikes": [
        0,
        0,
        0,
        0,
        0
    ],
    "spike_train": [],
    "spiking_rate": 1.3216888617604722e-288,
    "threshold": 30.0
}
