{
    "count_spike": 122,
    "creation_time": 3432,
    "potential": 0.05073231087900159,
    "recent_spikes": [
        0,
        0,
        0,
        0,
        0
    ],
    "spike_train": [],
    "spiking_rate": 3.92775201765337e-55,
    "threshold": 30.0
}
