{
    "count_spike": 7,
    "creation_time": 3432,
    "potential": 0.257777551297505,
    "recent_spikes": [
        0,
        0,
        0,
        0,
        0
    ],
    "spike_train": [],
    "spiking_rate": 8.793278300588391e-28,
    "threshold": 30.0
}
