{
    "count_spike": 14,
    "creation_time": 3432,
    "potential": 0.027960061679662678,
    "recent_spikes": [
        0,
        0,
        0,
        0,
        0
    ],
    "spike_train": [],
    "spiking_rate": 4.6830884829903636e-55,
    "threshold": 30.0
}
