{
    "count_spike": 12,
    "creation_time": 3432,
    "potential": 2.0512444435198836,
    "recent_spikes": [
        0,
        0,
        0,
        0,
        0
    ],
    "spike_train": [],
    "spiking_rate": 1.2795904000028175e-07,
    "threshold": 30.0
}
