{
    "count_spike": 42,
    "creation_time": 3432,
    "potential": 3.305583527425646,
    "recent_spikes": [
        0,
        0,
        0,
        0,
        0
    ],
    "spike_train": [],
    "spiking_rate": 0.0003999997952,
    "threshold": 30.0
}
