{
    "count_spike": 163,
    "creation_time": 3432,
    "potential": 6.060773525822931,
    "recent_spikes": [
        1,
        0,
        1,
        0,
        0
    ],
    "spike_train": [
        1481799164124627,
        1481799166305003
    ],
    "spiking_rate": 0.44800000000000006,
    "threshold": 30.0
}
