{
    "count_spike": 957,
    "creation_time": 3432,
    "potential": 0.4549993283773036,
    "recent_spikes": [
        0,
        0,
        0,
        0,
        0
    ],
    "spike_train": [],
    "spiking_rate": 0.000799999795134464,
    "threshold": 30.0
}
