{
    "count_spike": 108,
    "creation_time": 3432,
    "potential": 1.04571163348134,
    "recent_spikes": [
        0,
        0,
        0,
        0,
        0
    ],
    "spike_train": [],
    "spiking_rate": 5.90106915699391e-51,
    "threshold": 30.0
}
