{
    "count_spike": 125,
    "creation_time": 3432,
    "potential": 1.962835337549376e-06,
    "recent_spikes": [
        0,
        0,
        0,
        0,
        0
    ],
    "spike_train": [],
    "spiking_rate": 0.0003999997952,
    "threshold": 30.0
}
