{
    "count_spike": 32,
    "creation_time": 3432,
    "potential": 0.483529389458971,
    "recent_spikes": [
        0,
        0,
        0,
        0,
        0
    ],
    "spike_train": [],
    "spiking_rate": 6.41530084518784e-74,
    "threshold": 30.0
}
