{
    "count_spike": 40,
    "creation_time": 3432,
    "potential": 0.353067095250667,
    "recent_spikes": [
        0,
        0,
        0,
        0,
        0
    ],
    "spike_train": [],
    "spiking_rate": 1.6771847359577496e-19,
    "threshold": 30.0
}
