{
    "count_spike": 74,
    "creation_time": 3432,
    "potential": -61.163653559720146,
    "recent_spikes": [
        0,
        0,
        0,
        0,
        0
    ],
    "spike_train": [],
    "spiking_rate": 1.59949209468928e-05,
    "threshold": 30.0
}
