{
    "count_spike": 70,
    "creation_time": 3432,
    "potential": 0.16170900502686208,
    "recent_spikes": [
        0,
        0,
        0,
        0,
        0
    ],
    "spike_train": [],
    "spiking_rate": 6.28944273408e-17,
    "threshold": 30.0
}
