{
    "count_spike": 27,
    "creation_time": 3432,
    "potential": 0.29427023027075455,
    "recent_spikes": [
        0,
        0,
        0,
        0,
        0
    ],
    "spike_train": [],
    "spiking_rate": 3.354369474663396e-20,
    "threshold": 30.0
}
