{
    "count_spike": 308,
    "creation_time": 3432,
    "potential": 0.27499738145793634,
    "recent_spikes": [
        0,
        0,
        0,
        0,
        0
    ],
    "spike_train": [
        1481799161090074,
        1481799161120468,
        1481799161159550,
        1481799161226815,
        1481799161263005
    ],
    "spiking_rate": 0.2499200000818938,
    "threshold": 30.0
}
