{
    "count_spike": 231,
    "creation_time": 3432,
    "potential": 0.8738230876642452,
    "recent_spikes": [
        0,
        0,
        0,
        0,
        0
    ],
    "spike_train": [],
    "spiking_rate": 2.7716413114733694e-29,
    "threshold": 30.0
}
