{
    "count_spike": 514,
    "creation_time": 3432,
    "potential": 4.052056776058808,
    "recent_spikes": [
        0,
        0,
        0,
        0,
        1
    ],
    "spike_train": [
        1481799160854307,
        1481799160903665,
        1481799161454890,
        1481799166445387,
        1481799167068864
    ],
    "spiking_rate": 0.34990399488,
    "threshold": 30.0
}
