{
    "count_spike": 127,
    "creation_time": 3432,
    "potential": 0.16444662642702335,
    "recent_spikes": [
        0,
        0,
        0,
        0,
        0
    ],
    "spike_train": [],
    "spiking_rate": 1.639437590278963e-11,
    "threshold": 30.0
}
