{
    "count_spike": 20,
    "creation_time": 3432,
    "potential": 0.7358055150982091,
    "recent_spikes": [
        0,
        0,
        0,
        0,
        0
    ],
    "spike_train": [],
    "spiking_rate": 6.28944273408e-17,
    "threshold": 30.0
}
