{
    "count_spike": 286,
    "creation_time": 3432,
    "potential": 0.724488352474197,
    "recent_spikes": [
        0,
        0,
        0,
        0,
        0
    ],
    "spike_train": [
        1481799158666877,
        1481799166751287
    ],
    "spiking_rate": 0.00199936,
    "threshold": 30.0
}
