{
    "count_spike": 538,
    "creation_time": 3432,
    "potential": 3.883253656401574,
    "recent_spikes": [
        0,
        0,
        1,
        0,
        0
    ],
    "spike_train": [
        1481799158920244,
        1481799158939308,
        1481799159166072,
        1481799164318811,
        1481799166763232
    ],
    "spiking_rate": 0.2539980804094689,
    "threshold": 30.0
}
