{
    "count_spike": 8,
    "creation_time": 3432,
    "potential": 0.6281588832567263,
    "recent_spikes": [
        0,
        0,
        0,
        0,
        0
    ],
    "spike_train": [],
    "spiking_rate": 2.74789946013778e-29,
    "threshold": 30.0
}
