{
    "count_spike": 455,
    "creation_time": 3432,
    "potential": 1.9355692684894361,
    "recent_spikes": [
        0,
        0,
        10,
        18,
        11
    ],
    "spike_train": [
        1481799160998054,
        1481799161131706,
        1481799161766567,
        1481799161788167,
        1481799161829891,
        1481799161903403,
        1481799161949639,
        1481799161967719,
        1481799162001870,
        1481799162020389,
        1481799162044589,
        1481799162060786,
        1481799162080019,
        1481799162880753,
        1481799162909360,
        1481799162941317,
        1481799163001148,
        1481799163020790,
        1481799163041214,
        1481799163056928,
        1481799163068436,
        1481799163083613,
        1481799163095483,
        1481799163109445,
        1481799163156745,
        1481799163173737,
        1481799163208873,
        1481799163268582,
        1481799163286402,
        1481799163308510,
        1481799163350095,
        1481799163917676,
        1481799163968301,
        1481799163993493,
        1481799164017004,
        1481799164089360,
        1481799164132604,
        1481799164290428,
        1481799164307973,
        1481799164344712,
        1481799164366280
    ],
    "spiking_rate": 9.821919989964735,
    "threshold": 30.0
}
