{
    "count_spike": 114,
    "creation_time": 3432,
    "potential": 2.402174001928495,
    "recent_spikes": [
        0,
        0,
        0,
        0,
        0
    ],
    "spike_train": [],
    "spiking_rate": 0.000799999795134464,
    "threshold": 30.0
}
