{
    "count_spike": 102,
    "creation_time": 3432,
    "potential": 6.957477954778248,
    "recent_spikes": [
        0,
        0,
        2,
        5,
        6
    ],
    "spike_train": [
        1481799161437477,
        1481799161540265,
        1481799161573260,
        1481799161624851,
        1481799161654027,
        1481799162320433,
        1481799162469986,
        1481799162535709,
        1481799162591716,
        1481799162621699,
        1481799162662908,
        1481799163522949,
        1481799163632825,
        1481799166412930,
        1481799166448554,
        1481799166482369,
        1481799166542142
    ],
    "spiking_rate": 3.2435200000409465,
    "threshold": 30.0
}
