{
    "count_spike": 60,
    "creation_time": 3432,
    "potential": 14.595252835444667,
    "recent_spikes": [
        1,
        0,
        0,
        0,
        0
    ],
    "spike_train": [
        1481799166183612,
        1481799166490689
    ],
    "spiking_rate": 0.20001599496189376,
    "threshold": 30.0
}
