{
    "count_spike": 516,
    "creation_time": 3432,
    "potential": 2.3165756044522596,
    "recent_spikes": [
        0,
        0,
        0,
        0,
        2
    ],
    "spike_train": [
        1481799161264013,
        1481799161321704,
        1481799161351204,
        1481799161372878,
        1481799161609018,
        1481799161781620,
        1481799166647470
    ],
    "spiking_rate": 0.699776,
    "threshold": 30.0
}
