{
    "count_spike": 110,
    "creation_time": 3432,
    "potential": 0.9732922371947812,
    "recent_spikes": [
        0,
        0,
        0,
        0,
        0
    ],
    "spike_train": [],
    "spiking_rate": 5.62771538265079e-37,
    "threshold": 30.0
}
