{
    "count_spike": 155,
    "creation_time": 3432,
    "potential": 0.31591234526598866,
    "recent_spikes": [
        0,
        0,
        0,
        0,
        0
    ],
    "spike_train": [],
    "spiking_rate": 1.75865565448827e-33,
    "threshold": 30.0
}
