{
    "count_spike": 455,
    "creation_time": 3432,
    "potential": 5.78765722201955,
    "recent_spikes": [
        7,
        0,
        1,
        19,
        2
    ],
    "spike_train": [
        1481799158536397,
        1481799158631783,
        1481799158663574,
        1481799158689689,
        1481799158824793,
        1481799158845461,
        1481799158867207,
        1481799158896943,
        1481799158914431,
        1481799158935099,
        1481799159101181,
        1481799159326962,
        1481799162170805,
        1481799162259456,
        1481799162622432,
        1481799162664573,
        1481799162701858,
        1481799162723434,
        1481799162746459,
        1481799162764315,
        1481799162784988,
        1481799162806284,
        1481799162820268,
        1481799162833025,
        1481799162850312,
        1481799162930230,
        1481799162948199,
        1481799162962148,
        1481799162978255,
        1481799162996278,
        1481799163033686,
        1481799163061505,
        1481799163157003,
        1481799163925361,
        1481799166071559,
        1481799166200640,
        1481799166224370,
        1481799166267968,
        1481799166335471,
        1481799166355097,
        1481799166372280,
        1481799166399000,
        1481799166438836,
        1481799166615026,
        1481799166645589,
        1481799166685439,
        1481799166701624,
        1481799166715990,
        1481799166738813,
        1481799166755384,
        1481799166769395,
        1481799166785645,
        1481799167064328
    ],
    "spiking_rate": 6.914236006809469,
    "threshold": 30.0
}
