{
    "count_spike": 7,
    "creation_time": 3432,
    "potential": 15.112932603275748,
    "recent_spikes": [
        0,
        0,
        0,
        0,
        0
    ],
    "spike_train": [],
    "spiking_rate": 2.342142627206444e-116,
    "threshold": 30.0
}
