{
    "count_spike": 205,
    "creation_time": 3432,
    "potential": 1.9398937508591558,
    "recent_spikes": [
        0,
        0,
        0,
        0,
        0
    ],
    "spike_train": [],
    "spiking_rate": 0.00015999795199999998,
    "threshold": 30.0
}
