{
    "count_spike": 26,
    "creation_time": 3432,
    "potential": 0.14385096478830908,
    "recent_spikes": [
        0,
        0,
        0,
        0,
        0
    ],
    "spike_train": [],
    "spiking_rate": 1.228406784e-10,
    "threshold": 30.0
}
