{
    "count_spike": 125,
    "creation_time": 3432,
    "potential": 0.9893218996037041,
    "recent_spikes": [
        0,
        0,
        0,
        0,
        0
    ],
    "spike_train": [
        1481799160591335,
        1481799160683839,
        1481799160717107,
        1481799160789105,
        1481799160891986,
        1481799160986335,
        1481799161222618
    ],
    "spiking_rate": 0.349888,
    "threshold": 30.0
}
