{
    "count_spike": 33,
    "creation_time": 3432,
    "potential": 0.5775982458108979,
    "recent_spikes": [
        0,
        0,
        0,
        0,
        0
    ],
    "spike_train": [
        1481799158820863
    ],
    "spiking_rate": 0.001999360000000001,
    "threshold": 30.0
}
