{
    "count_spike": 262,
    "creation_time": 3432,
    "potential": 8.811088149909462,
    "recent_spikes": [
        0,
        0,
        5,
        5,
        3
    ],
    "spike_train": [
        1481799158799312,
        1481799158814829,
        1481799160813083,
        1481799161679871,
        1481799161723614,
        1481799161868579,
        1481799162740326,
        1481799162870575,
        1481799163049605,
        1481799163099241,
        1481799163143924,
        1481799163982291,
        1481799164042641,
        1481799164081425,
        1481799164114256,
        1481799164146100
    ],
    "spiking_rate": 3.2917587149209466,
    "threshold": 30.0
}
