{
    "count_spike": 3,
    "creation_time": 3432,
    "potential": 0.32548622434205904,
    "recent_spikes": [
        0,
        0,
        0,
        0,
        0
    ],
    "spike_train": [],
    "spiking_rate": 8.305016517664155e-84,
    "threshold": 30.0
}
