{
    "count_spike": 22,
    "creation_time": 3432,
    "potential": 0.14180565023678718,
    "recent_spikes": [
        0,
        0,
        0,
        0,
        0
    ],
    "spike_train": [],
    "spiking_rate": 5.707164128141054e-109,
    "threshold": 30.0
}
