{
    "count_spike": 283,
    "creation_time": 3432,
    "potential": 12.298238876935065,
    "recent_spikes": [
        3,
        0,
        0,
        12,
        5
    ],
    "spike_train": [
        1481799158798390,
        1481799158977154,
        1481799161744201,
        1481799161810146,
        1481799161834185,
        1481799162065176,
        1481799162111657,
        1481799162456659,
        1481799162518730,
        1481799162566295,
        1481799162607402,
        1481799162639702,
        1481799162665042,
        1481799162684891,
        1481799162703294,
        1481799162805660,
        1481799162826930,
        1481799162846652,
        1481799162887953,
        1481799166051396,
        1481799166203034,
        1481799166225998,
        1481799166467979,
        1481799166560867,
        1481799166582671,
        1481799166610836,
        1481799166626761,
        1481799166648672
    ],
    "spiking_rate": 4.8487997440818935,
    "threshold": 30.0
}
