{
    "count_spike": 94,
    "creation_time": 3432,
    "potential": 0.5536645610026988,
    "recent_spikes": [
        0,
        0,
        0,
        0,
        0
    ],
    "spike_train": [
        1481799160822720,
        1481799160893419
    ],
    "spiking_rate": 0.099968,
    "threshold": 30.0
}
