{
    "count_spike": 94,
    "creation_time": 3432,
    "potential": 1.2531315789390254,
    "recent_spikes": [
        0,
        0,
        0,
        0,
        0
    ],
    "spike_train": [],
    "spiking_rate": 1.5106737042004519e-56,
    "threshold": 30.0
}
