{
    "count_spike": 72,
    "creation_time": 3432,
    "potential": 0.6084533694626812,
    "recent_spikes": [
        0,
        0,
        0,
        0,
        0
    ],
    "spike_train": [],
    "spiking_rate": 2.9481762815999993e-12,
    "threshold": 30.0
}
