{
    "count_spike": 14,
    "creation_time": 3432,
    "potential": 0.08371771503673116,
    "recent_spikes": [
        0,
        0,
        0,
        0,
        0
    ],
    "spike_train": [],
    "spiking_rate": 1.2796231575159173e-07,
    "threshold": 30.0
}
