{
    "count_spike": 2,
    "creation_time": 3432,
    "potential": 0.524657326453074,
    "recent_spikes": [
        0,
        0,
        0,
        0,
        0
    ],
    "spike_train": [],
    "spiking_rate": 4.58552939286591e-247,
    "threshold": 30.0
}
