{
    "count_spike": 110,
    "creation_time": 3432,
    "potential": 0.24744628194664525,
    "recent_spikes": [
        0,
        0,
        0,
        0,
        0
    ],
    "spike_train": [],
    "spiking_rate": 4.7411678704250775e-85,
    "threshold": 30.0
}
