{
    "count_spike": 37,
    "creation_time": 3432,
    "potential": 0.27413476395515407,
    "recent_spikes": [
        0,
        0,
        0,
        0,
        0
    ],
    "spike_train": [],
    "spiking_rate": 5.120000000167719e-07,
    "threshold": 30.0
}
