{
    "count_spike": 13,
    "creation_time": 3432,
    "potential": 0.3057967984826895,
    "recent_spikes": [
        0,
        0,
        0,
        0,
        0
    ],
    "spike_train": [],
    "spiking_rate": 1.228406784335437e-10,
    "threshold": 30.0
}
