{
    "count_spike": 24,
    "creation_time": 3432,
    "potential": 0.1299012465552191,
    "recent_spikes": [
        0,
        0,
        0,
        0,
        0
    ],
    "spike_train": [],
    "spiking_rate": 7.668850061188084e-128,
    "threshold": 30.0
}
