{
    "count_spike": 282,
    "creation_time": 3432,
    "potential": 3.3662761442704197,
    "recent_spikes": [
        0,
        0,
        0,
        0,
        0
    ],
    "spike_train": [
        1481799161171691,
        1481799161219711,
        1481799161250236,
        1481799161275282
    ],
    "spiking_rate": 0.199936,
    "threshold": 30.0
}
