{
    "count_spike": 513,
    "creation_time": 3432,
    "potential": 1.0405694928083118,
    "recent_spikes": [
        0,
        0,
        0,
        0,
        3
    ],
    "spike_train": [
        1481799160944720,
        1481799161020434,
        1481799161067252,
        1481799161113117,
        1481799161164899,
        1481799161219782,
        1481799161254051,
        1481799161276137,
        1481799161304991,
        1481799161355973,
        1481799161384356,
        1481799161410670,
        1481799161446449,
        1481799161483036
    ],
    "spiking_rate": 1.2995839999999999,
    "threshold": 30.0
}
