{
    "count_spike": 22,
    "creation_time": 3432,
    "potential": 0.23701012861581153,
    "recent_spikes": [
        0,
        0,
        0,
        0,
        0
    ],
    "spike_train": [],
    "spiking_rate": 6.708738919099897e-20,
    "threshold": 30.0
}
