{
    "count_spike": 452,
    "creation_time": 3432,
    "potential": 2.061580673877953,
    "recent_spikes": [
        0,
        0,
        0,
        0,
        8
    ],
    "spike_train": [
        1481799161125976,
        1481799161229548,
        1481799161271874,
        1481799161301989,
        1481799161325468,
        1481799161351582,
        1481799161368250,
        1481799161382556,
        1481799161408991,
        1481799161550086,
        1481799161584484,
        1481799161622739,
        1481799161651798,
        1481799161673874,
        1481799161720395,
        1481799161762791
    ],
    "spiking_rate": 2.399232000081894,
    "threshold": 30.0
}
