{
    "count_spike": 244,
    "creation_time": 3432,
    "potential": 4.8775672702320865,
    "recent_spikes": [
        1,
        0,
        0,
        4,
        13
    ],
    "spike_train": [
        1481799158585890,
        1481799161005345,
        1481799161026585,
        1481799161048558,
        1481799161070339,
        1481799161089221,
        1481799161108402,
        1481799161140465,
        1481799161164305,
        1481799161200929,
        1481799161225675,
        1481799161251584,
        1481799161282176,
        1481799161306131,
        1481799161326943,
        1481799161346803,
        1481799161363130,
        1481799161380538,
        1481799161401722,
        1481799161422014,
        1481799161444822,
        1481799161465634,
        1481799161491838,
        1481799161518995,
        1481799161549072,
        1481799161579929,
        1481799161611219,
        1481799162197962,
        1481799162233024,
        1481799162261679,
        1481799162289981,
        1481799162440968,
        1481799162475418,
        1481799162507733,
        1481799162544338,
        1481799166371985
    ],
    "spiking_rate": 5.299087360163787,
    "threshold": 30.0
}
