{
    "count_spike": 17,
    "creation_time": 3432,
    "potential": 1.2467928410908682,
    "recent_spikes": [
        0,
        0,
        0,
        0,
        0
    ],
    "spike_train": [],
    "spiking_rate": 0.00040025571328,
    "threshold": 30.0
}
