{
    "count_spike": 6,
    "creation_time": 3432,
    "potential": 1.212217436524961,
    "recent_spikes": [
        0,
        0,
        0,
        0,
        0
    ],
    "spike_train": [],
    "spiking_rate": 1.1733154617608773e-116,
    "threshold": 30.0
}
