{
    "count_spike": 97,
    "creation_time": 3432,
    "potential": 0.8100029095907575,
    "recent_spikes": [
        0,
        0,
        0,
        0,
        0
    ],
    "spike_train": [],
    "spiking_rate": 5.495798922076426e-30,
    "threshold": 30.0
}
