{
    "count_spike": 62,
    "creation_time": 3432,
    "potential": 0.3044248767243719,
    "recent_spikes": [
        0,
        0,
        0,
        0,
        0
    ],
    "spike_train": [],
    "spiking_rate": 8.385923645440054e-19,
    "threshold": 30.0
}
