{
    "count_spike": 11,
    "creation_time": 3432,
    "potential": 0.5106480615051247,
    "recent_spikes": [
        0,
        0,
        0,
        0,
        0
    ],
    "spike_train": [],
    "spiking_rate": 3.566977433729525e-106,
    "threshold": 30.0
}
