{
    "count_spike": 66,
    "creation_time": 3432,
    "potential": 0.30043119216271197,
    "recent_spikes": [
        0,
        0,
        0,
        0,
        0
    ],
    "spike_train": [],
    "spiking_rate": 2.071305671556747e-126,
    "threshold": 30.0
}
