{
    "count_spike": 1,
    "creation_time": 3432,
    "potential": 2.094983621265909,
    "recent_spikes": [
        0,
        0,
        0,
        0,
        0
    ],
    "spike_train": [],
    "spiking_rate": 3.8466208549230125e-264,
    "threshold": 30.0
}
