{
    "count_spike": 120,
    "creation_time": 3432,
    "potential": 15.927936532139942,
    "recent_spikes": [
        0,
        0,
        0,
        0,
        0
    ],
    "spike_train": [],
    "spiking_rate": 3.6019572914967876e-41,
    "threshold": 30.0
}
