{
    "count_spike": 32,
    "creation_time": 3432,
    "potential": 0.8104366570686621,
    "recent_spikes": [
        0,
        0,
        0,
        0,
        0
    ],
    "spike_train": [],
    "spiking_rate": 2.5492565668153873e-130,
    "threshold": 30.0
}
