{
    "count_spike": 159,
    "creation_time": 3432,
    "potential": 0.9072820633428756,
    "recent_spikes": [
        0,
        0,
        0,
        0,
        0
    ],
    "spike_train": [],
    "spiking_rate": 1.440690718057801e-42,
    "threshold": 30.0
}
