{
    "count_spike": 219,
    "creation_time": 3432,
    "potential": 5.965563839899223,
    "recent_spikes": [
        0,
        0,
        1,
        0,
        2
    ],
    "spike_train": [
        1481799161131384,
        1481799161194321,
        1481799161892900,
        1481799162030523,
        1481799164274569,
        1481799166892080
    ],
    "spiking_rate": 0.8478410137600001,
    "threshold": 30.0
}
