{
    "count_spike": 45,
    "creation_time": 3432,
    "potential": 0.7368879151245609,
    "recent_spikes": [
        0,
        0,
        0,
        0,
        0
    ],
    "spike_train": [],
    "spiking_rate": 5.120000655151962e-07,
    "threshold": 30.0
}
