{
    "count_spike": 18,
    "creation_time": 3432,
    "potential": 0.08233483928621041,
    "recent_spikes": [
        0,
        0,
        0,
        0,
        0
    ],
    "spike_train": [],
    "spiking_rate": 3.1681123802490187e-71,
    "threshold": 30.0
}
