{
    "count_spike": 78,
    "creation_time": 3432,
    "potential": 1.4176076404275604,
    "recent_spikes": [
        0,
        0,
        0,
        0,
        0
    ],
    "spike_train": [],
    "spiking_rate": 6.86974865034445e-28,
    "threshold": 30.0
}
