{
    "count_spike": 96,
    "creation_time": 3432,
    "potential": 10.799188978586253,
    "recent_spikes": [
        0,
        0,
        0,
        0,
        0
    ],
    "spike_train": [],
    "spiking_rate": 3.1681123800903915e-70,
    "threshold": 30.0
}
