{
    "count_spike": 182,
    "creation_time": 3432,
    "potential": 0.6381109065154746,
    "recent_spikes": [
        0,
        0,
        0,
        0,
        0
    ],
    "spike_train": [],
    "spiking_rate": 5.627703857125139e-37,
    "threshold": 30.0
}
