{
    "count_spike": 4,
    "creation_time": 3432,
    "potential": 0.2969688168331637,
    "recent_spikes": [
        0,
        0,
        0,
        0,
        0
    ],
    "spike_train": [],
    "spiking_rate": 1.37394973006889e-27,
    "threshold": 30.0
}
