{
    "count_spike": 25,
    "creation_time": 3432,
    "potential": 0.16567601311328214,
    "recent_spikes": [
        0,
        0,
        0,
        0,
        0
    ],
    "spike_train": [],
    "spiking_rate": 7.136694305894221e-107,
    "threshold": 30.0
}
