{
    "count_spike": 90,
    "creation_time": 3432,
    "potential": 8.665773122741571,
    "recent_spikes": [
        0,
        0,
        0,
        1,
        1
    ],
    "spike_train": [
        1481799161789637,
        1481799162846731
    ],
    "spiking_rate": 0.49953701908473447,
    "threshold": 30.0
}
