{
    "count_spike": 9,
    "creation_time": 3432,
    "potential": 8.423784867314476,
    "recent_spikes": [
        0,
        0,
        0,
        0,
        0
    ],
    "spike_train": [],
    "spiking_rate": 3.740246930038808e-120,
    "threshold": 30.0
}
