{
    "count_spike": 71,
    "creation_time": 3432,
    "potential": 3.025839210333988,
    "recent_spikes": [
        1,
        0,
        0,
        0,
        1
    ],
    "spike_train": [
        1481799160605956,
        1481799160692660,
        1481799160780496,
        1481799161480915,
        1481799166191341,
        1481799167194347
    ],
    "spiking_rate": 0.5998879949209469,
    "threshold": 30.0
}
