{
    "count_spike": 63,
    "creation_time": 3432,
    "potential": 0.46922994692196024,
    "recent_spikes": [
        0,
        0,
        0,
        0,
        0
    ],
    "spike_train": [],
    "spiking_rate": 1.7592184257383062e-33,
    "threshold": 30.0
}
