{
    "count_spike": 67,
    "creation_time": 3432,
    "potential": 0.0902165546954804,
    "recent_spikes": [
        0,
        0,
        0,
        0,
        0
    ],
    "spike_train": [],
    "spiking_rate": 0.00040025571328,
    "threshold": 30.0
}
