{
    "count_spike": 11,
    "creation_time": 3432,
    "potential": 0.8302439897315399,
    "recent_spikes": [
        0,
        0,
        0,
        0,
        0
    ],
    "spike_train": [],
    "spiking_rate": 3.525556755676768e-116,
    "threshold": 30.0
}
