{
    "count_spike": 80,
    "creation_time": 3432,
    "potential": 0.6431765811991278,
    "recent_spikes": [
        0,
        0,
        0,
        0,
        0
    ],
    "spike_train": [],
    "spiking_rate": 1.0236723200067085e-09,
    "threshold": 30.0
}
