{
    "count_spike": 99,
    "creation_time": 3432,
    "potential": 1.299665726122148,
    "recent_spikes": [
        0,
        0,
        1,
        1,
        0
    ],
    "spike_train": [
        1481799160783599,
        1481799160822268,
        1481799160846400,
        1481799161083727,
        1481799161123505,
        1481799163341465,
        1481799164361029
    ],
    "spiking_rate": 0.747615999179096,
    "threshold": 30.0
}
