{
    "count_spike": 154,
    "creation_time": 3432,
    "potential": 1.6098678158812523,
    "recent_spikes": [
        0,
        0,
        0,
        0,
        0
    ],
    "spike_train": [],
    "spiking_rate": 2.8859916936032064e-43,
    "threshold": 30.0
}
