{
    "count_spike": 101,
    "creation_time": 3432,
    "potential": 5.440191749354508,
    "recent_spikes": [
        0,
        1,
        0,
        0,
        0
    ],
    "spike_train": [
        1481799161100633,
        1481799164427747
    ],
    "spiking_rate": 0.2900799989743616,
    "threshold": 30.0
}
