{
    "count_spike": 35,
    "creation_time": 3432,
    "potential": 0.7091950555217058,
    "recent_spikes": [
        0,
        0,
        0,
        0,
        0
    ],
    "spike_train": [],
    "spiking_rate": 1.5106737041904573e-56,
    "threshold": 30.0
}
