{
    "count_spike": 102,
    "creation_time": 3432,
    "potential": 9.133852955679103,
    "recent_spikes": [
        0,
        0,
        0,
        0,
        0
    ],
    "spike_train": [
        1481799167159750
    ],
    "spiking_rate": 7.999999967232e-05,
    "threshold": 30.0
}
