{
    "count_spike": 94,
    "creation_time": 3432,
    "potential": 7.071420278237245,
    "recent_spikes": [
        0,
        0,
        0,
        0,
        0
    ],
    "spike_train": [],
    "spiking_rate": 3.6316931472046494e-41,
    "threshold": 30.0
}
