{
    "count_spike": 44,
    "creation_time": 3432,
    "potential": 0.3346007352145976,
    "recent_spikes": [
        0,
        0,
        0,
        0,
        0
    ],
    "spike_train": [],
    "spiking_rate": 4.610210278901492e-45,
    "threshold": 30.0
}
