{
    "count_spike": 37,
    "creation_time": 3432,
    "potential": 0.19883944389270666,
    "recent_spikes": [
        0,
        0,
        0,
        0,
        0
    ],
    "spike_train": [],
    "spiking_rate": 1.6771847304619496e-19,
    "threshold": 30.0
}
