{
    "count_spike": 111,
    "creation_time": 3432,
    "potential": 11.204431570029197,
    "recent_spikes": [
        0,
        0,
        2,
        0,
        0
    ],
    "spike_train": [
        1481799163561553,
        1481799164039268,
        1481799166479892
    ],
    "spiking_rate": 0.49601599488000003,
    "threshold": 30.0
}
