{
    "count_spike": 58,
    "creation_time": 3432,
    "potential": 8.484027162775211,
    "recent_spikes": [
        0,
        0,
        0,
        0,
        0
    ],
    "spike_train": [],
    "spiking_rate": 5.627698140464272e-37,
    "threshold": 30.0
}
