{
    "count_spike": 21,
    "creation_time": 3432,
    "potential": 0.08214276197586151,
    "recent_spikes": [
        0,
        0,
        0,
        0,
        0
    ],
    "spike_train": [],
    "spiking_rate": 6.653870079999999e-07,
    "threshold": 30.0
}
