{
    "count_spike": 51,
    "creation_time": 3432,
    "potential": 2.826280713870153,
    "recent_spikes": [
        1,
        0,
        0,
        0,
        0
    ],
    "spike_train": [
        1481799160520816,
        1481799166161909,
        1481799166453612,
        1481799167159618
    ],
    "spiking_rate": 0.24998400004094687,
    "threshold": 30.0
}
