{
    "count_spike": 19,
    "creation_time": 3432,
    "potential": 0.290437362258977,
    "recent_spikes": [
        0,
        0,
        0,
        0,
        0
    ],
    "spike_train": [],
    "spiking_rate": 5.762762848773404e-44,
    "threshold": 30.0
}
