{
    "count_spike": 5,
    "creation_time": 3432,
    "potential": 0.9937117585031225,
    "recent_spikes": [
        0,
        0,
        0,
        0,
        0
    ],
    "spike_train": [],
    "spiking_rate": 1.2672449522603913e-72,
    "threshold": 30.0
}
