{
    "count_spike": 32,
    "creation_time": 3432,
    "potential": 0.40267317533182617,
    "recent_spikes": [
        0,
        0,
        0,
        0,
        0
    ],
    "spike_train": [],
    "spiking_rate": 7.136694307063067e-107,
    "threshold": 30.0
}
