{
    "count_spike": 768,
    "creation_time": 3432,
    "potential": 6.1575352569599495,
    "recent_spikes": [
        0,
        0,
        0,
        0,
        1
    ],
    "spike_train": [
        1481799161651361,
        1481799166701744
    ],
    "spiking_rate": 0.24992,
    "threshold": 30.0
}
