{
    "count_spike": 62,
    "creation_time": 3432,
    "potential": 0.05766429304262298,
    "recent_spikes": [
        0,
        0,
        0,
        0,
        0
    ],
    "spike_train": [],
    "spiking_rate": 5.6276980943622905e-37,
    "threshold": 30.0
}
