{
    "count_spike": 20,
    "creation_time": 3432,
    "potential": 0.23421769354187388,
    "recent_spikes": [
        0,
        0,
        0,
        0,
        0
    ],
    "spike_train": [],
    "spiking_rate": 3.625616890057056e-55,
    "threshold": 30.0
}
