{
    "count_spike": 121,
    "creation_time": 3432,
    "potential": 0.14948551888758754,
    "recent_spikes": [
        0,
        0,
        2,
        1,
        0
    ],
    "spike_train": [
        1481799158604707,
        1481799160762494,
        1481799162533163,
        1481799164039250,
        1481799164177286,
        1481799166633521
    ],
    "spiking_rate": 0.7975993549618938,
    "threshold": 30.0
}
