{
    "count_spike": 85,
    "creation_time": 3432,
    "potential": 1.435124558721865,
    "recent_spikes": [
        0,
        0,
        0,
        0,
        0
    ],
    "spike_train": [],
    "spiking_rate": 7.2512337801141104e-59,
    "threshold": 30.0
}
