{
    "count_spike": 9,
    "creation_time": 3432,
    "potential": 0.0006409142087139446,
    "recent_spikes": [
        0,
        0,
        0,
        0,
        0
    ],
    "spike_train": [],
    "spiking_rate": 1.1879024247856378e-116,
    "threshold": 30.0
}
