{
    "count_spike": 464,
    "creation_time": 3432,
    "potential": 0.42744926937949734,
    "recent_spikes": [
        0,
        0,
        0,
        0,
        0
    ],
    "spike_train": [],
    "spiking_rate": 5.120000026206078e-07,
    "threshold": 30.0
}
