{
    "count_spike": 28,
    "creation_time": 3432,
    "potential": 0.003204571682663151,
    "recent_spikes": [
        0,
        0,
        0,
        0,
        0
    ],
    "spike_train": [],
    "spiking_rate": 2.368347847369691e-153,
    "threshold": 30.0
}
