{
    "count_spike": 23,
    "creation_time": 3432,
    "potential": 8.59677169877921,
    "recent_spikes": [
        0,
        0,
        0,
        0,
        0
    ],
    "spike_train": [],
    "spiking_rate": 2.784408261052459e-152,
    "threshold": 30.0
}
