{
    "count_spike": 43,
    "creation_time": 3432,
    "potential": 0.5044569447941336,
    "recent_spikes": [
        0,
        0,
        0,
        0,
        0
    ],
    "spike_train": [],
    "spiking_rate": 6.579911983451452e-151,
    "threshold": 30.0
}
