{
    "count_spike": 33,
    "creation_time": 3432,
    "potential": 0.08109252707176316,
    "recent_spikes": [
        0,
        0,
        0,
        0,
        0
    ],
    "spike_train": [],
    "spiking_rate": 1.4610376975345533e-114,
    "threshold": 30.0
}
