{
    "count_spike": 177,
    "creation_time": 3432,
    "potential": 0.7598261254950441,
    "recent_spikes": [
        0,
        0,
        0,
        0,
        0
    ],
    "spike_train": [],
    "spiking_rate": 1.4406907121567464e-42,
    "threshold": 30.0
}
