{
    "count_spike": 226,
    "creation_time": 3432,
    "potential": 0.21466978583463175,
    "recent_spikes": [
        0,
        0,
        0,
        0,
        0
    ],
    "spike_train": [],
    "spiking_rate": 8.866438347782862e-33,
    "threshold": 30.0
}
