{
    "count_spike": 55,
    "creation_time": 3432,
    "potential": 0.5494925168868388,
    "recent_spikes": [
        0,
        0,
        0,
        0,
        0
    ],
    "spike_train": [],
    "spiking_rate": 2.456813568e-10,
    "threshold": 30.0
}
