{
    "count_spike": 60,
    "creation_time": 3432,
    "potential": 0.2241407497579804,
    "recent_spikes": [
        0,
        0,
        0,
        0,
        0
    ],
    "spike_train": [],
    "spiking_rate": 1.0063108377275898e-18,
    "threshold": 30.0
}
