{
    "count_spike": 60,
    "creation_time": 3432,
    "potential": 0.653837712256665,
    "recent_spikes": [
        0,
        0,
        0,
        0,
        0
    ],
    "spike_train": [],
    "spiking_rate": 3.434874327986072e-27,
    "threshold": 30.0
}
