{
    "count_spike": 89,
    "creation_time": 3432,
    "potential": 0.7444550638899682,
    "recent_spikes": [
        0,
        0,
        0,
        0,
        0
    ],
    "spike_train": [],
    "spiking_rate": 0.003600126320574464,
    "threshold": 30.0
}
