{
    "count_spike": 124,
    "creation_time": 3432,
    "potential": 5.447503797365595,
    "recent_spikes": [
        0,
        0,
        0,
        1,
        0
    ],
    "spike_train": [
        1481799158552132,
        1481799162627301
    ],
    "spiking_rate": 0.25159936,
    "threshold": 30.0
}
