{
    "count_spike": 4,
    "creation_time": 3432,
    "potential": 1.2255060407300475,
    "recent_spikes": [
        0,
        0,
        0,
        0,
        0
    ],
    "spike_train": [],
    "spiking_rate": 6.579911983451453e-149,
    "threshold": 30.0
}
