{
    "count_spike": 231,
    "creation_time": 3432,
    "potential": 0.7559412008638157,
    "recent_spikes": [
        0,
        0,
        0,
        0,
        0
    ],
    "spike_train": [
        1481799160795553
    ],
    "spiking_rate": 0.049984000000655546,
    "threshold": 30.0
}
