{
    "count_spike": 227,
    "creation_time": 3432,
    "potential": 0.010473353912498939,
    "recent_spikes": [
        0,
        0,
        0,
        0,
        0
    ],
    "spike_train": [],
    "spiking_rate": 5.375918080001677e-07,
    "threshold": 30.0
}
