{
    "count_spike": 1757,
    "creation_time": 3432,
    "potential": 2.1728811917022637,
    "recent_spikes": [
        0,
        0,
        0,
        0,
        2
    ],
    "spike_train": [
        1481799161267633,
        1481799161321447,
        1481799161354816,
        1481799161651289,
        1481799161815386
    ],
    "spiking_rate": 0.6497920002047344,
    "threshold": 30.0
}
