{
    "count_spike": 44,
    "creation_time": 3432,
    "potential": 0.6957113116777764,
    "recent_spikes": [
        0,
        0,
        0,
        0,
        0
    ],
    "spike_train": [],
    "spiking_rate": 8.793278272440896e-28,
    "threshold": 30.0
}
