{
    "count_spike": 269,
    "creation_time": 3432,
    "potential": 3.66671848657059,
    "recent_spikes": [
        0,
        1,
        0,
        0,
        0
    ],
    "spike_train": [
        1481799158897052,
        1481799159838703,
        1481799164394621,
        1481799166527730
    ],
    "spiking_rate": 0.2519961602047345,
    "threshold": 30.0
}
