{
    "count_spike": 153,
    "creation_time": 3432,
    "potential": 2.9912985894359956,
    "recent_spikes": [
        0,
        0,
        0,
        0,
        0
    ],
    "spike_train": [],
    "spiking_rate": 0.00015999819768135678,
    "threshold": 30.0
}
