{
    "count_spike": 387,
    "creation_time": 3432,
    "potential": 10.71971378759025,
    "recent_spikes": [
        0,
        0,
        1,
        1,
        0
    ],
    "spike_train": [
        1481799158784383,
        1481799159209321,
        1481799162747422,
        1481799164068717,
        1481799166548769
    ],
    "spiking_rate": 0.5016957380607344,
    "threshold": 30.0
}
