{
    "count_spike": 184,
    "creation_time": 3432,
    "potential": 1.4231411307875168,
    "recent_spikes": [
        0,
        0,
        0,
        0,
        0
    ],
    "spike_train": [],
    "spiking_rate": 1.758655654777055e-33,
    "threshold": 30.0
}
