{
    "count_spike": 13,
    "creation_time": 3432,
    "potential": 0.5301505633890282,
    "recent_spikes": [
        0,
        0,
        0,
        0,
        0
    ],
    "spike_train": [],
    "spiking_rate": 4.149189251011341e-45,
    "threshold": 30.0
}
