{
    "count_spike": 210,
    "creation_time": 3432,
    "potential": 0.30253035435064957,
    "recent_spikes": [
        0,
        0,
        0,
        0,
        0
    ],
    "spike_train": [
        1481799160967708,
        1481799161006561
    ],
    "spiking_rate": 0.0999680010239999,
    "threshold": 30.0
}
