{
    "count_spike": 25,
    "creation_time": 3432,
    "potential": 0.5352931807269713,
    "recent_spikes": [
        0,
        0,
        0,
        0,
        0
    ],
    "spike_train": [],
    "spiking_rate": 2.8138490479187196e-36,
    "threshold": 30.0
}
