{
    "count_spike": 101,
    "creation_time": 3432,
    "potential": 6.617086489305982,
    "recent_spikes": [
        0,
        0,
        0,
        1,
        0
    ],
    "spike_train": [
        1481799158781490,
        1481799162892668,
        1481799166403913
    ],
    "spiking_rate": 0.25159936004094685,
    "threshold": 30.0
}
