{
    "count_spike": 189,
    "creation_time": 3432,
    "potential": 3.565189511507323,
    "recent_spikes": [
        0,
        0,
        2,
        0,
        0
    ],
    "spike_train": [
        1481799160826371,
        1481799160859070,
        1481799160880222,
        1481799160942067,
        1481799160958643,
        1481799164245248,
        1481799164323356,
        1481799166599876
    ],
    "spiking_rate": 0.7459359999983616,
    "threshold": 30.0
}
