{
    "count_spike": 88,
    "creation_time": 3432,
    "potential": 1.8624402560751847,
    "recent_spikes": [
        0,
        0,
        0,
        0,
        0
    ],
    "spike_train": [],
    "spiking_rate": 5.1183616e-09,
    "threshold": 30.0
}
