{
    "count_spike": 9,
    "creation_time": 3432,
    "potential": 1.2700828718208608,
    "recent_spikes": [
        0,
        0,
        0,
        0,
        0
    ],
    "spike_train": [],
    "spiking_rate": 5.120000000000335e-07,
    "threshold": 30.0
}
