{
    "count_spike": 36,
    "creation_time": 3432,
    "potential": 0.2297917540131251,
    "recent_spikes": [
        0,
        0,
        0,
        0,
        0
    ],
    "spike_train": [],
    "spiking_rate": 0.002401048035328,
    "threshold": 30.0
}
