{
    "count_spike": 104,
    "creation_time": 3432,
    "potential": -79.53479445362308,
    "recent_spikes": [
        0,
        0,
        0,
        0,
        0
    ],
    "spike_train": [
        1481799158783402,
        1481799166398174,
        1481799166690428,
        1481799167146734
    ],
    "spiking_rate": 0.002015354920946893,
    "threshold": 30.0
}
