{
    "count_spike": 257,
    "creation_time": 3432,
    "potential": 2.1838489856129866,
    "recent_spikes": [
        0,
        0,
        0,
        0,
        0
    ],
    "spike_train": [],
    "spiking_rate": 1.0063108374528e-18,
    "threshold": 30.0
}
