{
    "count_spike": 248,
    "creation_time": 3432,
    "potential": 5.859983078373929,
    "recent_spikes": [
        0,
        0,
        0,
        0,
        0
    ],
    "spike_train": [
        1481799159015851,
        1481799159080737,
        1481799159123683
    ],
    "spiking_rate": 0.005998131183616013,
    "threshold": 30.0
}
