{
    "count_spike": 51,
    "creation_time": 3432,
    "potential": 1.5650822878256743,
    "recent_spikes": [
        0,
        0,
        0,
        0,
        0
    ],
    "spike_train": [],
    "spiking_rate": 0.0021609182330880002,
    "threshold": 30.0
}
