{
    "count_spike": 183,
    "creation_time": 3432,
    "potential": 1.9958158811131899,
    "recent_spikes": [
        0,
        0,
        1,
        0,
        1
    ],
    "spike_train": [
        1481799160577307,
        1481799160688200,
        1481799161464090,
        1481799164167221
    ],
    "spiking_rate": 0.5978880004094689,
    "threshold": 30.0
}
