{
    "count_spike": 19,
    "creation_time": 3432,
    "potential": 0.057889566238191574,
    "recent_spikes": [
        0,
        0,
        0,
        0,
        0
    ],
    "spike_train": [],
    "spiking_rate": 1.5113447177077942e-27,
    "threshold": 30.0
}
