{
    "count_spike": 139,
    "creation_time": 3432,
    "potential": 5.488071004062635,
    "recent_spikes": [
        0,
        0,
        0,
        0,
        0
    ],
    "spike_train": [
        1481799158918954
    ],
    "spiking_rate": 0.00199936,
    "threshold": 30.0
}
