{
    "count_spike": 51,
    "creation_time": 3432,
    "potential": 0.4871610928513158,
    "recent_spikes": [
        0,
        0,
        0,
        0,
        0
    ],
    "spike_train": [],
    "spiking_rate": 3.2441470772125604e-78,
    "threshold": 30.0
}
