{
    "count_spike": 134,
    "creation_time": 3432,
    "potential": -15.428180244157259,
    "recent_spikes": [
        0,
        0,
        0,
        0,
        0
    ],
    "spike_train": [],
    "spiking_rate": 8.796092121488076e-33,
    "threshold": 30.0
}
