{
    "count_spike": 47,
    "creation_time": 3432,
    "potential": 1.4767142721750155,
    "recent_spikes": [
        0,
        0,
        0,
        0,
        0
    ],
    "spike_train": [],
    "spiking_rate": 8.18937856e-11,
    "threshold": 30.0
}
