{
    "count_spike": 133,
    "creation_time": 3432,
    "potential": 2.7202094130333094,
    "recent_spikes": [
        0,
        0,
        0,
        0,
        0
    ],
    "spike_train": [],
    "spiking_rate": 1.125542790697124e-36,
    "threshold": 30.0
}
