{
    "count_spike": 63,
    "creation_time": 3432,
    "potential": 0.009558922541644062,
    "recent_spikes": [
        0,
        0,
        1,
        0,
        0
    ],
    "spike_train": [
        1481799161393048,
        1481799164092417
    ],
    "spiking_rate": 0.297984,
    "threshold": 30.0
}
