{
    "count_spike": 287,
    "creation_time": 3432,
    "potential": 3.725606702163871,
    "recent_spikes": [
        0,
        0,
        0,
        0,
        0
    ],
    "spike_train": [
        1481799161094655
    ],
    "spiking_rate": 0.049984,
    "threshold": 30.0
}
