{
    "count_spike": 294,
    "creation_time": 3432,
    "potential": -2.3631816444731286,
    "recent_spikes": [
        0,
        0,
        0,
        0,
        0
    ],
    "spike_train": [
        1481799159169923,
        1481799159770645,
        1481799160108062,
        1481799160150315
    ],
    "spiking_rate": 0.031996621004734466,
    "threshold": 30.0
}
