{
    "count_spike": 166,
    "creation_time": 3432,
    "potential": 15.151374896640924,
    "recent_spikes": [
        0,
        0,
        0,
        7,
        0
    ],
    "spike_train": [
        1481799158865246,
        1481799158877134,
        1481799158919435,
        1481799160867384,
        1481799161029501,
        1481799162941727,
        1481799162972005,
        1481799162988688,
        1481799163026923,
        1481799163071065,
        1481799163087080,
        1481799163192040
    ],
    "spiking_rate": 1.85318207488,
    "threshold": 30.0
}
