{
    "count_spike": 99,
    "creation_time": 3432,
    "potential": 1.4308807566625596,
    "recent_spikes": [
        0,
        0,
        0,
        0,
        0
    ],
    "spike_train": [],
    "spiking_rate": 4.0574198690411194e-121,
    "threshold": 30.0
}
