{
    "count_spike": 89,
    "creation_time": 3432,
    "potential": 9.806083446135926,
    "recent_spikes": [
        0,
        0,
        0,
        0,
        0
    ],
    "spike_train": [
        1481799166825326
    ],
    "spiking_rate": 9.599917909606483e-05,
    "threshold": 30.0
}
