{
    "count_spike": 17,
    "creation_time": 3432,
    "potential": 0.1568126956462,
    "recent_spikes": [
        0,
        0,
        0,
        0,
        0
    ],
    "spike_train": [],
    "spiking_rate": 2.72138781250819e-94,
    "threshold": 30.0
}
