{
    "count_spike": 255,
    "creation_time": 3432,
    "potential": 1.7500743789629276,
    "recent_spikes": [
        0,
        0,
        0,
        0,
        1
    ],
    "spike_train": [
        1481799161030351,
        1481799161061802,
        1481799161093189,
        1481799161200257,
        1481799161224999,
        1481799161282621,
        1481799161339697,
        1481799161362475,
        1481799161388641,
        1481799161418699
    ],
    "spiking_rate": 0.6997760001228407,
    "threshold": 30.0
}
