{
    "count_spike": 117,
    "creation_time": 3432,
    "potential": 1.8189061372324644,
    "recent_spikes": [
        0,
        0,
        0,
        0,
        0
    ],
    "spike_train": [],
    "spiking_rate": 1.5999998361600002e-05,
    "threshold": 30.0
}
