{
    "count_spike": 49,
    "creation_time": 3432,
    "potential": 0.07826053166884726,
    "recent_spikes": [
        0,
        0,
        0,
        0,
        0
    ],
    "spike_train": [],
    "spiking_rate": 5.627700984964022e-37,
    "threshold": 30.0
}
