{
    "count_spike": 31,
    "creation_time": 3432,
    "potential": 0.6241586234826176,
    "recent_spikes": [
        0,
        0,
        0,
        0,
        0
    ],
    "spike_train": [],
    "spiking_rate": 1.0137959616289252e-74,
    "threshold": 30.0
}
