{
    "count_spike": 1179,
    "creation_time": 3432,
    "potential": 1.0362875391010973,
    "recent_spikes": [
        0,
        0,
        0,
        0,
        1
    ],
    "spike_train": [
        1481799161109622,
        1481799161418549
    ],
    "spiking_rate": 0.299904,
    "threshold": 30.0
}
