{
    "count_spike": 5,
    "creation_time": 3432,
    "potential": 0.5426057085588569,
    "recent_spikes": [
        0,
        0,
        0,
        0,
        0
    ],
    "spike_train": [],
    "spiking_rate": 2.826050677948248e-172,
    "threshold": 30.0
}
