{
    "count_spike": 86,
    "creation_time": 3432,
    "potential": 1.5348783920014741,
    "recent_spikes": [
        0,
        0,
        0,
        0,
        0
    ],
    "spike_train": [
        1481799158559833
    ],
    "spiking_rate": 0.00199936,
    "threshold": 30.0
}
