{
    "count_spike": 137,
    "creation_time": 3432,
    "potential": 5.380279619559414,
    "recent_spikes": [
        0,
        0,
        0,
        1,
        0
    ],
    "spike_train": [
        1481799162509920,
        1481799166455019
    ],
    "spiking_rate": 0.24961599492094688,
    "threshold": 30.0
}
