{
    "count_spike": 223,
    "creation_time": 3432,
    "potential": 3.479533210363677,
    "recent_spikes": [
        0,
        0,
        1,
        0,
        0
    ],
    "spike_train": [
        1481799164328857,
        1481799166742922
    ],
    "spiking_rate": 0.24807999918073445,
    "threshold": 30.0
}
