{
    "count_spike": 91,
    "creation_time": 3432,
    "potential": 3.9701026786195093,
    "recent_spikes": [
        0,
        0,
        0,
        2,
        0
    ],
    "spike_train": [
        1481799160523653,
        1481799162608879,
        1481799162716356
    ],
    "spiking_rate": 0.5491840000409469,
    "threshold": 30.0
}
