{
    "count_spike": 31,
    "creation_time": 3432,
    "potential": 0.3173339787096615,
    "recent_spikes": [
        0,
        0,
        0,
        0,
        0
    ],
    "spike_train": [],
    "spiking_rate": 1.511344708140706e-27,
    "threshold": 30.0
}
