{
    "count_spike": 165,
    "creation_time": 3432,
    "potential": 0.7292591715561629,
    "recent_spikes": [
        0,
        0,
        0,
        0,
        0
    ],
    "spike_train": [],
    "spiking_rate": 1.0483075430691638e-16,
    "threshold": 30.0
}
