{
    "count_spike": 4,
    "creation_time": 3432,
    "potential": 0.84399334462962,
    "recent_spikes": [
        0,
        0,
        0,
        0,
        0
    ],
    "spike_train": [],
    "spiking_rate": 1.7861346490895565e-26,
    "threshold": 30.0
}
