{
    "count_spike": 68,
    "creation_time": 3432,
    "potential": 1.4738602854892247,
    "recent_spikes": [
        0,
        0,
        0,
        0,
        0
    ],
    "spike_train": [],
    "spiking_rate": 5.627698117413227e-37,
    "threshold": 30.0
}
