{
    "count_spike": 10,
    "creation_time": 3432,
    "potential": 0.42946082124241247,
    "recent_spikes": [
        0,
        0,
        0,
        0,
        0
    ],
    "spike_train": [],
    "spiking_rate": 3.09385983488918e-64,
    "threshold": 30.0
}
