{
    "count_spike": 120,
    "creation_time": 3432,
    "potential": 0.9307389802428859,
    "recent_spikes": [
        0,
        0,
        0,
        0,
        0
    ],
    "spike_train": [],
    "spiking_rate": 2.5591808e-08,
    "threshold": 30.0
}
