{
    "count_spike": 365,
    "creation_time": 3432,
    "potential": 2.79224088281798,
    "recent_spikes": [
        0,
        0,
        0,
        0,
        0
    ],
    "spike_train": [],
    "spiking_rate": 1.0553059472311626e-32,
    "threshold": 30.0
}
