{
    "count_spike": 251,
    "creation_time": 3432,
    "potential": 1.3146948074676434,
    "recent_spikes": [
        0,
        0,
        0,
        0,
        0
    ],
    "spike_train": [],
    "spiking_rate": 3.354369458176017e-19,
    "threshold": 30.0
}
