{
    "count_spike": 2,
    "creation_time": 3432,
    "potential": 2.380188005415466,
    "recent_spikes": [
        0,
        0,
        0,
        0,
        0
    ],
    "spike_train": [],
    "spiking_rate": 3.3364117501084614e-222,
    "threshold": 30.0
}
