{
    "count_spike": 72,
    "creation_time": 3432,
    "potential": 0.7542066979114223,
    "recent_spikes": [
        0,
        0,
        0,
        0,
        0
    ],
    "spike_train": [],
    "spiking_rate": 4.3966391362204517e-32,
    "threshold": 30.0
}
