{
    "count_spike": 17,
    "creation_time": 3432,
    "potential": 0.5038267944173084,
    "recent_spikes": [
        0,
        0,
        0,
        0,
        0
    ],
    "spike_train": [],
    "spiking_rate": 1.5388236976771564e-27,
    "threshold": 30.0
}
