{
    "count_spike": 29,
    "creation_time": 3432,
    "potential": 0.16431563139245095,
    "recent_spikes": [
        0,
        0,
        0,
        0,
        0
    ],
    "spike_train": [],
    "spiking_rate": 1.758655654776409e-33,
    "threshold": 30.0
}
