{
    "count_spike": 243,
    "creation_time": 3432,
    "potential": 0.04997505490486156,
    "recent_spikes": [
        0,
        0,
        0,
        0,
        0
    ],
    "spike_train": [],
    "spiking_rate": 1.2312277895169013e-32,
    "threshold": 30.0
}
