{
    "count_spike": 49,
    "creation_time": 3432,
    "potential": 0.31763542772479314,
    "recent_spikes": [
        0,
        0,
        0,
        0,
        0
    ],
    "spike_train": [],
    "spiking_rate": 5.120000000003356e-07,
    "threshold": 30.0
}
