{
    "count_spike": 114,
    "creation_time": 3432,
    "potential": 0.4559694555070256,
    "recent_spikes": [
        0,
        0,
        0,
        0,
        0
    ],
    "spike_train": [],
    "spiking_rate": 4.0252433498112e-20,
    "threshold": 30.0
}
