{
    "count_spike": 147,
    "creation_time": 3432,
    "potential": 16.46533224071245,
    "recent_spikes": [
        0,
        0,
        0,
        0,
        0
    ],
    "spike_train": [],
    "spiking_rate": 7.9999180734464e-05,
    "threshold": 30.0
}
