{
    "count_spike": 124,
    "creation_time": 3432,
    "potential": 3.167848010717766,
    "recent_spikes": [
        0,
        0,
        0,
        0,
        0
    ],
    "spike_train": [
        1481799167147798
    ],
    "spiking_rate": 0.0007999995904,
    "threshold": 30.0
}
