{
    "count_spike": 138,
    "creation_time": 3432,
    "potential": 0.34892918497544223,
    "recent_spikes": [
        0,
        0,
        0,
        0,
        0
    ],
    "spike_train": [],
    "spiking_rate": 2.0473461498016934e-10,
    "threshold": 30.0
}
