{
    "count_spike": 6,
    "creation_time": 3432,
    "potential": 0.05334436202336295,
    "recent_spikes": [
        0,
        0,
        0,
        0,
        0
    ],
    "spike_train": [],
    "spiking_rate": 4.787516167713364e-125,
    "threshold": 30.0
}
