{
    "count_spike": 77,
    "creation_time": 3432,
    "potential": 0.8529180629686198,
    "recent_spikes": [
        0,
        0,
        0,
        0,
        0
    ],
    "spike_train": [],
    "spiking_rate": 0.0008001275494399999,
    "threshold": 30.0
}
