{
    "count_spike": 62,
    "creation_time": 3432,
    "potential": 0.03556836187709756,
    "recent_spikes": [
        0,
        0,
        0,
        0,
        0
    ],
    "spike_train": [
        1481799167000577
    ],
    "spiking_rate": 3.6881682231211935e-45,
    "threshold": 30.0
}
