{
    "count_spike": 1,
    "creation_time": 3432,
    "potential": 1.9360281232035426,
    "recent_spikes": [
        0,
        0,
        0,
        0,
        0
    ],
    "spike_train": [],
    "spiking_rate": 3.582444838176491e-243,
    "threshold": 30.0
}
