{
    "count_spike": 62,
    "creation_time": 3432,
    "potential": 0.14619066696703506,
    "recent_spikes": [
        0,
        0,
        0,
        0,
        0
    ],
    "spike_train": [],
    "spiking_rate": 0.00400050978816,
    "threshold": 30.0
}
