{
    "count_spike": 50,
    "creation_time": 3432,
    "potential": -12.594724398461544,
    "recent_spikes": [
        1,
        0,
        0,
        0,
        0
    ],
    "spike_train": [
        1481799166006777
    ],
    "spiking_rate": 0.2000000000409469,
    "threshold": 30.0
}
