{
    "count_spike": 367,
    "creation_time": 3432,
    "potential": 10.064100752783032,
    "recent_spikes": [
        0,
        0,
        0,
        1,
        2
    ],
    "spike_train": [
        1481799159225907,
        1481799161704230,
        1481799161807855,
        1481799162954530
    ],
    "spiking_rate": 0.7514728859647345,
    "threshold": 30.0
}
