{
    "count_spike": 52,
    "creation_time": 3432,
    "potential": 0.38819233489335997,
    "recent_spikes": [
        0,
        0,
        0,
        0,
        0
    ],
    "spike_train": [],
    "spiking_rate": 2.8813814243134324e-43,
    "threshold": 30.0
}
