{
    "count_spike": 163,
    "creation_time": 3432,
    "potential": 1.2033961459307385,
    "recent_spikes": [
        0,
        0,
        0,
        0,
        0
    ],
    "spike_train": [
        1481799161099145
    ],
    "spiking_rate": 0.049984000204734466,
    "threshold": 30.0
}
