{
    "count_spike": 10,
    "creation_time": 3432,
    "potential": 1.0207180826296556,
    "recent_spikes": [
        0,
        0,
        0,
        0,
        0
    ],
    "spike_train": [],
    "spiking_rate": 4.094689283354369e-11,
    "threshold": 30.0
}
