{
    "count_spike": 5,
    "creation_time": 3432,
    "potential": 0.06461193659588256,
    "recent_spikes": [
        0,
        0,
        0,
        0,
        0
    ],
    "spike_train": [],
    "spiking_rate": 2.0762541294160388e-82,
    "threshold": 30.0
}
