{
    "count_spike": 57,
    "creation_time": 3432,
    "potential": 10.67273191036784,
    "recent_spikes": [
        0,
        0,
        0,
        0,
        0
    ],
    "spike_train": [],
    "spiking_rate": 1.6771847293627906e-19,
    "threshold": 30.0
}
