{
    "count_spike": 65,
    "creation_time": 3432,
    "potential": 0.6170049432380945,
    "recent_spikes": [
        0,
        0,
        0,
        0,
        0
    ],
    "spike_train": [],
    "spiking_rate": 8.79327827388159e-33,
    "threshold": 30.0
}
