{
    "count_spike": 117,
    "creation_time": 3432,
    "potential": 7.043276949383913,
    "recent_spikes": [
        0,
        0,
        0,
        0,
        0
    ],
    "spike_train": [],
    "spiking_rate": 1.599488e-05,
    "threshold": 30.0
}
