{
    "count_spike": 2,
    "creation_time": 3432,
    "potential": 2.0084838762246635,
    "recent_spikes": [
        0,
        0,
        0,
        0,
        0
    ],
    "spike_train": [],
    "spiking_rate": 2.74789946013778e-29,
    "threshold": 30.0
}
