{
    "count_spike": 267,
    "creation_time": 3432,
    "potential": 2.5146828701781136,
    "recent_spikes": [
        2,
        0,
        11,
        11,
        0
    ],
    "spike_train": [
        1481799160915781,
        1481799161070919,
        1481799162736866,
        1481799162762244,
        1481799162904469,
        1481799162916130,
        1481799163027950,
        1481799163057217,
        1481799163078657,
        1481799163103850,
        1481799163203832,
        1481799163227368,
        1481799163256490,
        1481799163852184,
        1481799163943710,
        1481799163977524,
        1481799164001665,
        1481799164029337,
        1481799164052388,
        1481799164076325,
        1481799164103831,
        1481799164193622,
        1481799164334421,
        1481799164347658,
        1481799166201803,
        1481799166360772,
        1481799166412699,
        1481799166442595,
        1481799166493656,
        1481799166804024,
        1481799166818637,
        1481799166836325,
        1481799166859291,
        1481799166889050,
        1481799166921273,
        1481799166942374,
        1481799166964719,
        1481799166990012,
        1481799167008773,
        1481799167050814
    ],
    "spiking_rate": 5.97358399488,
    "threshold": 30.0
}
