{
    "count_spike": 40,
    "creation_time": 3432,
    "potential": 0.47816674973611534,
    "recent_spikes": [
        0,
        0,
        0,
        0,
        0
    ],
    "spike_train": [],
    "spiking_rate": 1.8440841130712699e-47,
    "threshold": 30.0
}
