{
    "count_spike": 187,
    "creation_time": 3432,
    "potential": 3.628245713054926,
    "recent_spikes": [
        1,
        0,
        1,
        3,
        2
    ],
    "spike_train": [
        1481799161605040,
        1481799161663751,
        1481799162499930,
        1481799162595094,
        1481799162705529,
        1481799163905601,
        1481799166112023,
        1481799166465713,
        1481799167137088
    ],
    "spiking_rate": 1.696655994961894,
    "threshold": 30.0
}
