{
    "count_spike": 270,
    "creation_time": 3432,
    "potential": 10.278520153090762,
    "recent_spikes": [
        0,
        1,
        0,
        0,
        0
    ],
    "spike_train": [
        1481799159258881,
        1481799159486621,
        1481799164486123
    ],
    "spiking_rate": 0.2520121552894689,
    "threshold": 30.0
}
