{
    "count_spike": 64,
    "creation_time": 3432,
    "potential": 0.422426557231091,
    "recent_spikes": [
        0,
        0,
        0,
        0,
        0
    ],
    "spike_train": [],
    "spiking_rate": 1.637875713677185e-10,
    "threshold": 30.0
}
