{
    "count_spike": 610,
    "creation_time": 3432,
    "potential": 9.999194795314502,
    "recent_spikes": [
        0,
        0,
        0,
        0,
        0
    ],
    "spike_train": [
        1481799159249687,
        1481799159306494,
        1481799159332373
    ],
    "spiking_rate": 0.006001259518361603,
    "threshold": 30.0
}
