{
    "count_spike": 37,
    "creation_time": 3432,
    "potential": 0.2154622398869652,
    "recent_spikes": [
        0,
        0,
        0,
        0,
        0
    ],
    "spike_train": [],
    "spiking_rate": 6.2377317756473054e-27,
    "threshold": 30.0
}
