{
    "count_spike": 168,
    "creation_time": 3432,
    "potential": 6.716563874547296,
    "recent_spikes": [
        0,
        0,
        0,
        0,
        0
    ],
    "spike_train": [
        1481799158892058,
        1481799160899911
    ],
    "spiking_rate": 0.05198336,
    "threshold": 30.0
}
