{
    "count_spike": 382,
    "creation_time": 3432,
    "potential": 11.022548505792965,
    "recent_spikes": [
        3,
        0,
        0,
        9,
        28
    ],
    "spike_train": [
        1481799158954090,
        1481799160398298,
        1481799160433807,
        1481799160466038,
        1481799160540784,
        1481799160576415,
        1481799160861573,
        1481799161086458,
        1481799161152338,
        1481799161234579,
        1481799161273157,
        1481799161303496,
        1481799161339134,
        1481799161364363,
        1481799161392892,
        1481799161411517,
        1481799161429326,
        1481799161445664,
        1481799161461041,
        1481799161479481,
        1481799161503524,
        1481799161532099,
        1481799161557864,
        1481799161573196,
        1481799161588519,
        1481799161604918,
        1481799161624961,
        1481799161641177,
        1481799161656702,
        1481799161674980,
        1481799161691979,
        1481799161710834,
        1481799161737032,
        1481799161763857,
        1481799161779362,
        1481799161797944,
        1481799161815449,
        1481799161833485,
        1481799161857811,
        1481799161910550,
        1481799161934489,
        1481799161953265,
        1481799161976845,
        1481799162494732,
        1481799162584013,
        1481799162618034,
        1481799162676049,
        1481799162769633,
        1481799162797741,
        1481799162823635,
        1481799162954082,
        1481799163012706,
        1481799166130031,
        1481799166156203,
        1481799166184642,
        1481799166442898,
        1481799166578745,
        1481799166641134,
        1481799166665743,
        1481799166681842,
        1481799166698912
    ],
    "spiking_rate": 10.545935872,
    "threshold": 30.0
}
