{
    "count_spike": 283,
    "creation_time": 3432,
    "potential": 3.498867706343415,
    "recent_spikes": [
        0,
        0,
        0,
        0,
        0
    ],
    "spike_train": [],
    "spiking_rate": 0.00015999795199999998,
    "threshold": 30.0
}
