{
    "count_spike": 123,
    "creation_time": 3432,
    "potential": 0.23335254214346646,
    "recent_spikes": [
        0,
        0,
        0,
        0,
        0
    ],
    "spike_train": [
        1481799158606278
    ],
    "spiking_rate": 0.0019993600818937855,
    "threshold": 30.0
}
