{
    "count_spike": 15,
    "creation_time": 3432,
    "potential": 0.800440035996169,
    "recent_spikes": [
        0,
        0,
        0,
        0,
        0
    ],
    "spike_train": [],
    "spiking_rate": 5.120039309020442e-07,
    "threshold": 30.0
}
