{
    "count_spike": 63,
    "creation_time": 3432,
    "potential": 0.9935812744837389,
    "recent_spikes": [
        0,
        0,
        0,
        0,
        0
    ],
    "spike_train": [],
    "spiking_rate": 1.5840563522529647e-70,
    "threshold": 30.0
}
