{
    "count_spike": 8,
    "creation_time": 3432,
    "potential": 1.7532677937059673,
    "recent_spikes": [
        0,
        0,
        0,
        0,
        0
    ],
    "spike_train": [],
    "spiking_rate": 3.354369458176001e-20,
    "threshold": 30.0
}
