{
    "count_spike": 214,
    "creation_time": 3432,
    "potential": 1.7201146824583229,
    "recent_spikes": [
        0,
        0,
        0,
        0,
        0
    ],
    "spike_train": [],
    "spiking_rate": 1.7586556573695594e-33,
    "threshold": 30.0
}
