{
    "count_spike": 66,
    "creation_time": 3432,
    "potential": 0.5080862368580602,
    "recent_spikes": [
        0,
        0,
        0,
        0,
        0
    ],
    "spike_train": [],
    "spiking_rate": 1.7592184257383062e-33,
    "threshold": 30.0
}
