{
    "count_spike": 14,
    "creation_time": 3432,
    "potential": 0.7742021635384365,
    "recent_spikes": [
        0,
        0,
        0,
        0,
        0
    ],
    "spike_train": [],
    "spiking_rate": 6.454294390462088e-46,
    "threshold": 30.0
}
