{
    "count_spike": 299,
    "creation_time": 3432,
    "potential": 7.831554612741961,
    "recent_spikes": [
        0,
        0,
        0,
        0,
        0
    ],
    "spike_train": [],
    "spiking_rate": 3.198976e-05,
    "threshold": 30.0
}
