{
    "count_spike": 49,
    "creation_time": 3432,
    "potential": 0.12608455614110942,
    "recent_spikes": [
        0,
        0,
        0,
        0,
        0
    ],
    "spike_train": [],
    "spiking_rate": 2.6835411816718393e-22,
    "threshold": 30.0
}
