{
    "count_spike": 162,
    "creation_time": 3432,
    "potential": 0.2110597412993886,
    "recent_spikes": [
        0,
        0,
        0,
        1,
        0
    ],
    "spike_train": [
        1481799162733415
    ],
    "spiking_rate": 0.24961599492094688,
    "threshold": 30.0
}
