{
    "count_spike": 11,
    "creation_time": 3432,
    "potential": 5.745770066778116e-13,
    "recent_spikes": [
        0,
        0,
        0,
        0,
        0
    ],
    "spike_train": [],
    "spiking_rate": 6.488297476431734e-79,
    "threshold": 30.0
}
