{
    "count_spike": 88,
    "creation_time": 3432,
    "potential": -16.976325504743574,
    "recent_spikes": [
        0,
        0,
        0,
        0,
        0
    ],
    "spike_train": [
        1481799167068353,
        1481799167145515
    ],
    "spiking_rate": 4.094689296771849e-11,
    "threshold": 30.0
}
