{
    "count_spike": 2,
    "creation_time": 3432,
    "potential": 0.5350468951023934,
    "recent_spikes": [
        0,
        0,
        0,
        0,
        0
    ],
    "spike_train": [],
    "spiking_rate": 9.804832910673997e-133,
    "threshold": 30.0
}
