{
    "count_spike": 7,
    "creation_time": 3432,
    "potential": 1.067989729879608,
    "recent_spikes": [
        0,
        0,
        0,
        0,
        0
    ],
    "spike_train": [],
    "spiking_rate": 2.3975880480806965e-124,
    "threshold": 30.0
}
