{
    "count_spike": 165,
    "creation_time": 3432,
    "potential": 0.09538627241551081,
    "recent_spikes": [
        0,
        0,
        0,
        0,
        0
    ],
    "spike_train": [],
    "spiking_rate": 4.192961822720004e-17,
    "threshold": 30.0
}
