{
    "count_spike": 25,
    "creation_time": 3432,
    "potential": 0.6544153313746343,
    "recent_spikes": [
        0,
        0,
        0,
        0,
        0
    ],
    "spike_train": [],
    "spiking_rate": 2.2828655578849015e-110,
    "threshold": 30.0
}
