{
    "count_spike": 170,
    "creation_time": 3432,
    "potential": 15.465212825855014,
    "recent_spikes": [
        0,
        0,
        0,
        1,
        5
    ],
    "spike_train": [
        1481799160771961,
        1481799160948655,
        1481799160967564,
        1481799160991367,
        1481799161027187,
        1481799161062173,
        1481799161141265,
        1481799161173910,
        1481799161202715,
        1481799161224346,
        1481799161245866,
        1481799161270099,
        1481799161292319,
        1481799161341506,
        1481799161381767,
        1481799161437001,
        1481799162116006,
        1481799162143348,
        1481799162182553,
        1481799162357018,
        1481799162427603
    ],
    "spiking_rate": 2.24896,
    "threshold": 30.0
}
