{
    "count_spike": 150,
    "creation_time": 3432,
    "potential": 0.5143977918140811,
    "recent_spikes": [
        0,
        0,
        0,
        1,
        0
    ],
    "spike_train": [
        1481799162968158
    ],
    "spiking_rate": 0.2496000010236723,
    "threshold": 30.0
}
