{
    "count_spike": 17,
    "creation_time": 3432,
    "potential": 0.5556252770360721,
    "recent_spikes": [
        0,
        0,
        0,
        0,
        0
    ],
    "spike_train": [],
    "spiking_rate": 6.708740152906756e-21,
    "threshold": 30.0
}
