{
    "count_spike": 29,
    "creation_time": 3432,
    "potential": 0.1898415454605471,
    "recent_spikes": [
        0,
        0,
        0,
        3,
        0
    ],
    "spike_train": [
        1481799162737663,
        1481799162828412,
        1481799162904395
    ],
    "spiking_rate": 0.7488000000409469,
    "threshold": 30.0
}
