{
    "count_spike": 5,
    "creation_time": 3432,
    "potential": 2.7017396432501632,
    "recent_spikes": [
        0,
        0,
        0,
        0,
        0
    ],
    "spike_train": [],
    "spiking_rate": 1.3288026428262646e-86,
    "threshold": 30.0
}
