{
    "count_spike": 433,
    "creation_time": 3432,
    "potential": 17.056431644116106,
    "recent_spikes": [
        0,
        0,
        0,
        14,
        29
    ],
    "spike_train": [
        1481799158810481,
        1481799158853299,
        1481799158880074,
        1481799160455932,
        1481799160487021,
        1481799160561626,
        1481799160592197,
        1481799160618618,
        1481799160827846,
        1481799160852914,
        1481799161269009,
        1481799161320292,
        1481799161342577,
        1481799161356785,
        1481799161384473,
        1481799161409126,
        1481799161426292,
        1481799161443342,
        1481799161459602,
        1481799161477445,
        1481799161492563,
        1481799161506475,
        1481799161523271,
        1481799161542381,
        1481799161565364,
        1481799161589978,
        1481799161615786,
        1481799161634286,
        1481799161657955,
        1481799161681533,
        1481799161703281,
        1481799161726867,
        1481799161751818,
        1481799161771523,
        1481799161787195,
        1481799161803925,
        1481799161820516,
        1481799161837720,
        1481799161851982,
        1481799161866178,
        1481799161883846,
        1481799161903433,
        1481799161933653,
        1481799161962239,
        1481799162553221,
        1481799162584245,
        1481799162602001,
        1481799162619597,
        1481799162634878,
        1481799162667506,
        1481799162751048,
        1481799162770401,
        1481799162790690,
        1481799162816665,
        1481799162842835,
        1481799162865937,
        1481799162956154,
        1481799162985550,
        1481799166496180,
        1481799166544808,
        1481799166569765,
        1481799166592762,
        1481799166629202,
        1481799166679502,
        1481799166698383,
        1481799166727832,
        1481799166857244
    ],
    "spiking_rate": 11.348126076968947,
    "threshold": 30.0
}
