{
    "count_spike": 70,
    "creation_time": 3432,
    "potential": 0.47512775864724616,
    "recent_spikes": [
        0,
        0,
        0,
        0,
        0
    ],
    "spike_train": [
        1481799166897381
    ],
    "spiking_rate": 1.1255396465336954e-37,
    "threshold": 30.0
}
