{
    "count_spike": 139,
    "creation_time": 3432,
    "potential": 0.3092888659156004,
    "recent_spikes": [
        0,
        0,
        0,
        0,
        0
    ],
    "spike_train": [],
    "spiking_rate": 0.00048330113024,
    "threshold": 30.0
}
