{
    "count_spike": 54,
    "creation_time": 3432,
    "potential": 1.173485920058292,
    "recent_spikes": [
        0,
        0,
        0,
        0,
        0
    ],
    "spike_train": [],
    "spiking_rate": 3.02134818184585e-56,
    "threshold": 30.0
}
