{
    "count_spike": 104,
    "creation_time": 3432,
    "potential": 0.22846139155518652,
    "recent_spikes": [
        0,
        0,
        0,
        0,
        0
    ],
    "spike_train": [],
    "spiking_rate": 2.8813814243134324e-43,
    "threshold": 30.0
}
