{
    "count_spike": 179,
    "creation_time": 3432,
    "potential": 0.4637837976746465,
    "recent_spikes": [
        0,
        0,
        0,
        0,
        0
    ],
    "spike_train": [
        1481799160900553,
        1481799160987228
    ],
    "spiking_rate": 0.09996800016378757,
    "threshold": 30.0
}
