{
    "count_spike": 283,
    "creation_time": 3432,
    "potential": 2.151617916547775,
    "recent_spikes": [
        0,
        0,
        0,
        0,
        2
    ],
    "spike_train": [
        1481799158915863,
        1481799160452541,
        1481799161586126,
        1481799161633737,
        1481799167113868
    ],
    "spiking_rate": 0.5518393549618937,
    "threshold": 30.0
}
