{
    "count_spike": 12,
    "creation_time": 3432,
    "potential": 0.40055883472794895,
    "recent_spikes": [
        0,
        0,
        0,
        0,
        0
    ],
    "spike_train": [],
    "spiking_rate": 0.0007999995904,
    "threshold": 30.0
}
