{
    "count_spike": 71,
    "creation_time": 3432,
    "potential": 2.098005304428911,
    "recent_spikes": [
        0,
        0,
        0,
        0,
        0
    ],
    "spike_train": [],
    "spiking_rate": 0.00039999991804067837,
    "threshold": 30.0
}
