{
    "count_spike": 292,
    "creation_time": 3432,
    "potential": 1.64563558483377,
    "recent_spikes": [
        0,
        0,
        0,
        0,
        0
    ],
    "spike_train": [],
    "spiking_rate": 0.00023999717368135683,
    "threshold": 30.0
}
