{
    "count_spike": 37,
    "creation_time": 3432,
    "potential": 4.645546558684551,
    "recent_spikes": [
        0,
        0,
        0,
        0,
        0
    ],
    "spike_train": [],
    "spiking_rate": 5.120003275796709e-07,
    "threshold": 30.0
}
