{
    "count_spike": 669,
    "creation_time": 3432,
    "potential": 3.2541632960506597,
    "recent_spikes": [
        0,
        0,
        0,
        0,
        0
    ],
    "spike_train": [],
    "spiking_rate": 3.4348831201388066e-27,
    "threshold": 30.0
}
