{
    "count_spike": 10,
    "creation_time": 3432,
    "potential": 0.35131903110167484,
    "recent_spikes": [
        0,
        0,
        0,
        0,
        0
    ],
    "spike_train": [],
    "spiking_rate": 3.354369460923899e-20,
    "threshold": 30.0
}
