{
    "count_spike": 1187,
    "creation_time": 3432,
    "potential": 1.822483311261795,
    "recent_spikes": [
        0,
        0,
        0,
        0,
        1
    ],
    "spike_train": [
        1481799161662299
    ],
    "spiking_rate": 0.24992,
    "threshold": 30.0
}
