{
    "count_spike": 56,
    "creation_time": 3432,
    "potential": 0.3944931027588611,
    "recent_spikes": [
        0,
        0,
        0,
        0,
        0
    ],
    "spike_train": [],
    "spiking_rate": 1.1802138314065158e-51,
    "threshold": 30.0
}
