{
    "count_spike": 75,
    "creation_time": 3432,
    "potential": 11.19635702858789,
    "recent_spikes": [
        2,
        0,
        0,
        3,
        1
    ],
    "spike_train": [
        1481799160367179,
        1481799161491398,
        1481799162553397,
        1481799162578863,
        1481799162811052,
        1481799166123805,
        1481799166236845,
        1481799166527533
    ],
    "spiking_rate": 1.408716800040947,
    "threshold": 30.0
}
