{
    "count_spike": 164,
    "creation_time": 3432,
    "potential": 0.04423424796729761,
    "recent_spikes": [
        0,
        0,
        0,
        0,
        0
    ],
    "spike_train": [],
    "spiking_rate": 2.5591808000167713e-08,
    "threshold": 30.0
}
