{
    "count_spike": 378,
    "creation_time": 3432,
    "potential": 6.728709433760806,
    "recent_spikes": [
        0,
        0,
        0,
        0,
        0
    ],
    "spike_train": [
        1481799158840156,
        1481799161336710,
        1481799166808420
    ],
    "spiking_rate": 0.05198336008189378,
    "threshold": 30.0
}
