{
    "count_spike": 165,
    "creation_time": 3432,
    "potential": 2.080930727900903,
    "recent_spikes": [
        0,
        0,
        0,
        0,
        0
    ],
    "spike_train": [],
    "spiking_rate": 2.8140320725291717e-36,
    "threshold": 30.0
}
