{
    "count_spike": 45,
    "creation_time": 3432,
    "potential": 1.22991988869278,
    "recent_spikes": [
        0,
        0,
        0,
        0,
        0
    ],
    "spike_train": [],
    "spiking_rate": 1.4406907121567162e-42,
    "threshold": 30.0
}
