{
    "count_spike": 16,
    "creation_time": 3432,
    "potential": 11.212849043655588,
    "recent_spikes": [
        0,
        0,
        0,
        0,
        0
    ],
    "spike_train": [],
    "spiking_rate": 3.093859837423672e-64,
    "threshold": 30.0
}
