{
    "count_spike": 60,
    "creation_time": 3432,
    "potential": 0.4033789745821556,
    "recent_spikes": [
        0,
        0,
        0,
        0,
        0
    ],
    "spike_train": [],
    "spiking_rate": 3.0213860818257156e-57,
    "threshold": 30.0
}
