{
    "count_spike": 60,
    "creation_time": 3432,
    "potential": 6.82870499050079,
    "recent_spikes": [
        0,
        0,
        0,
        0,
        0
    ],
    "spike_train": [],
    "spiking_rate": 3.021348181845828e-56,
    "threshold": 30.0
}
