{
    "count_spike": 322,
    "creation_time": 3432,
    "potential": 25.189879786669163,
    "recent_spikes": [
        6,
        0,
        0,
        0,
        29
    ],
    "spike_train": [
        1481799158916626,
        1481799159065058,
        1481799160523597,
        1481799160682936,
        1481799160779301,
        1481799160993561,
        1481799161342127,
        1481799161369654,
        1481799161398017,
        1481799161418283,
        1481799161445912,
        1481799161459611,
        1481799161486389,
        1481799161504081,
        1481799161520785,
        1481799161545657,
        1481799161562442,
        1481799161586314,
        1481799161614362,
        1481799161631045,
        1481799161652698,
        1481799161681902,
        1481799161702626,
        1481799161716157,
        1481799161731556,
        1481799161752774,
        1481799161797827,
        1481799161827269,
        1481799161863291,
        1481799161885612,
        1481799161905073,
        1481799161917642,
        1481799161931928,
        1481799161945985,
        1481799161970434,
        1481799162073773,
        1481799162101747,
        1481799166211064,
        1481799166239607,
        1481799166262832,
        1481799166284755,
        1481799166305220,
        1481799166326384,
        1481799166514968,
        1481799166547467,
        1481799166759831,
        1481799166787044,
        1481799166805790,
        1481799166841067
    ],
    "spiking_rate": 8.75158374412284,
    "threshold": 30.0
}
