{
    "count_spike": 159,
    "creation_time": 3432,
    "potential": 0.004188422241569933,
    "recent_spikes": [
        0,
        0,
        0,
        0,
        0
    ],
    "spike_train": [],
    "spiking_rate": 1.599488e-05,
    "threshold": 30.0
}
