{
    "count_spike": 35,
    "creation_time": 3432,
    "potential": 4.721572814527746,
    "recent_spikes": [
        0,
        0,
        0,
        0,
        0
    ],
    "spike_train": [],
    "spiking_rate": 4.09468928e-11,
    "threshold": 30.0
}
