{
    "count_spike": 471,
    "creation_time": 3432,
    "potential": 1.534857971650853,
    "recent_spikes": [
        0,
        0,
        0,
        0,
        7
    ],
    "spike_train": [
        1481799161170734,
        1481799161279947,
        1481799161312128,
        1481799161342846,
        1481799161377254,
        1481799161401547,
        1481799161418140,
        1481799161628439,
        1481799161671478,
        1481799161706228,
        1481799161768411,
        1481799161813298
    ],
    "spiking_rate": 1.99936,
    "threshold": 30.0
}
