{
    "count_spike": 356,
    "creation_time": 3432,
    "potential": 18.82565998086841,
    "recent_spikes": [
        1,
        4,
        12,
        21,
        1
    ],
    "spike_train": [
        1481799158827298,
        1481799158854275,
        1481799158867810,
        1481799158890259,
        1481799158911626,
        1481799158923109,
        1481799158935708,
        1481799158955044,
        1481799158977225,
        1481799159013489,
        1481799159025160,
        1481799159044544,
        1481799159113670,
        1481799161254650,
        1481799161898038,
        1481799162860011,
        1481799162883675,
        1481799162976062,
        1481799162990893,
        1481799162999848,
        1481799163009545,
        1481799163025492,
        1481799163050247,
        1481799163075166,
        1481799163094216,
        1481799163108035,
        1481799163120406,
        1481799163139079,
        1481799163157347,
        1481799163171679,
        1481799163186953,
        1481799163217696,
        1481799163272458,
        1481799163293977,
        1481799163318216,
        1481799163337065,
        1481799163976650,
        1481799164043816,
        1481799164068975,
        1481799164094914,
        1481799164130997,
        1481799164149265,
        1481799164166884,
        1481799164180800,
        1481799164197697,
        1481799164253504,
        1481799164273835,
        1481799164392563,
        1481799164405624,
        1481799164416907,
        1481799164473847,
        1481799164497021,
        1481799166327064,
        1481799166464023,
        1481799166515071,
        1481799166616066,
        1481799166635933,
        1481799166655165,
        1481799166675330,
        1481799166710091,
        1481799166750915,
        1481799166822436,
        1481799166866659,
        1481799166911868,
        1481799166924599,
        1481799166940521,
        1481799166955694,
        1481799166982759,
        1481799167010742,
        1481799167037828,
        1481799167060351,
        1481799167087273,
        1481799167115162
    ],
    "spiking_rate": 9.70352767016947,
    "threshold": 30.0
}
