{
    "count_spike": 46,
    "creation_time": 3432,
    "potential": 7.575234587612849,
    "recent_spikes": [
        0,
        0,
        0,
        0,
        0
    ],
    "spike_train": [],
    "spiking_rate": 5.627698094362173e-37,
    "threshold": 30.0
}
