{
    "count_spike": 450,
    "creation_time": 3432,
    "potential": 12.292344103425428,
    "recent_spikes": [
        2,
        0,
        1,
        22,
        6
    ],
    "spike_train": [
        1481799158819133,
        1481799158857066,
        1481799158879743,
        1481799158938779,
        1481799158964260,
        1481799158982023,
        1481799159000881,
        1481799159015917,
        1481799159039677,
        1481799159059969,
        1481799159072469,
        1481799159088380,
        1481799159102702,
        1481799159225657,
        1481799159722227,
        1481799160222961,
        1481799160241403,
        1481799160256635,
        1481799160853884,
        1481799160884297,
        1481799160930445,
        1481799160989387,
        1481799161017867,
        1481799161060444,
        1481799161086449,
        1481799161128810,
        1481799161152182,
        1481799161591351,
        1481799161616573,
        1481799161688695,
        1481799161779530,
        1481799161837250,
        1481799161968707,
        1481799162850828,
        1481799162883475,
        1481799162912436,
        1481799162933348,
        1481799162947022,
        1481799162957449,
        1481799162970839,
        1481799162989622,
        1481799163026664,
        1481799163039285,
        1481799163049943,
        1481799163063584,
        1481799163133728,
        1481799163147845,
        1481799163160610,
        1481799163177606,
        1481799163194663,
        1481799163214217,
        1481799163236384,
        1481799163267750,
        1481799163293251,
        1481799163324254,
        1481799163556291,
        1481799166319442,
        1481799166371433,
        1481799166445194,
        1481799166470334,
        1481799166497092,
        1481799166577307,
        1481799166592114,
        1481799166603649,
        1481799166625976,
        1481799166653588,
        1481799166676668,
        1481799166814891,
        1481799166845981,
        1481799166866941,
        1481799166889441,
        1481799166911856,
        1481799166923442,
        1481799166938115,
        1481799166975518,
        1481799166990114,
        1481799166999501,
        1481799167010790,
        1481799167042418
    ],
    "spiking_rate": 8.156571259084734,
    "threshold": 30.0
}
