{
    "count_spike": 209,
    "creation_time": 3432,
    "potential": 11.40334830357082,
    "recent_spikes": [
        0,
        0,
        0,
        0,
        0
    ],
    "spike_train": [
        1481799161232024
    ],
    "spiking_rate": 0.050063998976,
    "threshold": 30.0
}
