{
    "count_spike": 184,
    "creation_time": 3432,
    "potential": 0.6448711794028691,
    "recent_spikes": [
        0,
        0,
        0,
        0,
        0
    ],
    "spike_train": [],
    "spiking_rate": 9.599897436160084e-05,
    "threshold": 30.0
}
