{
    "count_spike": 139,
    "creation_time": 3432,
    "potential": 0.3317543895741868,
    "recent_spikes": [
        0,
        0,
        0,
        0,
        0
    ],
    "spike_train": [
        1481799158804614
    ],
    "spiking_rate": 0.0019993600818937855,
    "threshold": 30.0
}
