{
    "count_spike": 70,
    "creation_time": 3432,
    "potential": 8.964281760953927,
    "recent_spikes": [
        1,
        0,
        0,
        2,
        1
    ],
    "spike_train": [
        1481799160675624,
        1481799160850149,
        1481799161696520,
        1481799162670617,
        1481799162715555,
        1481799166308680,
        1481799166608914
    ],
    "spiking_rate": 1.049088,
    "threshold": 30.0
}
