{
    "count_spike": 8,
    "creation_time": 3432,
    "potential": 9.871936862121995,
    "recent_spikes": [
        0,
        0,
        0,
        0,
        0
    ],
    "spike_train": [],
    "spiking_rate": 2.3440127506711536e-116,
    "threshold": 30.0
}
