{
    "count_spike": 61,
    "creation_time": 3432,
    "potential": 0.28129708547550925,
    "recent_spikes": [
        0,
        0,
        0,
        0,
        0
    ],
    "spike_train": [],
    "spiking_rate": 8.0003275423744e-05,
    "threshold": 30.0
}
