{
    "count_spike": 15,
    "creation_time": 3432,
    "potential": 0.5415267195037585,
    "recent_spikes": [
        0,
        0,
        0,
        0,
        0
    ],
    "spike_train": [],
    "spiking_rate": 2.858154983173395e-108,
    "threshold": 30.0
}
