{
    "count_spike": 200,
    "creation_time": 3432,
    "potential": 0.12758081639216048,
    "recent_spikes": [
        0,
        0,
        0,
        0,
        0
    ],
    "spike_train": [],
    "spiking_rate": 1.5723606835199998e-15,
    "threshold": 30.0
}
