{
    "count_spike": 43,
    "creation_time": 3432,
    "potential": 0.38856394812936873,
    "recent_spikes": [
        0,
        0,
        0,
        0,
        0
    ],
    "spike_train": [],
    "spiking_rate": 2.5596721627510348e-08,
    "threshold": 30.0
}
