{
    "count_spike": 116,
    "creation_time": 3432,
    "potential": 0.055872684896238735,
    "recent_spikes": [
        0,
        0,
        0,
        0,
        0
    ],
    "spike_train": [],
    "spiking_rate": 3.275753101184729e-13,
    "threshold": 30.0
}
