{
    "count_spike": 319,
    "creation_time": 3432,
    "potential": 1.1630458355529834,
    "recent_spikes": [
        0,
        0,
        0,
        0,
        0
    ],
    "spike_train": [
        1481799159184154
    ],
    "spiking_rate": 0.00199936,
    "threshold": 30.0
}
