{
    "count_spike": 154,
    "creation_time": 3432,
    "potential": 0.5337526355242459,
    "recent_spikes": [
        0,
        0,
        0,
        0,
        0
    ],
    "spike_train": [],
    "spiking_rate": 7.999999967232016e-05,
    "threshold": 30.0
}
