{
    "count_spike": 139,
    "creation_time": 3432,
    "potential": 0.1163406488754165,
    "recent_spikes": [
        0,
        0,
        0,
        0,
        0
    ],
    "spike_train": [],
    "spiking_rate": 0.004000279461888001,
    "threshold": 30.0
}
