{
    "count_spike": 93,
    "creation_time": 3432,
    "potential": 4.630753831795647,
    "recent_spikes": [
        0,
        0,
        1,
        0,
        0
    ],
    "spike_train": [
        1481799158839962,
        1481799161350991,
        1481799163756697
    ],
    "spiking_rate": 0.29998336000000003,
    "threshold": 30.0
}
