{
    "count_spike": 348,
    "creation_time": 3432,
    "potential": 0.9730309376884013,
    "recent_spikes": [
        0,
        0,
        0,
        0,
        0
    ],
    "spike_train": [],
    "spiking_rate": 3.168112380090474e-70,
    "threshold": 30.0
}
