{
    "count_spike": 23,
    "creation_time": 3432,
    "potential": 0.5696023033025822,
    "recent_spikes": [
        2,
        0,
        0,
        1,
        1
    ],
    "spike_train": [
        1481799162339848,
        1481799162412566,
        1481799166025029,
        1481799166328873
    ],
    "spiking_rate": 0.8995200000000001,
    "threshold": 30.0
}
