{
    "count_spike": 193,
    "creation_time": 3432,
    "potential": 0.45049205010357746,
    "recent_spikes": [
        0,
        0,
        0,
        0,
        0
    ],
    "spike_train": [],
    "spiking_rate": 1.0748559359999996e-07,
    "threshold": 30.0
}
