{
    "count_spike": 442,
    "creation_time": 3432,
    "potential": 4.980317379057925,
    "recent_spikes": [
        3,
        0,
        0,
        4,
        23
    ],
    "spike_train": [
        1481799158950714,
        1481799160877621,
        1481799161197493,
        1481799161245453,
        1481799161289737,
        1481799161341461,
        1481799161375384,
        1481799161434078,
        1481799161457934,
        1481799161478881,
        1481799161498145,
        1481799161519378,
        1481799161546979,
        1481799161584416,
        1481799161610155,
        1481799161632957,
        1481799161652559,
        1481799161670415,
        1481799161690031,
        1481799161706035,
        1481799161731879,
        1481799161770313,
        1481799161803624,
        1481799161822930,
        1481799161840689,
        1481799161854450,
        1481799161870988,
        1481799161888403,
        1481799161909630,
        1481799162040899,
        1481799162814277,
        1481799162851620,
        1481799162881756,
        1481799162939693,
        1481799166174876,
        1481799166238022,
        1481799166267149,
        1481799166704313,
        1481799166728492,
        1481799166816231
    ],
    "spiking_rate": 7.648463359999999,
    "threshold": 30.0
}
