{
    "count_spike": 845,
    "creation_time": 3432,
    "potential": 1.4068359912975479,
    "recent_spikes": [
        0,
        0,
        0,
        0,
        0
    ],
    "spike_train": [],
    "spiking_rate": 7.734649365455057e-63,
    "threshold": 30.0
}
