{
    "count_spike": 168,
    "creation_time": 3432,
    "potential": 1.7331910832300963,
    "recent_spikes": [
        0,
        0,
        0,
        2,
        0
    ],
    "spike_train": [
        1481799162916038,
        1481799163045236,
        1481799166734578
    ],
    "spiking_rate": 0.4992159949209469,
    "threshold": 30.0
}
