{
    "count_spike": 71,
    "creation_time": 3432,
    "potential": 1.1475049526977381,
    "recent_spikes": [
        0,
        0,
        0,
        0,
        0
    ],
    "spike_train": [],
    "spiking_rate": 4.09468928e-11,
    "threshold": 30.0
}
