{
    "count_spike": 50,
    "creation_time": 3432,
    "potential": 1.4271967438352422,
    "recent_spikes": [
        0,
        0,
        0,
        0,
        0
    ],
    "spike_train": [],
    "spiking_rate": 5.44277562501638e-95,
    "threshold": 30.0
}
