{
    "count_spike": 158,
    "creation_time": 3432,
    "potential": 0.7084529400442796,
    "recent_spikes": [
        0,
        0,
        0,
        0,
        0
    ],
    "spike_train": [
        1481799161079263
    ],
    "spiking_rate": 0.050063998976,
    "threshold": 30.0
}
