{
    "count_spike": 9,
    "creation_time": 3432,
    "potential": 2.5278233348077133,
    "recent_spikes": [
        0,
        0,
        0,
        0,
        0
    ],
    "spike_train": [],
    "spiking_rate": 1.237545292442324e-65,
    "threshold": 30.0
}
