{
    "count_spike": 4,
    "creation_time": 3432,
    "potential": 4.218611864535397,
    "recent_spikes": [
        0,
        0,
        0,
        0,
        0
    ],
    "spike_train": [],
    "spiking_rate": 4.09468928e-11,
    "threshold": 30.0
}
