{
    "count_spike": 190,
    "creation_time": 3432,
    "potential": 2.5846449691038385,
    "recent_spikes": [
        0,
        0,
        0,
        0,
        0
    ],
    "spike_train": [
        1481799158579806,
        1481799166622340
    ],
    "spiking_rate": 0.00199936,
    "threshold": 30.0
}
