{
    "count_spike": 103,
    "creation_time": 3432,
    "potential": 1.0046555721898924,
    "recent_spikes": [
        0,
        0,
        0,
        0,
        0
    ],
    "spike_train": [],
    "spiking_rate": 1.5106744776553961e-56,
    "threshold": 30.0
}
