{
    "count_spike": 105,
    "creation_time": 3432,
    "potential": 1.0978417711604498,
    "recent_spikes": [
        0,
        0,
        0,
        0,
        0
    ],
    "spike_train": [],
    "spiking_rate": 8.222136074239999e-11,
    "threshold": 30.0
}
