{
    "count_spike": 103,
    "creation_time": 3432,
    "potential": -83.8832214803242,
    "recent_spikes": [
        0,
        0,
        0,
        0,
        0
    ],
    "spike_train": [],
    "spiking_rate": 1.599594461921364e-05,
    "threshold": 30.0
}
