{
    "count_spike": 157,
    "creation_time": 3432,
    "potential": 2.1177147991083056,
    "recent_spikes": [
        0,
        0,
        0,
        0,
        0
    ],
    "spike_train": [
        1481799166749050
    ],
    "spiking_rate": 1.0236723724124255e-07,
    "threshold": 30.0
}
