{
    "count_spike": 147,
    "creation_time": 3432,
    "potential": 0.13731713831599016,
    "recent_spikes": [
        0,
        0,
        0,
        1,
        0
    ],
    "spike_train": [
        1481799160964397,
        1481799162477250,
        1481799166628009
    ],
    "spiking_rate": 0.2995840000818938,
    "threshold": 30.0
}
