{
    "count_spike": 250,
    "creation_time": 3432,
    "potential": 1.4412386901688663,
    "recent_spikes": [
        0,
        0,
        0,
        4,
        0
    ],
    "spike_train": [
        1481799158921465,
        1481799158968596,
        1481799160873707,
        1481799160924649,
        1481799161177083,
        1481799163009981,
        1481799163035536,
        1481799163118227,
        1481799163236330,
        1481799166579653,
        1481799166874259
    ],
    "spiking_rate": 1.1523667148799999,
    "threshold": 30.0
}
