{
    "count_spike": 91,
    "creation_time": 3432,
    "potential": 7.994227568822973,
    "recent_spikes": [
        0,
        0,
        0,
        0,
        2
    ],
    "spike_train": [
        1481799158863128,
        1481799160634330,
        1481799160731152,
        1481799160835310,
        1481799161010162,
        1481799161732487,
        1481799161820059,
        1481799166744246
    ],
    "spiking_rate": 0.701871353856,
    "threshold": 30.0
}
