{
    "count_spike": 15,
    "creation_time": 3432,
    "potential": 0.19162898329709724,
    "recent_spikes": [
        0,
        0,
        0,
        0,
        0
    ],
    "spike_train": [],
    "spiking_rate": 6.708739262587332e-20,
    "threshold": 30.0
}
