{
    "count_spike": 243,
    "creation_time": 3432,
    "potential": 0.16497766331136776,
    "recent_spikes": [
        0,
        0,
        0,
        0,
        0
    ],
    "spike_train": [],
    "spiking_rate": 7.677542400003489e-08,
    "threshold": 30.0
}
