{
    "count_spike": 349,
    "creation_time": 3432,
    "potential": 10.031853095054155,
    "recent_spikes": [
        0,
        0,
        0,
        0,
        0
    ],
    "spike_train": [
        1481799158846519
    ],
    "spiking_rate": 0.00199936,
    "threshold": 30.0
}
