{
    "count_spike": 54,
    "creation_time": 3432,
    "potential": 0.5018180718031812,
    "recent_spikes": [
        0,
        0,
        0,
        0,
        0
    ],
    "spike_train": [],
    "spiking_rate": 4.09468934708739e-11,
    "threshold": 30.0
}
