{
    "count_spike": 1,
    "creation_time": 3432,
    "potential": 0.9361957804946658,
    "recent_spikes": [
        0,
        0,
        0,
        0,
        0
    ],
    "spike_train": [],
    "spiking_rate": 2.3477910491473465e-254,
    "threshold": 30.0
}
