{
    "count_spike": 74,
    "creation_time": 3432,
    "potential": 0.11129889533547438,
    "recent_spikes": [
        0,
        0,
        0,
        0,
        0
    ],
    "spike_train": [],
    "spiking_rate": 1.0646192128e-09,
    "threshold": 30.0
}
