{
    "count_spike": 6,
    "creation_time": 3432,
    "potential": 0.4388249502337474,
    "recent_spikes": [
        0,
        0,
        0,
        0,
        0
    ],
    "spike_train": [],
    "spiking_rate": 1.317934750118433e-71,
    "threshold": 30.0
}
