{
    "count_spike": 467,
    "creation_time": 3432,
    "potential": 0.9333063536790582,
    "recent_spikes": [
        2,
        0,
        0,
        1,
        0
    ],
    "spike_train": [
        1481799162628910,
        1481799165985853,
        1481799166100191,
        1481799166555550
    ],
    "spiking_rate": 0.6496000000818938,
    "threshold": 30.0
}
