{
    "count_spike": 248,
    "creation_time": 3432,
    "potential": 0.21948264165497058,
    "recent_spikes": [
        0,
        0,
        0,
        0,
        0
    ],
    "spike_train": [
        1481799158548610
    ],
    "spiking_rate": 0.00199936,
    "threshold": 30.0
}
