{
    "count_spike": 141,
    "creation_time": 3432,
    "potential": 3.677040804596002,
    "recent_spikes": [
        0,
        0,
        0,
        0,
        0
    ],
    "spike_train": [],
    "spiking_rate": 0.0007999995904,
    "threshold": 30.0
}
