{
    "count_spike": 319,
    "creation_time": 3432,
    "potential": 2.167984966887261,
    "recent_spikes": [
        0,
        0,
        0,
        1,
        0
    ],
    "spike_train": [
        1481799161300107,
        1481799161332252,
        1481799162964803
    ],
    "spiking_rate": 0.34958399488,
    "threshold": 30.0
}
