{
    "count_spike": 265,
    "creation_time": 3432,
    "potential": 6.712272819197961,
    "recent_spikes": [
        0,
        0,
        17,
        22,
        0
    ],
    "spike_train": [
        1481799158932907,
        1481799162750928,
        1481799162781215,
        1481799162803631,
        1481799162859260,
        1481799162878587,
        1481799162888824,
        1481799162905051,
        1481799162923980,
        1481799162934961,
        1481799162954417,
        1481799162978792,
        1481799162993049,
        1481799163008738,
        1481799163021599,
        1481799163038577,
        1481799163061195,
        1481799163080602,
        1481799163099783,
        1481799163124002,
        1481799163156083,
        1481799163187412,
        1481799163214560,
        1481799163816775,
        1481799163931362,
        1481799163955499,
        1481799163985813,
        1481799164028825,
        1481799164050385,
        1481799164069664,
        1481799164085509,
        1481799164110078,
        1481799164143616,
        1481799164165519,
        1481799164180747,
        1481799164291928,
        1481799164309015,
        1481799164326551,
        1481799164343491,
        1481799164363176,
        1481799166879583,
        1481799166968468
    ],
    "spiking_rate": 9.709295353856,
    "threshold": 30.0
}
