{
    "count_spike": 257,
    "creation_time": 3432,
    "potential": 0.49169474392656937,
    "recent_spikes": [
        1,
        0,
        1,
        4,
        34
    ],
    "spike_train": [
        1481799158980965,
        1481799159006828,
        1481799159077455,
        1481799160673540,
        1481799160717711,
        1481799160748505,
        1481799160815498,
        1481799160902270,
        1481799160933100,
        1481799161013124,
        1481799161457941,
        1481799161474671,
        1481799161529017,
        1481799161551590,
        1481799161571030,
        1481799161583720,
        1481799161596393,
        1481799161613661,
        1481799161633950,
        1481799161647093,
        1481799161661998,
        1481799161680182,
        1481799161702060,
        1481799161736337,
        1481799161752638,
        1481799161767913,
        1481799161784984,
        1481799161804765,
        1481799161822315,
        1481799161838123,
        1481799161852574,
        1481799161870206,
        1481799161893891,
        1481799161923125,
        1481799161956878,
        1481799161983074,
        1481799161998425,
        1481799162014474,
        1481799162024808,
        1481799162038471,
        1481799162052041,
        1481799162064981,
        1481799162173863,
        1481799162190968,
        1481799162852098,
        1481799163017023,
        1481799163045854,
        1481799163099973,
        1481799164193877,
        1481799166257530,
        1481799166432279,
        1481799166446747,
        1481799166639674,
        1481799166676839,
        1481799166788337,
        1481799166836305,
        1481799166895686,
        1481799166913286,
        1481799166936683,
        1481799166957689
    ],
    "spiking_rate": 10.299566080614204,
    "threshold": 30.0
}
