{
    "count_spike": 78,
    "creation_time": 3432,
    "potential": -3.78252984462211,
    "recent_spikes": [
        2,
        0,
        0,
        0,
        0
    ],
    "spike_train": [
        1481799166055392,
        1481799166369085,
        1481799167045873
    ],
    "spiking_rate": 0.4000000000818938,
    "threshold": 30.0
}
