{
    "count_spike": 426,
    "creation_time": 3432,
    "potential": 3.777132133120515,
    "recent_spikes": [
        0,
        0,
        0,
        0,
        0
    ],
    "spike_train": [],
    "spiking_rate": 8.934587526412327e-42,
    "threshold": 30.0
}
