{
    "count_spike": 54,
    "creation_time": 3432,
    "potential": 0.39454886699826786,
    "recent_spikes": [
        0,
        0,
        0,
        0,
        0
    ],
    "spike_train": [],
    "spiking_rate": 1.0552496699619891e-32,
    "threshold": 30.0
}
