{
    "count_spike": 73,
    "creation_time": 3432,
    "potential": 1.966488562567135,
    "recent_spikes": [
        0,
        0,
        0,
        2,
        0
    ],
    "spike_train": [
        1481799162422372,
        1481799162476280
    ],
    "spiking_rate": 0.49920000012284066,
    "threshold": 30.0
}
