{
    "count_spike": 191,
    "creation_time": 3432,
    "potential": 0.4070139392731177,
    "recent_spikes": [
        0,
        0,
        0,
        0,
        0
    ],
    "spike_train": [],
    "spiking_rate": 2.866282496e-10,
    "threshold": 30.0
}
