{
    "count_spike": 120,
    "creation_time": 3432,
    "potential": 1.331658148286205,
    "recent_spikes": [
        0,
        0,
        0,
        0,
        2
    ],
    "spike_train": [
        1481799160210293,
        1481799160239926,
        1481799160262177,
        1481799160295384,
        1481799160319503,
        1481799160334673,
        1481799160350664,
        1481799160369376,
        1481799160382173,
        1481799160399677,
        1481799160420332,
        1481799160441212,
        1481799160461450,
        1481799160491588,
        1481799160512334,
        1481799160533176,
        1481799160552791,
        1481799160571750,
        1481799160591153,
        1481799160611083,
        1481799160624172,
        1481799160642303,
        1481799160661902,
        1481799160681973,
        1481799160701723,
        1481799160721938,
        1481799160742352,
        1481799160762525,
        1481799160782574,
        1481799160802757,
        1481799160823383,
        1481799160844093,
        1481799160873163,
        1481799160904647,
        1481799160926310,
        1481799160954924,
        1481799160974215,
        1481799160993768,
        1481799161013852,
        1481799161029057,
        1481799161047095,
        1481799161065732,
        1481799161084909,
        1481799161108014,
        1481799161136270,
        1481799161170416,
        1481799161206854,
        1481799161228178,
        1481799161247114,
        1481799161267245,
        1481799161296963,
        1481799161327685,
        1481799161357903,
        1481799161398213,
        1481799161429995
    ],
    "spiking_rate": 2.789107942162432,
    "threshold": 30.0
}
