{
    "count_spike": 210,
    "creation_time": 3432,
    "potential": 0.24321327608966514,
    "recent_spikes": [
        1,
        0,
        0,
        0,
        0
    ],
    "spike_train": [
        1481799158469788,
        1481799166209992
    ],
    "spiking_rate": 0.20199936008189376,
    "threshold": 30.0
}
