{
    "count_spike": 686,
    "creation_time": 3432,
    "potential": 12.164772675964505,
    "recent_spikes": [
        0,
        0,
        1,
        15,
        38
    ],
    "spike_train": [
        1481799158872860,
        1481799158891135,
        1481799159116637,
        1481799159133872,
        1481799160654178,
        1481799160677821,
        1481799160757839,
        1481799160779788,
        1481799160851706,
        1481799160937625,
        1481799160984219,
        1481799161024425,
        1481799161060319,
        1481799161092755,
        1481799161367652,
        1481799161395307,
        1481799161548857,
        1481799161575426,
        1481799161597727,
        1481799161618374,
        1481799161635310,
        1481799161650028,
        1481799161672823,
        1481799161692128,
        1481799161707158,
        1481799161726160,
        1481799161747720,
        1481799161777876,
        1481799161796658,
        1481799161807551,
        1481799161820389,
        1481799161832542,
        1481799161846307,
        1481799161857981,
        1481799161873374,
        1481799161887666,
        1481799161906424,
        1481799161924652,
        1481799161942600,
        1481799161955360,
        1481799161968551,
        1481799161984780,
        1481799162001807,
        1481799162018166,
        1481799162032908,
        1481799162047300,
        1481799162062957,
        1481799162076858,
        1481799162091197,
        1481799162126964,
        1481799162151481,
        1481799162168405,
        1481799162181924,
        1481799162745169,
        1481799162771521,
        1481799162819412,
        1481799162848493,
        1481799162875471,
        1481799162901672,
        1481799163001592,
        1481799163022161,
        1481799163041341,
        1481799163058442,
        1481799163074137,
        1481799163099081,
        1481799163125572,
        1481799163147562,
        1481799163186793,
        1481799164260570,
        1481799166416514,
        1481799166440740,
        1481799166460052,
        1481799166483021,
        1481799166607619,
        1481799166702667,
        1481799166732682,
        1481799166771948,
        1481799166887316,
        1481799166914591,
        1481799166928732,
        1481799166940870,
        1481799166955099,
        1481799166977046
    ],
    "spiking_rate": 14.04678144040947,
    "threshold": 30.0
}
