{
    "count_spike": 373,
    "creation_time": 3432,
    "potential": 5.518124432177948,
    "recent_spikes": [
        0,
        0,
        0,
        0,
        0
    ],
    "spike_train": [],
    "spiking_rate": 1.125542500253882e-36,
    "threshold": 30.0
}
