{
    "count_spike": 113,
    "creation_time": 3432,
    "potential": 1.9034599428987387,
    "recent_spikes": [
        0,
        0,
        0,
        0,
        0
    ],
    "spike_train": [],
    "spiking_rate": 0.00023999692799999998,
    "threshold": 30.0
}
