{
    "count_spike": 36,
    "creation_time": 3432,
    "potential": 0.3998555377520344,
    "recent_spikes": [
        0,
        0,
        0,
        0,
        0
    ],
    "spike_train": [],
    "spiking_rate": 4.8637820444438684e-27,
    "threshold": 30.0
}
