{
    "count_spike": 33,
    "creation_time": 3432,
    "potential": 0.5041725202531309,
    "recent_spikes": [
        0,
        0,
        0,
        0,
        0
    ],
    "spike_train": [],
    "spiking_rate": 1.1802440448728656e-51,
    "threshold": 30.0
}
