{
    "count_spike": 279,
    "creation_time": 3432,
    "potential": 1.849750820413515,
    "recent_spikes": [
        0,
        0,
        0,
        0,
        0
    ],
    "spike_train": [],
    "spiking_rate": 1.599488000000094e-05,
    "threshold": 30.0
}
