{
    "count_spike": 131,
    "creation_time": 3432,
    "potential": 7.333370041807834,
    "recent_spikes": [
        1,
        0,
        0,
        0,
        4
    ],
    "spike_train": [
        1481799160703583,
        1481799160760505,
        1481799160808437,
        1481799160836542,
        1481799160877255,
        1481799160908088,
        1481799161012093,
        1481799161053064,
        1481799161083654,
        1481799161120581,
        1481799161147505,
        1481799161170124,
        1481799161196247,
        1481799161226256,
        1481799161290152,
        1481799161338992,
        1481799161998570,
        1481799162050677,
        1481799162232444,
        1481799162299989,
        1481799166094495
    ],
    "spiking_rate": 1.9994239999999999,
    "threshold": 30.0
}
