{
    "count_spike": 2,
    "creation_time": 3432,
    "potential": 0.5141270322993089,
    "recent_spikes": [
        0,
        0,
        0,
        0,
        0
    ],
    "spike_train": [],
    "spiking_rate": 2.0964809113600008e-17,
    "threshold": 30.0
}
