{
    "count_spike": 370,
    "creation_time": 3432,
    "potential": 1.789560706152122,
    "recent_spikes": [
        0,
        0,
        0,
        0,
        4
    ],
    "spike_train": [
        1481799161109661,
        1481799161147481,
        1481799161168022,
        1481799161193305,
        1481799161411829,
        1481799161457647,
        1481799161513166,
        1481799161695817
    ],
    "spiking_rate": 1.199616000040947,
    "threshold": 30.0
}
