{
    "count_spike": 91,
    "creation_time": 3432,
    "potential": 0.9917003539912508,
    "recent_spikes": [
        0,
        0,
        0,
        0,
        0
    ],
    "spike_train": [],
    "spiking_rate": 5.762762907638068e-43,
    "threshold": 30.0
}
