{
    "count_spike": 25,
    "creation_time": 3432,
    "potential": 0.24592616185197785,
    "recent_spikes": [
        0,
        0,
        0,
        0,
        0
    ],
    "spike_train": [],
    "spiking_rate": 0.00040089550848000004,
    "threshold": 30.0
}
