{
    "count_spike": 7,
    "creation_time": 3432,
    "potential": 4.243285212114179,
    "recent_spikes": [
        0,
        0,
        0,
        0,
        0
    ],
    "spike_train": [],
    "spiking_rate": 3.2757514240000007e-13,
    "threshold": 30.0
}
