{
    "count_spike": 29,
    "creation_time": 3432,
    "potential": 0.8758049304979225,
    "recent_spikes": [
        0,
        0,
        0,
        0,
        0
    ],
    "spike_train": [],
    "spiking_rate": 2.2828679063859422e-110,
    "threshold": 30.0
}
