{
    "count_spike": 581,
    "creation_time": 3432,
    "potential": 0.6556104884754808,
    "recent_spikes": [
        0,
        0,
        0,
        0,
        0
    ],
    "spike_train": [
        1481799158979643,
        1481799159013087,
        1481799159064826,
        1481799159122643,
        1481799160773137,
        1481799160810502,
        1481799160878814,
        1481799160995698,
        1481799161062555,
        1481799166607954
    ],
    "spiking_rate": 0.2579211270142034,
    "threshold": 30.0
}
