{
    "count_spike": 87,
    "creation_time": 3432,
    "potential": 1.2581878461352063,
    "recent_spikes": [
        0,
        0,
        0,
        0,
        0
    ],
    "spike_train": [],
    "spiking_rate": 4.191566069313134e-121,
    "threshold": 30.0
}
