{
    "count_spike": 108,
    "creation_time": 3432,
    "potential": -11.230001728618422,
    "recent_spikes": [
        0,
        0,
        0,
        0,
        0
    ],
    "spike_train": [],
    "spiking_rate": 1.599594461921297e-05,
    "threshold": 30.0
}
