{
    "count_spike": 168,
    "creation_time": 3432,
    "potential": 17.341177399139358,
    "recent_spikes": [
        1,
        0,
        0,
        2,
        9
    ],
    "spike_train": [
        1481799161080882,
        1481799161107316,
        1481799161132429,
        1481799161155388,
        1481799161180242,
        1481799161210862,
        1481799161244310,
        1481799161266775,
        1481799161306056,
        1481799161331631,
        1481799161355198,
        1481799161385222,
        1481799161417375,
        1481799161445641,
        1481799161478231,
        1481799162182701,
        1481799162234854,
        1481799162287485,
        1481799162316782,
        1481799162334925,
        1481799162366400,
        1481799162471068,
        1481799162505728,
        1481799165783355
    ],
    "spiking_rate": 3.5482880001228407,
    "threshold": 30.0
}
