{
    "count_spike": 80,
    "creation_time": 3432,
    "potential": 0.17901644581387116,
    "recent_spikes": [
        0,
        0,
        0,
        0,
        0
    ],
    "spike_train": [],
    "spiking_rate": 5.120000000000001e-07,
    "threshold": 30.0
}
