{
    "count_spike": 33,
    "creation_time": 3432,
    "potential": 6.307620074266394,
    "recent_spikes": [
        1,
        0,
        0,
        0,
        0
    ],
    "spike_train": [
        1481799165951519
    ],
    "spiking_rate": 0.20000000008189378,
    "threshold": 30.0
}
