{
    "count_spike": 66,
    "creation_time": 3432,
    "potential": 0.5178759303090159,
    "recent_spikes": [
        0,
        0,
        0,
        0,
        0
    ],
    "spike_train": [],
    "spiking_rate": 8.794403815229288e-33,
    "threshold": 30.0
}
