{
    "count_spike": 112,
    "creation_time": 3432,
    "potential": 0.29440014598237524,
    "recent_spikes": [
        0,
        0,
        0,
        0,
        0
    ],
    "spike_train": [],
    "spiking_rate": 5.627755721990844e-37,
    "threshold": 30.0
}
