{
    "count_spike": 16,
    "creation_time": 3432,
    "potential": 1.7060789780275487,
    "recent_spikes": [
        0,
        0,
        0,
        0,
        0
    ],
    "spike_train": [],
    "spiking_rate": 3.217614148701762e-64,
    "threshold": 30.0
}
