{
    "count_spike": 55,
    "creation_time": 3432,
    "potential": 0.07194666658538185,
    "recent_spikes": [
        0,
        0,
        0,
        0,
        0
    ],
    "spike_train": [
        1481799160890536
    ],
    "spiking_rate": 0.04998400004094689,
    "threshold": 30.0
}
