{
    "count_spike": 631,
    "creation_time": 3432,
    "potential": 4.466696659938556,
    "recent_spikes": [
        0,
        0,
        0,
        3,
        13
    ],
    "spike_train": [
        1481799161172228,
        1481799161226043,
        1481799161254534,
        1481799161277377,
        1481799161299945,
        1481799161367288,
        1481799161406068,
        1481799161431954,
        1481799161453486,
        1481799161471113,
        1481799161491451,
        1481799161526881,
        1481799161557367,
        1481799161584836,
        1481799161604113,
        1481799161622005,
        1481799161638589,
        1481799161657934,
        1481799161701738,
        1481799162627139,
        1481799162676775,
        1481799162720885,
        1481799166481291,
        1481799166515373
    ],
    "spiking_rate": 4.297664000163787,
    "threshold": 30.0
}
