{
    "count_spike": 12,
    "creation_time": 3432,
    "potential": 0.38206282118848445,
    "recent_spikes": [
        0,
        0,
        0,
        0,
        0
    ],
    "spike_train": [],
    "spiking_rate": 2.355233491459434e-116,
    "threshold": 30.0
}
