{
    "count_spike": 37,
    "creation_time": 3432,
    "potential": 8.491566363222857,
    "recent_spikes": [
        0,
        0,
        0,
        0,
        0
    ],
    "spike_train": [],
    "spiking_rate": 0.000400575508512768,
    "threshold": 30.0
}
