{
    "count_spike": 195,
    "creation_time": 3432,
    "potential": 2.357693301298662,
    "recent_spikes": [
        0,
        0,
        0,
        0,
        0
    ],
    "spike_train": [],
    "spiking_rate": 0.00015999795199999998,
    "threshold": 30.0
}
