{
    "count_spike": 410,
    "creation_time": 3432,
    "potential": 10.418403830696837,
    "recent_spikes": [
        0,
        0,
        1,
        0,
        2
    ],
    "spike_train": [
        1481799158864271,
        1481799158943839,
        1481799159021788,
        1481799159051078,
        1481799160524893,
        1481799160557006,
        1481799160691732,
        1481799160897318,
        1481799161268434,
        1481799161293854,
        1481799161410082,
        1481799161479781,
        1481799164084676
    ],
    "spiking_rate": 1.0558214392626284,
    "threshold": 30.0
}
