{
    "count_spike": 1,
    "creation_time": 3432,
    "potential": 1.5832937251860228,
    "recent_spikes": [
        0,
        0,
        0,
        0,
        0
    ],
    "spike_train": [],
    "spiking_rate": 1.1463823482164775e-246,
    "threshold": 30.0
}
