{
    "count_spike": 14,
    "creation_time": 3432,
    "potential": 1.0144345102356693,
    "recent_spikes": [
        0,
        0,
        0,
        0,
        0
    ],
    "spike_train": [],
    "spiking_rate": 2.5609824632832e-08,
    "threshold": 30.0
}
