{
    "count_spike": 43,
    "creation_time": 3432,
    "potential": 1.44112983956221,
    "recent_spikes": [
        0,
        0,
        0,
        0,
        0
    ],
    "spike_train": [],
    "spiking_rate": 1.37394973006889e-28,
    "threshold": 30.0
}
