{
    "count_spike": 131,
    "creation_time": 3432,
    "potential": 3.7459417522471017,
    "recent_spikes": [
        0,
        0,
        0,
        1,
        1
    ],
    "spike_train": [
        1481799158809201,
        1481799161721037,
        1481799162904277
    ],
    "spiking_rate": 0.5015523737600001,
    "threshold": 30.0
}
