{
    "count_spike": 80,
    "creation_time": 3432,
    "potential": 3.050747578626433,
    "recent_spikes": [
        0,
        0,
        1,
        0,
        0
    ],
    "spike_train": [
        1481799158674788,
        1481799164052739
    ],
    "spiking_rate": 0.2499993600818938,
    "threshold": 30.0
}
