{
    "count_spike": 93,
    "creation_time": 3432,
    "potential": 5.214009236178614,
    "recent_spikes": [
        0,
        0,
        0,
        0,
        0
    ],
    "spike_train": [],
    "spiking_rate": 1.1255396188724345e-36,
    "threshold": 30.0
}
