{
    "count_spike": 263,
    "creation_time": 3432,
    "potential": 0.08919684920408076,
    "recent_spikes": [
        0,
        0,
        0,
        0,
        0
    ],
    "spike_train": [],
    "spiking_rate": 8.644144331951443e-43,
    "threshold": 30.0
}
