{
    "count_spike": 107,
    "creation_time": 3432,
    "potential": 0.5462272200377684,
    "recent_spikes": [
        0,
        0,
        0,
        0,
        0
    ],
    "spike_train": [],
    "spiking_rate": 5.901144690756466e-51,
    "threshold": 30.0
}
