{
    "count_spike": 320,
    "creation_time": 3432,
    "potential": 4.074876348996022,
    "recent_spikes": [
        0,
        0,
        0,
        0,
        0
    ],
    "spike_train": [],
    "spiking_rate": 0.001599999385534464,
    "threshold": 30.0
}
