{
    "count_spike": 114,
    "creation_time": 3432,
    "potential": 1.676513488452988,
    "recent_spikes": [
        0,
        0,
        0,
        0,
        0
    ],
    "spike_train": [],
    "spiking_rate": 2.733370747731811e-231,
    "threshold": 30.0
}
