{
    "count_spike": 1245,
    "creation_time": 3432,
    "potential": 7.069869014018042,
    "recent_spikes": [
        0,
        0,
        0,
        0,
        0
    ],
    "spike_train": [
        1481799159302449,
        1481799159391756
    ],
    "spiking_rate": 0.00399880189380269,
    "threshold": 30.0
}
