{
    "count_spike": 168,
    "creation_time": 3432,
    "potential": 0.5905929530802649,
    "recent_spikes": [
        0,
        0,
        0,
        0,
        0
    ],
    "spike_train": [],
    "spiking_rate": 1.4406907121567162e-42,
    "threshold": 30.0
}
