{
    "count_spike": 203,
    "creation_time": 3432,
    "potential": 1.3549199514115853,
    "recent_spikes": [
        0,
        0,
        0,
        0,
        0
    ],
    "spike_train": [
        1481799161040666,
        1481799161076034,
        1481799161212087,
        1481799161250992
    ],
    "spiking_rate": 0.19993600008189377,
    "threshold": 30.0
}
