{
    "count_spike": 18,
    "creation_time": 3432,
    "potential": 0.49528815588910974,
    "recent_spikes": [
        0,
        0,
        0,
        0,
        0
    ],
    "spike_train": [],
    "spiking_rate": 3.0938597461860764e-64,
    "threshold": 30.0
}
