{
    "count_spike": 114,
    "creation_time": 3432,
    "potential": 0.22361181528673812,
    "recent_spikes": [
        0,
        0,
        0,
        0,
        0
    ],
    "spike_train": [],
    "spiking_rate": 2.8832255674359856e-43,
    "threshold": 30.0
}
