{
    "count_spike": 444,
    "creation_time": 3432,
    "potential": -53.727616930193115,
    "recent_spikes": [
        0,
        1,
        1,
        1,
        0
    ],
    "spike_train": [
        1481799158809920,
        1481799158829088,
        1481799158856914,
        1481799158928832,
        1481799159241528,
        1481799159251389,
        1481799159473318,
        1481799159497696,
        1481799159916799,
        1481799162900675,
        1481799164171252,
        1481799164463544
    ],
    "spiking_rate": 0.7796360810494689,
    "threshold": 30.0
}
