{
    "count_spike": 64,
    "creation_time": 3432,
    "potential": 3.164436687073196e-08,
    "recent_spikes": [
        0,
        0,
        0,
        0,
        0
    ],
    "spike_train": [],
    "spiking_rate": 5.120003275754779e-07,
    "threshold": 30.0
}
