{
    "count_spike": 188,
    "creation_time": 3432,
    "potential": 0.4933297966501785,
    "recent_spikes": [
        0,
        0,
        2,
        2,
        0
    ],
    "spike_train": [
        1481799162780638,
        1481799162829189,
        1481799163841760,
        1481799163885076
    ],
    "spiking_rate": 0.9952159950847346,
    "threshold": 30.0
}
