{
    "count_spike": 220,
    "creation_time": 3432,
    "potential": 10.771558809108718,
    "recent_spikes": [
        1,
        0,
        0,
        3,
        10
    ],
    "spike_train": [
        1481799161006724,
        1481799161092663,
        1481799161127902,
        1481799161158468,
        1481799161174327,
        1481799161205820,
        1481799161230611,
        1481799161251569,
        1481799161277291,
        1481799161302509,
        1481799161334589,
        1481799161366919,
        1481799161396307,
        1481799161431003,
        1481799161480820,
        1481799161512272,
        1481799161555669,
        1481799162189425,
        1481799162241477,
        1481799162274064,
        1481799162312034,
        1481799162380165,
        1481799162409682,
        1481799162466579,
        1481799162517991,
        1481799166187908
    ],
    "spiking_rate": 4.047808000040947,
    "threshold": 30.0
}
