{
    "count_spike": 84,
    "creation_time": 3432,
    "potential": 0.8648671805390791,
    "recent_spikes": [
        0,
        0,
        0,
        0,
        0
    ],
    "spike_train": [],
    "spiking_rate": 5.1183616000002665e-09,
    "threshold": 30.0
}
