{
    "count_spike": 119,
    "creation_time": 3432,
    "potential": 0.49354568970058776,
    "recent_spikes": [
        0,
        0,
        0,
        0,
        0
    ],
    "spike_train": [
        1481799158816488,
        1481799161374075
    ],
    "spiking_rate": 0.05198336008189378,
    "threshold": 30.0
}
