{
    "count_spike": 88,
    "creation_time": 3432,
    "potential": 0.7019360140722313,
    "recent_spikes": [
        1,
        0,
        0,
        0,
        0
    ],
    "spike_train": [
        1481799166249045,
        1481799166546910,
        1481799166562699,
        1481799166959149
    ],
    "spiking_rate": 0.20001599488,
    "threshold": 30.0
}
