{
    "count_spike": 50,
    "creation_time": 3432,
    "potential": 0.655229662466175,
    "recent_spikes": [
        0,
        0,
        0,
        0,
        0
    ],
    "spike_train": [],
    "spiking_rate": 1.7288288604892833e-42,
    "threshold": 30.0
}
