{
    "count_spike": 225,
    "creation_time": 3432,
    "potential": 1.724524767229416,
    "recent_spikes": [
        0,
        0,
        0,
        0,
        0
    ],
    "spike_train": [],
    "spiking_rate": 3.839180668928001e-07,
    "threshold": 30.0
}
