{
    "count_spike": 3,
    "creation_time": 3432,
    "potential": 0.3052693180198328,
    "recent_spikes": [
        0,
        0,
        0,
        0,
        0
    ],
    "spike_train": [],
    "spiking_rate": 4.610210278901492e-46,
    "threshold": 30.0
}
