{
    "count_spike": 227,
    "creation_time": 3432,
    "potential": 13.694702017315908,
    "recent_spikes": [
        2,
        0,
        0,
        0,
        2
    ],
    "spike_train": [
        1481799158554058,
        1481799161897508,
        1481799161936103,
        1481799166167440,
        1481799166272164,
        1481799166526287
    ],
    "spiking_rate": 0.90183936,
    "threshold": 30.0
}
