{
    "count_spike": 74,
    "creation_time": 3432,
    "potential": 14.27441509645697,
    "recent_spikes": [
        0,
        0,
        0,
        0,
        0
    ],
    "spike_train": [],
    "spiking_rate": 7.9999180734464e-05,
    "threshold": 30.0
}
