{
    "count_spike": 17,
    "creation_time": 3432,
    "potential": 0.3189725809726594,
    "recent_spikes": [
        0,
        0,
        0,
        0,
        0
    ],
    "spike_train": [],
    "spiking_rate": 1.2795904000238165e-07,
    "threshold": 30.0
}
