{
    "count_spike": 194,
    "creation_time": 3432,
    "potential": 11.601780456767884,
    "recent_spikes": [
        0,
        0,
        0,
        6,
        0
    ],
    "spike_train": [
        1481799158833665,
        1481799158887488,
        1481799162753135,
        1481799162910415,
        1481799162937667,
        1481799162957555,
        1481799163041555,
        1481799163151239
    ],
    "spiking_rate": 1.5016787202044068,
    "threshold": 30.0
}
