{
    "count_spike": 43,
    "creation_time": 3432,
    "potential": 0.04203099668269564,
    "recent_spikes": [
        0,
        0,
        0,
        0,
        0
    ],
    "spike_train": [],
    "spiking_rate": 0.00056025366528,
    "threshold": 30.0
}
