{
    "count_spike": 195,
    "creation_time": 3432,
    "potential": 0.48400094323188503,
    "recent_spikes": [
        0,
        0,
        0,
        0,
        0
    ],
    "spike_train": [],
    "spiking_rate": 1.7590495936429215e-32,
    "threshold": 30.0
}
