{
    "count_spike": 150,
    "creation_time": 3432,
    "potential": 1.212635417764458,
    "recent_spikes": [
        0,
        0,
        0,
        0,
        0
    ],
    "spike_train": [],
    "spiking_rate": 1.0650793903600432e-16,
    "threshold": 30.0
}
