{
    "count_spike": 160,
    "creation_time": 3432,
    "potential": 2.2968430316253046,
    "recent_spikes": [
        0,
        0,
        0,
        0,
        0
    ],
    "spike_train": [],
    "spiking_rate": 0.0011999995493875712,
    "threshold": 30.0
}
