{
    "count_spike": 246,
    "creation_time": 3432,
    "potential": 17.152710127352474,
    "recent_spikes": [
        5,
        0,
        0,
        13,
        10
    ],
    "spike_train": [
        1481799158666931,
        1481799158919207,
        1481799161574731,
        1481799161613766,
        1481799161654900,
        1481799161678094,
        1481799161708644,
        1481799161741044,
        1481799161765611,
        1481799161798374,
        1481799161876808,
        1481799162103541,
        1481799162480862,
        1481799162517776,
        1481799162538748,
        1481799162566757,
        1481799162610905,
        1481799162631059,
        1481799162648670,
        1481799162724124,
        1481799162750989,
        1481799162773033,
        1481799162803409,
        1481799162854845,
        1481799162884843,
        1481799166009930,
        1481799166092861,
        1481799166121322,
        1481799166220644,
        1481799166376294,
        1481799166455395,
        1481799166478460,
        1481799166526674,
        1481799166553744,
        1481799166577193,
        1481799166611401
    ],
    "spiking_rate": 6.747999744,
    "threshold": 30.0
}
