{
    "count_spike": 383,
    "creation_time": 3432,
    "potential": 1.0294434031893243,
    "recent_spikes": [
        2,
        0,
        0,
        0,
        38
    ],
    "spike_train": [
        1481799158979930,
        1481799159036297,
        1481799159076555,
        1481799159125228,
        1481799159152990,
        1481799159192395,
        1481799160770363,
        1481799160817299,
        1481799160880455,
        1481799160906740,
        1481799160995891,
        1481799161150557,
        1481799161179235,
        1481799161488543,
        1481799161526268,
        1481799161543493,
        1481799161562854,
        1481799161585095,
        1481799161600271,
        1481799161614802,
        1481799161632905,
        1481799161647352,
        1481799161664078,
        1481799161675593,
        1481799161692632,
        1481799161710637,
        1481799161722147,
        1481799161734103,
        1481799161747393,
        1481799161796058,
        1481799161812869,
        1481799161829945,
        1481799161852742,
        1481799161871138,
        1481799161884976,
        1481799161901654,
        1481799161924523,
        1481799161939810,
        1481799161954496,
        1481799162004338,
        1481799162031008,
        1481799162052053,
        1481799162068460,
        1481799162081762,
        1481799162092443,
        1481799162103289,
        1481799162115243,
        1481799162128461,
        1481799162148638,
        1481799162241746,
        1481799162266064,
        1481799166313001,
        1481799166348912,
        1481799166437245,
        1481799166459847,
        1481799166476884,
        1481799166501819,
        1481799166516740,
        1481799166531381,
        1481799166673024,
        1481799166712313,
        1481799166741067,
        1481799166886866,
        1481799166977281,
        1481799167011195,
        1481799167032077
    ],
    "spiking_rate": 10.258876661964734,
    "threshold": 30.0
}
