{
    "count_spike": 36,
    "creation_time": 3432,
    "potential": 0.0507924504809945,
    "recent_spikes": [
        0,
        0,
        0,
        0,
        0
    ],
    "spike_train": [],
    "spiking_rate": 1.3417477832704004e-21,
    "threshold": 30.0
}
