{
    "count_spike": 158,
    "creation_time": 3432,
    "potential": 0.21457931308748746,
    "recent_spikes": [
        0,
        0,
        0,
        0,
        0
    ],
    "spike_train": [
        1481799159215770
    ],
    "spiking_rate": 0.00199936,
    "threshold": 30.0
}
