{
    "count_spike": 17,
    "creation_time": 3432,
    "potential": 0.6864190204275227,
    "recent_spikes": [
        0,
        0,
        0,
        0,
        0
    ],
    "spike_train": [],
    "spiking_rate": 8.518488326427111e-28,
    "threshold": 30.0
}
