{
    "count_spike": 4,
    "creation_time": 3432,
    "potential": 0.9869166856696772,
    "recent_spikes": [
        0,
        0,
        0,
        0,
        0
    ],
    "spike_train": [],
    "spiking_rate": 7.78595298531014e-80,
    "threshold": 30.0
}
