{
    "count_spike": 2,
    "creation_time": 3432,
    "potential": 1.7922081025570404,
    "recent_spikes": [
        0,
        0,
        0,
        0,
        0
    ],
    "spike_train": [],
    "spiking_rate": 1.37394973006889e-28,
    "threshold": 30.0
}
