{
    "count_spike": 39,
    "creation_time": 3432,
    "potential": 2.4386429844874176,
    "recent_spikes": [
        0,
        0,
        0,
        0,
        0
    ],
    "spike_train": [],
    "spiking_rate": 3.6864006551533044e-06,
    "threshold": 30.0
}
