{
    "count_spike": 179,
    "creation_time": 3432,
    "potential": 3.192949711520911,
    "recent_spikes": [
        0,
        0,
        0,
        0,
        0
    ],
    "spike_train": [],
    "spiking_rate": 1.599488e-05,
    "threshold": 30.0
}
