{
    "count_spike": 287,
    "creation_time": 3432,
    "potential": 2.6650819149191562,
    "recent_spikes": [
        0,
        0,
        1,
        0,
        0
    ],
    "spike_train": [
        1481799164203694
    ],
    "spiking_rate": 0.24801650688,
    "threshold": 30.0
}
