{
    "count_spike": 162,
    "creation_time": 3432,
    "potential": -9.493183607499981,
    "recent_spikes": [
        0,
        0,
        0,
        0,
        0
    ],
    "spike_train": [],
    "spiking_rate": 1.5994880000000837e-05,
    "threshold": 30.0
}
