{
    "count_spike": 22,
    "creation_time": 3432,
    "potential": 0.692343748428119,
    "recent_spikes": [
        0,
        0,
        0,
        0,
        0
    ],
    "spike_train": [],
    "spiking_rate": 1.7861346490895564e-27,
    "threshold": 30.0
}
