{
    "count_spike": 134,
    "creation_time": 3432,
    "potential": 3.226227771221546,
    "recent_spikes": [
        0,
        0,
        0,
        0,
        3
    ],
    "spike_train": [
        1481799160796455,
        1481799160909010,
        1481799160955379,
        1481799160980709,
        1481799161021980,
        1481799161052275,
        1481799161081599,
        1481799161118424,
        1481799161153123,
        1481799161278606,
        1481799162043391,
        1481799162174352,
        1481799162255361
    ],
    "spiking_rate": 1.2496000000818939,
    "threshold": 30.0
}
