{
    "count_spike": 105,
    "creation_time": 3432,
    "potential": 3.1668854455065603,
    "recent_spikes": [
        1,
        0,
        0,
        0,
        0
    ],
    "spike_train": [
        1481799166360544
    ],
    "spiking_rate": 0.2000000000409469,
    "threshold": 30.0
}
