{
    "count_spike": 195,
    "creation_time": 3432,
    "potential": 0.27784325558344397,
    "recent_spikes": [
        0,
        0,
        0,
        0,
        0
    ],
    "spike_train": [
        1481799161028139,
        1481799161068702,
        1481799161106540
    ],
    "spiking_rate": 0.14995200016378757,
    "threshold": 30.0
}
