{
    "count_spike": 15,
    "creation_time": 3432,
    "potential": 0.32289859286801287,
    "recent_spikes": [
        0,
        0,
        0,
        0,
        0
    ],
    "spike_train": [],
    "spiking_rate": 5.707164013352875e-109,
    "threshold": 30.0
}
