{
    "count_spike": 99,
    "creation_time": 3432,
    "potential": 0.3133859823095878,
    "recent_spikes": [
        0,
        0,
        0,
        0,
        0
    ],
    "spike_train": [],
    "spiking_rate": 6.688082688020124e-103,
    "threshold": 30.0
}
