{
    "count_spike": 5,
    "creation_time": 3432,
    "potential": 0.6156498669382744,
    "recent_spikes": [
        0,
        0,
        0,
        0,
        0
    ],
    "spike_train": [],
    "spiking_rate": 2.3376543308911312e-116,
    "threshold": 30.0
}
