{
    "count_spike": 5,
    "creation_time": 3432,
    "potential": 3.34418845593421,
    "recent_spikes": [
        0,
        0,
        0,
        0,
        0
    ],
    "spike_train": [],
    "spiking_rate": 1.1729414370679345e-116,
    "threshold": 30.0
}
