{
    "count_spike": 59,
    "creation_time": 3432,
    "potential": 3.643916361628578,
    "recent_spikes": [
        2,
        0,
        0,
        0,
        1
    ],
    "spike_train": [
        1481799160464760,
        1481799161265517,
        1481799161319341,
        1481799161534656,
        1481799166004594,
        1481799166343270
    ],
    "spiking_rate": 0.7998720000409468,
    "threshold": 30.0
}
