{
    "count_spike": 29,
    "creation_time": 3432,
    "potential": 0.4564554505773179,
    "recent_spikes": [
        0,
        0,
        0,
        0,
        0
    ],
    "spike_train": [],
    "spiking_rate": 2.6835084816682622e-22,
    "threshold": 30.0
}
