{
    "count_spike": 325,
    "creation_time": 3432,
    "potential": 9.810668667602245,
    "recent_spikes": [
        0,
        0,
        1,
        0,
        1
    ],
    "spike_train": [
        1481799161994661,
        1481799164337713,
        1481799166542801,
        1481799166601020,
        1481799166636332,
        1481799166648964,
        1481799166705954,
        1481799166907608,
        1481799166926072,
        1481799166978783
    ],
    "spiking_rate": 0.49795198975999994,
    "threshold": 30.0
}
