{
    "count_spike": 79,
    "creation_time": 3432,
    "potential": 0.5241052392044632,
    "recent_spikes": [
        0,
        0,
        0,
        0,
        0
    ],
    "spike_train": [],
    "spiking_rate": 1.535531410261712e-07,
    "threshold": 30.0
}
