{
    "count_spike": 612,
    "creation_time": 3432,
    "potential": -13.609915735331695,
    "recent_spikes": [
        0,
        0,
        0,
        0,
        1
    ],
    "spike_train": [
        1481799161668427
    ],
    "spiking_rate": 0.24993650728946895,
    "threshold": 30.0
}
