{
    "count_spike": 93,
    "creation_time": 3432,
    "potential": 0.3242681163707979,
    "recent_spikes": [
        0,
        0,
        0,
        0,
        0
    ],
    "spike_train": [],
    "spiking_rate": 2.8813814597204493e-43,
    "threshold": 30.0
}
