{
    "count_spike": 9,
    "creation_time": 3432,
    "potential": 0.28592285915750726,
    "recent_spikes": [
        0,
        0,
        0,
        0,
        0
    ],
    "spike_train": [],
    "spiking_rate": 1.1800480259297103e-116,
    "threshold": 30.0
}
