{
    "count_spike": 142,
    "creation_time": 3432,
    "potential": 2.49952203013104,
    "recent_spikes": [
        0,
        0,
        0,
        0,
        0
    ],
    "spike_train": [],
    "spiking_rate": 3.688168253334666e-48,
    "threshold": 30.0
}
