{
    "count_spike": 432,
    "creation_time": 3432,
    "potential": 1.2185001772065522,
    "recent_spikes": [
        0,
        0,
        0,
        0,
        0
    ],
    "spike_train": [],
    "spiking_rate": 1.7586556544881788e-32,
    "threshold": 30.0
}
