{
    "count_spike": 454,
    "creation_time": 3432,
    "potential": 5.466811402909574,
    "recent_spikes": [
        0,
        1,
        0,
        5,
        40
    ],
    "spike_train": [
        1481799159095093,
        1481799159124269,
        1481799159173843,
        1481799159211491,
        1481799159275295,
        1481799160780162,
        1481799161035595,
        1481799161064330,
        1481799161085832,
        1481799161118197,
        1481799161144446,
        1481799161160086,
        1481799161243594,
        1481799161263001,
        1481799161627014,
        1481799161650200,
        1481799161669427,
        1481799161693060,
        1481799161707215,
        1481799161719931,
        1481799161732777,
        1481799161743960,
        1481799161755192,
        1481799161770260,
        1481799161785437,
        1481799161798754,
        1481799161811049,
        1481799161824167,
        1481799161838652,
        1481799161863087,
        1481799161892317,
        1481799161910580,
        1481799161924244,
        1481799161937559,
        1481799161953816,
        1481799161969178,
        1481799161980715,
        1481799161991470,
        1481799162012051,
        1481799162033320,
        1481799162055192,
        1481799162074137,
        1481799162092872,
        1481799162114151,
        1481799162127508,
        1481799162144307,
        1481799162161194,
        1481799162173463,
        1481799162186110,
        1481799162199146,
        1481799162208698,
        1481799162220783,
        1481799162324655,
        1481799162341382,
        1481799163148812,
        1481799163165053,
        1481799163179628,
        1481799163198593,
        1481799163219040,
        1481799164425146,
        1481799166537890,
        1481799166553687,
        1481799166565332,
        1481799166584632,
        1481799166605488,
        1481799166616650,
        1481799166626689,
        1481799166643796,
        1481799166783215,
        1481799166824561,
        1481799166857404,
        1481799166940590,
        1481799166971831,
        1481799167104705,
        1481799167121128
    ],
    "spiking_rate": 11.94466879488,
    "threshold": 30.0
}
