{
    "count_spike": 4,
    "creation_time": 3432,
    "potential": 1.2734332233416685,
    "recent_spikes": [
        0,
        0,
        0,
        0,
        0
    ],
    "spike_train": [],
    "spiking_rate": 6.708738985049485e-20,
    "threshold": 30.0
}
