{
    "count_spike": 13,
    "creation_time": 3432,
    "potential": 1.0456623109529413,
    "recent_spikes": [
        0,
        0,
        0,
        0,
        0
    ],
    "spike_train": [],
    "spiking_rate": 1.1953829186444877e-116,
    "threshold": 30.0
}
