{
    "count_spike": 339,
    "creation_time": 3432,
    "potential": 0.6876281626719759,
    "recent_spikes": [
        0,
        0,
        0,
        0,
        0
    ],
    "spike_train": [],
    "spiking_rate": 0.00023999713273446403,
    "threshold": 30.0
}
