{
    "count_spike": 25,
    "creation_time": 3432,
    "potential": 1.3954223833108368,
    "recent_spikes": [
        0,
        0,
        0,
        0,
        0
    ],
    "spike_train": [],
    "spiking_rate": 3.1681123800903916e-69,
    "threshold": 30.0
}
