{
    "count_spike": 39,
    "creation_time": 3432,
    "potential": 2.616511753792019e-10,
    "recent_spikes": [
        0,
        0,
        0,
        0,
        0
    ],
    "spike_train": [],
    "spiking_rate": 1.257888546816e-17,
    "threshold": 30.0
}
