{
    "count_spike": 456,
    "creation_time": 3432,
    "potential": 21.109962638823184,
    "recent_spikes": [
        5,
        0,
        0,
        5,
        33
    ],
    "spike_train": [
        1481799158901331,
        1481799159016727,
        1481799160432324,
        1481799160478886,
        1481799160506315,
        1481799160534682,
        1481799160561732,
        1481799160583902,
        1481799160638984,
        1481799160665738,
        1481799160685474,
        1481799160712600,
        1481799160742398,
        1481799160765277,
        1481799160950578,
        1481799161166446,
        1481799161203717,
        1481799161311063,
        1481799161337518,
        1481799161360480,
        1481799161379663,
        1481799161397577,
        1481799161420111,
        1481799161435429,
        1481799161452425,
        1481799161470899,
        1481799161487511,
        1481799161505450,
        1481799161523919,
        1481799161537691,
        1481799161551435,
        1481799161569836,
        1481799161599452,
        1481799161617471,
        1481799161637994,
        1481799161652194,
        1481799161666326,
        1481799161679648,
        1481799161693816,
        1481799161708325,
        1481799161724778,
        1481799161747827,
        1481799161766094,
        1481799161787021,
        1481799161812398,
        1481799161843822,
        1481799161861930,
        1481799161878927,
        1481799161897812,
        1481799161913158,
        1481799161935053,
        1481799162003668,
        1481799162030205,
        1481799162050134,
        1481799162592784,
        1481799162667646,
        1481799162713777,
        1481799162759193,
        1481799162896605,
        1481799166184207,
        1481799166215176,
        1481799166243381,
        1481799166267760,
        1481799166303232,
        1481799166498805,
        1481799166562559,
        1481799166614675,
        1481799166670562,
        1481799166740024,
        1481799166758351,
        1481799166775605,
        1481799166797087
    ],
    "spiking_rate": 11.449054720122842,
    "threshold": 30.0
}
