{
    "count_spike": 315,
    "creation_time": 3432,
    "potential": 1.5463862474892651,
    "recent_spikes": [
        0,
        0,
        0,
        0,
        0
    ],
    "spike_train": [],
    "spiking_rate": 1.7586556544881788e-33,
    "threshold": 30.0
}
