{
    "count_spike": 68,
    "creation_time": 3432,
    "potential": 0.7968182479054701,
    "recent_spikes": [
        0,
        0,
        0,
        0,
        0
    ],
    "spike_train": [],
    "spiking_rate": 5.627712501269292e-37,
    "threshold": 30.0
}
