{
    "count_spike": 5,
    "creation_time": 3432,
    "potential": 2.1675820802941264,
    "recent_spikes": [
        0,
        0,
        0,
        0,
        0
    ],
    "spike_train": [],
    "spiking_rate": 1.2550186125662714e-137,
    "threshold": 30.0
}
