{
    "count_spike": 65,
    "creation_time": 3432,
    "potential": 3.757648500559465,
    "recent_spikes": [
        0,
        0,
        0,
        0,
        0
    ],
    "spike_train": [],
    "spiking_rate": 1.5840561900451957e-70,
    "threshold": 30.0
}
