{
    "count_spike": 31,
    "creation_time": 3432,
    "potential": 0.17773939757261747,
    "recent_spikes": [
        0,
        0,
        0,
        0,
        0
    ],
    "spike_train": [],
    "spiking_rate": 1.1688271654455813e-116,
    "threshold": 30.0
}
