{
    "count_spike": 73,
    "creation_time": 3432,
    "potential": 1.549635104388249,
    "recent_spikes": [
        0,
        0,
        0,
        4,
        0
    ],
    "spike_train": [
        1481799160584254,
        1481799160672313,
        1481799160717994,
        1481799160769629,
        1481799160956669,
        1481799161012240,
        1481799162773136,
        1481799162868417,
        1481799162948250,
        1481799163045923
    ],
    "spiking_rate": 1.2983199959446192,
    "threshold": 30.0
}
