{
    "count_spike": 50,
    "creation_time": 3432,
    "potential": 1.0414283702406255,
    "recent_spikes": [
        0,
        0,
        0,
        0,
        0
    ],
    "spike_train": [],
    "spiking_rate": 5.442775625016394e-95,
    "threshold": 30.0
}
