{
    "count_spike": 74,
    "creation_time": 3432,
    "potential": 1.3259384933189307,
    "recent_spikes": [
        0,
        0,
        0,
        0,
        0
    ],
    "spike_train": [],
    "spiking_rate": 4.055183847180104e-76,
    "threshold": 30.0
}
