{
    "count_spike": 142,
    "creation_time": 3432,
    "potential": 0.13822729118008303,
    "recent_spikes": [
        0,
        0,
        0,
        0,
        0
    ],
    "spike_train": [],
    "spiking_rate": 0.003200151912448,
    "threshold": 30.0
}
