{
    "count_spike": 21,
    "creation_time": 3432,
    "potential": 1.1736325604657618,
    "recent_spikes": [
        0,
        0,
        0,
        0,
        0
    ],
    "spike_train": [],
    "spiking_rate": 1.1255396327030654e-37,
    "threshold": 30.0
}
