{
    "count_spike": 1196,
    "creation_time": 3432,
    "potential": 6.93821889085538,
    "recent_spikes": [
        0,
        0,
        0,
        0,
        1
    ],
    "spike_train": [
        1481799159570569,
        1481799160869388,
        1481799162018304
    ],
    "spiking_rate": 0.3099079501717412,
    "threshold": 30.0
}
