{
    "count_spike": 17,
    "creation_time": 3432,
    "potential": 0.2934999022666082,
    "recent_spikes": [
        0,
        0,
        0,
        0,
        0
    ],
    "spike_train": [],
    "spiking_rate": 3.2757598099236445e-13,
    "threshold": 30.0
}
