{
    "count_spike": 136,
    "creation_time": 3432,
    "potential": -9.568964651855278,
    "recent_spikes": [
        1,
        0,
        0,
        0,
        0
    ],
    "spike_train": [
        1481799166358416,
        1481799166444635,
        1481799166736396,
        1481799166770622,
        1481799167199924
    ],
    "spiking_rate": 0.20000000106461918,
    "threshold": 30.0
}
