{
    "count_spike": 206,
    "creation_time": 3432,
    "potential": 0.539908616846354,
    "recent_spikes": [
        0,
        0,
        0,
        0,
        0
    ],
    "spike_train": [],
    "spiking_rate": 5.627715382650718e-37,
    "threshold": 30.0
}
