{
    "count_spike": 85,
    "creation_time": 3432,
    "potential": 7.422722621389648,
    "recent_spikes": [
        1,
        0,
        0,
        7,
        5
    ],
    "spike_train": [
        1481799161260441,
        1481799161297154,
        1481799161334024,
        1481799161362891,
        1481799161399762,
        1481799161441464,
        1481799161473440,
        1481799161512356,
        1481799162381611,
        1481799162409939,
        1481799162483240,
        1481799162528603,
        1481799162564268,
        1481799162643589,
        1481799162694980,
        1481799162811769,
        1481799166341041,
        1481799166484865
    ],
    "spiking_rate": 3.3967360000818942,
    "threshold": 30.0
}
