{
    "count_spike": 81,
    "creation_time": 3432,
    "potential": 0.7807832177378016,
    "recent_spikes": [
        0,
        0,
        0,
        0,
        0
    ],
    "spike_train": [],
    "spiking_rate": 6.869750429259814e-27,
    "threshold": 30.0
}
