{
    "count_spike": 13,
    "creation_time": 3432,
    "potential": 0.5412319186253002,
    "recent_spikes": [
        0,
        0,
        0,
        0,
        0
    ],
    "spike_train": [],
    "spiking_rate": 9.220420557802984e-46,
    "threshold": 30.0
}
