{
    "count_spike": 202,
    "creation_time": 3432,
    "potential": 15.044264222477967,
    "recent_spikes": [
        0,
        0,
        1,
        1,
        0
    ],
    "spike_train": [
        1481799158850589,
        1481799160471825,
        1481799160635979,
        1481799162986510,
        1481799164006327
    ],
    "spiking_rate": 0.59956736,
    "threshold": 30.0
}
