{
    "count_spike": 14,
    "creation_time": 3432,
    "potential": 0.5034136805602069,
    "recent_spikes": [
        0,
        0,
        0,
        0,
        0
    ],
    "spike_train": [],
    "spiking_rate": 1.1916426717150638e-116,
    "threshold": 30.0
}
