{
    "count_spike": 67,
    "creation_time": 3432,
    "potential": 0.24136062842208306,
    "recent_spikes": [
        0,
        0,
        0,
        0,
        0
    ],
    "spike_train": [],
    "spiking_rate": 1.8449032019967994e-18,
    "threshold": 30.0
}
