{
    "count_spike": 181,
    "creation_time": 3432,
    "potential": 0.13500697902922196,
    "recent_spikes": [
        0,
        0,
        0,
        0,
        0
    ],
    "spike_train": [],
    "spiking_rate": 1.844084111560597e-46,
    "threshold": 30.0
}
