{
    "count_spike": 366,
    "creation_time": 3432,
    "potential": 26.96803470068332,
    "recent_spikes": [
        3,
        0,
        0,
        4,
        24
    ],
    "spike_train": [
        1481799158871122,
        1481799158951012,
        1481799158972240,
        1481799160563172,
        1481799160699488,
        1481799160807222,
        1481799161291362,
        1481799161326535,
        1481799161346708,
        1481799161368315,
        1481799161391200,
        1481799161411244,
        1481799161431852,
        1481799161460690,
        1481799161513562,
        1481799161543406,
        1481799161567065,
        1481799161586937,
        1481799161608368,
        1481799161636138,
        1481799161676893,
        1481799161700886,
        1481799161721375,
        1481799161738580,
        1481799161756480,
        1481799161775777,
        1481799161798501,
        1481799161851050,
        1481799161882525,
        1481799161908454,
        1481799161925465,
        1481799161942222,
        1481799161960789,
        1481799161992183,
        1481799162109608,
        1481799162921924,
        1481799162949452,
        1481799162976724,
        1481799163012398,
        1481799166298251,
        1481799166342765,
        1481799166371740,
        1481799166811502,
        1481799166937525
    ],
    "spiking_rate": 8.00235008,
    "threshold": 30.0
}
