{
    "count_spike": 74,
    "creation_time": 3432,
    "potential": 2.2529171835471082,
    "recent_spikes": [
        1,
        0,
        0,
        1,
        1
    ],
    "spike_train": [
        1481799161645693,
        1481799162864159,
        1481799166384931,
        1481799166664920
    ],
    "spiking_rate": 0.69953599488,
    "threshold": 30.0
}
