{
    "count_spike": 208,
    "creation_time": 3432,
    "potential": 0.13744268740992494,
    "recent_spikes": [
        0,
        0,
        0,
        0,
        0
    ],
    "spike_train": [],
    "spiking_rate": 5.6277038617352874e-37,
    "threshold": 30.0
}
