{
    "count_spike": 653,
    "creation_time": 3432,
    "potential": 1.3145293165362106,
    "recent_spikes": [
        0,
        0,
        1,
        0,
        5
    ],
    "spike_train": [
        1481799158867550,
        1481799159121697,
        1481799159139478,
        1481799160669606,
        1481799160710199,
        1481799160765356,
        1481799161000796,
        1481799161031292,
        1481799161395955,
        1481799161418432,
        1481799161455351,
        1481799161528987,
        1481799161541883,
        1481799164256349,
        1481799166627391
    ],
    "spiking_rate": 1.7535660648447344,
    "threshold": 30.0
}
