{
    "count_spike": 604,
    "creation_time": 3432,
    "potential": 0.009737895245110949,
    "recent_spikes": [
        0,
        0,
        0,
        0,
        0
    ],
    "spike_train": [],
    "spiking_rate": 9.190972315402236e-19,
    "threshold": 30.0
}
