{
    "count_spike": 13,
    "creation_time": 3432,
    "potential": 1.0255194201252462,
    "recent_spikes": [
        0,
        0,
        0,
        0,
        0
    ],
    "spike_train": [],
    "spiking_rate": 2.620601977792364e-12,
    "threshold": 30.0
}
