{
    "count_spike": 80,
    "creation_time": 3432,
    "potential": 17.587861757247612,
    "recent_spikes": [
        0,
        0,
        0,
        0,
        2
    ],
    "spike_train": [
        1481799160928179,
        1481799160968578,
        1481799160993263,
        1481799161019432,
        1481799161051501,
        1481799161087631,
        1481799161150916,
        1481799161212962,
        1481799161278629,
        1481799162265459,
        1481799162374317,
        1481799167188669
    ],
    "spiking_rate": 0.9496960001228407,
    "threshold": 30.0
}
