{
    "count_spike": 283,
    "creation_time": 3432,
    "potential": 0.8630630745115223,
    "recent_spikes": [
        0,
        0,
        0,
        0,
        0
    ],
    "spike_train": [],
    "spiking_rate": 1.0555310547226374e-32,
    "threshold": 30.0
}
