{
    "count_spike": 66,
    "creation_time": 3432,
    "potential": 0.47459739967145453,
    "recent_spikes": [
        0,
        0,
        0,
        0,
        0
    ],
    "spike_train": [],
    "spiking_rate": 2.66973741056e-08,
    "threshold": 30.0
}
