{
    "count_spike": 16,
    "creation_time": 3432,
    "potential": 0.29013557347418334,
    "recent_spikes": [
        0,
        0,
        0,
        0,
        0
    ],
    "spike_train": [],
    "spiking_rate": 2.55918080000436e-07,
    "threshold": 30.0
}
