{
    "count_spike": 72,
    "creation_time": 3432,
    "potential": 1.7963733032370808,
    "recent_spikes": [
        0,
        0,
        0,
        0,
        0
    ],
    "spike_train": [],
    "spiking_rate": 2.5224858325483525e-18,
    "threshold": 30.0
}
