{
    "count_spike": 6,
    "creation_time": 3432,
    "potential": 1.0355711263910494,
    "recent_spikes": [
        0,
        0,
        0,
        0,
        0
    ],
    "spike_train": [],
    "spiking_rate": 1.1220764725857785e-118,
    "threshold": 30.0
}
