{
    "count_spike": 120,
    "creation_time": 3432,
    "potential": 0.7002254553732538,
    "recent_spikes": [
        0,
        0,
        0,
        0,
        0
    ],
    "spike_train": [],
    "spiking_rate": 3.776684260501851e-55,
    "threshold": 30.0
}
