{
    "count_spike": 32,
    "creation_time": 3432,
    "potential": 0.04924093541770671,
    "recent_spikes": [
        0,
        0,
        0,
        0,
        0
    ],
    "spike_train": [],
    "spiking_rate": 3.244155382229077e-78,
    "threshold": 30.0
}
