{
    "count_spike": 131,
    "creation_time": 3432,
    "potential": 0.24615134168781183,
    "recent_spikes": [
        0,
        0,
        0,
        0,
        0
    ],
    "spike_train": [],
    "spiking_rate": 9.599897436160003e-05,
    "threshold": 30.0
}
