{
    "count_spike": 114,
    "creation_time": 3432,
    "potential": 0.5417453096665912,
    "recent_spikes": [
        0,
        0,
        0,
        0,
        0
    ],
    "spike_train": [
        1481799160879775,
        1481799160904430
    ],
    "spiking_rate": 0.09996802559213579,
    "threshold": 30.0
}
