{
    "count_spike": 5,
    "creation_time": 3432,
    "potential": 2.4140765474131616,
    "recent_spikes": [
        0,
        0,
        0,
        0,
        0
    ],
    "spike_train": [],
    "spiking_rate": 7.009433940908546e-79,
    "threshold": 30.0
}
