{
    "count_spike": 1,
    "creation_time": 3432,
    "potential": 2.7709602238770743,
    "recent_spikes": [
        0,
        0,
        0,
        0,
        0
    ],
    "spike_train": [],
    "spiking_rate": 1.538648341969205e-265,
    "threshold": 30.0
}
