{
    "count_spike": 23,
    "creation_time": 3432,
    "potential": 0.05254724780589975,
    "recent_spikes": [
        0,
        0,
        0,
        0,
        0
    ],
    "spike_train": [],
    "spiking_rate": 2.339524454355851e-116,
    "threshold": 30.0
}
