{
    "count_spike": 140,
    "creation_time": 3432,
    "potential": 0.6428034152950007,
    "recent_spikes": [
        0,
        0,
        0,
        0,
        0
    ],
    "spike_train": [],
    "spiking_rate": 1.2376429019846866e-63,
    "threshold": 30.0
}
