{
    "count_spike": 97,
    "creation_time": 3432,
    "potential": 0.5326343816131253,
    "recent_spikes": [
        0,
        0,
        0,
        0,
        0
    ],
    "spike_train": [],
    "spiking_rate": 1.758655654776318e-33,
    "threshold": 30.0
}
