{
    "count_spike": 6,
    "creation_time": 3432,
    "potential": 0.7019112476787367,
    "recent_spikes": [
        0,
        0,
        0,
        0,
        0
    ],
    "spike_train": [],
    "spiking_rate": 2.343264701285269e-116,
    "threshold": 30.0
}
