{
    "count_spike": 154,
    "creation_time": 3432,
    "potential": 0.45910439579259094,
    "recent_spikes": [
        0,
        0,
        0,
        0,
        0
    ],
    "spike_train": [],
    "spiking_rate": 3.275753101184729e-13,
    "threshold": 30.0
}
