{
    "count_spike": 54,
    "creation_time": 3432,
    "potential": 1.0798605284223755,
    "recent_spikes": [
        0,
        0,
        0,
        0,
        0
    ],
    "spike_train": [],
    "spiking_rate": 7.081328308603818e-51,
    "threshold": 30.0
}
