{
    "count_spike": 18,
    "creation_time": 3432,
    "potential": 0.00592060490177317,
    "recent_spikes": [
        0,
        0,
        0,
        0,
        0
    ],
    "spike_train": [],
    "spiking_rate": 2.3436387259782152e-116,
    "threshold": 30.0
}
