{
    "count_spike": 27,
    "creation_time": 3432,
    "potential": 0.881257466441456,
    "recent_spikes": [
        0,
        0,
        0,
        0,
        0
    ],
    "spike_train": [],
    "spiking_rate": 3.275818846826108e-13,
    "threshold": 30.0
}
