{
    "count_spike": 140,
    "creation_time": 3432,
    "potential": 0.07125073861093428,
    "recent_spikes": [
        0,
        0,
        0,
        0,
        0
    ],
    "spike_train": [],
    "spiking_rate": 1.0485758926258177e-16,
    "threshold": 30.0
}
