{
    "count_spike": 235,
    "creation_time": 3432,
    "potential": 0.03964963813639476,
    "recent_spikes": [
        0,
        0,
        0,
        0,
        0
    ],
    "spike_train": [],
    "spiking_rate": 9.599897436160168e-05,
    "threshold": 30.0
}
