{
    "count_spike": 362,
    "creation_time": 3432,
    "potential": 2.2546398923273707,
    "recent_spikes": [
        0,
        0,
        0,
        1,
        0
    ],
    "spike_train": [
        1481799162872080
    ],
    "spiking_rate": 0.24963618816,
    "threshold": 30.0
}
