{
    "count_spike": 571,
    "creation_time": 3432,
    "potential": 0.927444706680083,
    "recent_spikes": [
        0,
        0,
        0,
        3,
        0
    ],
    "spike_train": [
        1481799161056317,
        1481799161085563,
        1481799163093407,
        1481799163114604,
        1481799163144565
    ],
    "spiking_rate": 0.84878399488,
    "threshold": 30.0
}
