{
    "count_spike": 53,
    "creation_time": 3432,
    "potential": 2.4446195329110623,
    "recent_spikes": [
        0,
        0,
        0,
        0,
        0
    ],
    "spike_train": [],
    "spiking_rate": 2.3051110499646352e-45,
    "threshold": 30.0
}
