{
    "count_spike": 131,
    "creation_time": 3432,
    "potential": 0.4120726226278419,
    "recent_spikes": [
        0,
        0,
        0,
        0,
        0
    ],
    "spike_train": [],
    "spiking_rate": 3.5724891301359234e-27,
    "threshold": 30.0
}
