{
    "count_spike": 42,
    "creation_time": 3432,
    "potential": 1.1531369427885487,
    "recent_spikes": [
        0,
        0,
        0,
        0,
        0
    ],
    "spike_train": [],
    "spiking_rate": 3.2757614871083745e-13,
    "threshold": 30.0
}
