{
    "count_spike": 1,
    "creation_time": 3432,
    "potential": 10.515456071278143,
    "recent_spikes": [
        0,
        0,
        0,
        0,
        0
    ],
    "spike_train": [],
    "spiking_rate": 5.731911741082387e-246,
    "threshold": 30.0
}
