{
    "count_spike": 326,
    "creation_time": 3432,
    "potential": 3.090475618307096,
    "recent_spikes": [
        0,
        0,
        0,
        1,
        0
    ],
    "spike_train": [
        1481799158998653,
        1481799160981816,
        1481799163342788
    ],
    "spiking_rate": 0.30163871744000004,
    "threshold": 30.0
}
