{
    "count_spike": 423,
    "creation_time": 3432,
    "potential": 15.840468195152457,
    "recent_spikes": [
        0,
        0,
        0,
        1,
        0
    ],
    "spike_train": [
        1481799160800112,
        1481799160960041,
        1481799160996442,
        1481799161029889,
        1481799161055545,
        1481799161077570,
        1481799161105350,
        1481799161124879,
        1481799162786166
    ],
    "spiking_rate": 0.64951998464,
    "threshold": 30.0
}
