{
    "count_spike": 6,
    "creation_time": 3432,
    "potential": 0.398982917297102,
    "recent_spikes": [
        0,
        0,
        0,
        0,
        0
    ],
    "spike_train": [],
    "spiking_rate": 1.1714453382961627e-116,
    "threshold": 30.0
}
