{
    "count_spike": 587,
    "creation_time": 3432,
    "potential": 10.610344047301966,
    "recent_spikes": [
        0,
        0,
        0,
        0,
        0
    ],
    "spike_train": [],
    "spiking_rate": 7.3728000000219694e-06,
    "threshold": 30.0
}
