{
    "count_spike": 8,
    "creation_time": 3432,
    "potential": 0.4075103183331479,
    "recent_spikes": [
        0,
        0,
        0,
        0,
        0
    ],
    "spike_train": [],
    "spiking_rate": 1.1860323013209245e-116,
    "threshold": 30.0
}
