{
    "count_spike": 125,
    "creation_time": 3432,
    "potential": 2.1316598133618077,
    "recent_spikes": [
        0,
        0,
        0,
        0,
        0
    ],
    "spike_train": [],
    "spiking_rate": 1.1802440449192736e-51,
    "threshold": 30.0
}
