{
    "count_spike": 103,
    "creation_time": 3432,
    "potential": 0.33408163180707584,
    "recent_spikes": [
        0,
        0,
        0,
        0,
        0
    ],
    "spike_train": [],
    "spiking_rate": 2.7662736940698194e-45,
    "threshold": 30.0
}
