{
    "count_spike": 128,
    "creation_time": 3432,
    "potential": 1.6807364172389145,
    "recent_spikes": [
        0,
        0,
        0,
        0,
        0
    ],
    "spike_train": [],
    "spiking_rate": 3.3543698291644117e-20,
    "threshold": 30.0
}
