{
    "count_spike": 106,
    "creation_time": 3432,
    "potential": 8.882911667188855,
    "recent_spikes": [
        0,
        0,
        3,
        2,
        3
    ],
    "spike_train": [
        1481799161501239,
        1481799161591278,
        1481799161721588,
        1481799162579383,
        1481799162643260,
        1481799163687722,
        1481799163883435,
        1481799163984393,
        1481799166508269
    ],
    "spiking_rate": 1.992975994920947,
    "threshold": 30.0
}
