{
    "count_spike": 1,
    "creation_time": 3432,
    "potential": 0.5546847958026855,
    "recent_spikes": [
        0,
        0,
        0,
        0,
        0
    ],
    "spike_train": [],
    "spiking_rate": 2.2390280238603072e-240,
    "threshold": 30.0
}
