{
    "count_spike": 447,
    "creation_time": 3432,
    "potential": 0.44240502443935753,
    "recent_spikes": [
        0,
        0,
        0,
        0,
        0
    ],
    "spike_train": [],
    "spiking_rate": 0.0015999993445875709,
    "threshold": 30.0
}
