{
    "count_spike": 135,
    "creation_time": 3432,
    "potential": 1.400820419785238,
    "recent_spikes": [
        0,
        0,
        0,
        1,
        0
    ],
    "spike_train": [
        1481799158817755,
        1481799158912806,
        1481799158961595,
        1481799160459270,
        1481799162710420
    ],
    "spiking_rate": 0.30558208000000003,
    "threshold": 30.0
}
