{
    "count_spike": 3,
    "creation_time": 3432,
    "potential": 4.591594630290693,
    "recent_spikes": [
        0,
        0,
        0,
        0,
        0
    ],
    "spike_train": [],
    "spiking_rate": 4.1142716223683907e-119,
    "threshold": 30.0
}
