{
    "count_spike": 118,
    "creation_time": 3432,
    "potential": 1.114235429320906,
    "recent_spikes": [
        0,
        0,
        0,
        0,
        1
    ],
    "spike_train": [
        1481799161214157,
        1481799161301287,
        1481799161351297,
        1481799161386837,
        1481799161409107
    ],
    "spiking_rate": 0.4498560000818938,
    "threshold": 30.0
}
