{
    "count_spike": 529,
    "creation_time": 3432,
    "potential": 5.012937559630586,
    "recent_spikes": [
        0,
        0,
        0,
        0,
        1
    ],
    "spike_train": [
        1481799159154681,
        1481799160999503,
        1481799161174357,
        1481799161188488,
        1481799161208237,
        1481799162382566
    ],
    "spiking_rate": 0.45195184128,
    "threshold": 30.0
}
