{
    "count_spike": 336,
    "creation_time": 3432,
    "potential": 5.401077912467837,
    "recent_spikes": [
        0,
        0,
        0,
        0,
        0
    ],
    "spike_train": [
        1481799159204197,
        1481799159211260,
        1481799159841255,
        1481799160155974
    ],
    "spiking_rate": 0.02401466408946893,
    "threshold": 30.0
}
