{
    "count_spike": 7,
    "creation_time": 3432,
    "potential": 0.2419647530482572,
    "recent_spikes": [
        0,
        0,
        0,
        0,
        0
    ],
    "spike_train": [],
    "spiking_rate": 5.109531676507842e-74,
    "threshold": 30.0
}
