{
    "count_spike": 86,
    "creation_time": 3432,
    "potential": 0.7368847182848014,
    "recent_spikes": [
        0,
        0,
        0,
        0,
        0
    ],
    "spike_train": [],
    "spiking_rate": 2.6835093060381007e-22,
    "threshold": 30.0
}
