{
    "count_spike": 115,
    "creation_time": 3432,
    "potential": 1.559689711150384,
    "recent_spikes": [
        0,
        0,
        0,
        0,
        0
    ],
    "spike_train": [],
    "spiking_rate": 3.6310016156628127e-41,
    "threshold": 30.0
}
