{
    "count_spike": 389,
    "creation_time": 3432,
    "potential": 0.40341252491784485,
    "recent_spikes": [
        0,
        0,
        0,
        0,
        1
    ],
    "spike_train": [
        1481799160862571,
        1481799161085674,
        1481799161121863,
        1481799161506400,
        1481799166401494,
        1481799166475484
    ],
    "spiking_rate": 0.3999039899647344,
    "threshold": 30.0
}
