{
    "count_spike": 362,
    "creation_time": 3432,
    "potential": 2.19787338486049,
    "recent_spikes": [
        0,
        0,
        0,
        1,
        0
    ],
    "spike_train": [
        1481799160951473,
        1481799161015060,
        1481799161106288,
        1481799161160694,
        1481799161373519,
        1481799162982785,
        1481799166466698
    ],
    "spiking_rate": 0.49953599488,
    "threshold": 30.0
}
