{
    "count_spike": 95,
    "creation_time": 3432,
    "potential": 4.284123608558718,
    "recent_spikes": [
        0,
        0,
        0,
        0,
        0
    ],
    "spike_train": [],
    "spiking_rate": 1.228406784e-10,
    "threshold": 30.0
}
