{
    "count_spike": 27,
    "creation_time": 3432,
    "potential": 0.6819566488625192,
    "recent_spikes": [
        0,
        0,
        0,
        0,
        0
    ],
    "spike_train": [],
    "spiking_rate": 1.3739497306541702e-27,
    "threshold": 30.0
}
