{
    "count_spike": 60,
    "creation_time": 3432,
    "potential": 2.4854289795212536,
    "recent_spikes": [
        0,
        0,
        0,
        0,
        0
    ],
    "spike_train": [
        1481799160572582,
        1481799160679239,
        1481799160758445,
        1481799160940626,
        1481799166680832
    ],
    "spiking_rate": 0.199936,
    "threshold": 30.0
}
