{
    "count_spike": 1624,
    "creation_time": 3432,
    "potential": 0.5201692805591633,
    "recent_spikes": [
        0,
        0,
        0,
        0,
        0
    ],
    "spike_train": [],
    "spiking_rate": 1.4434568383240577e-42,
    "threshold": 30.0
}
