{
    "count_spike": 151,
    "creation_time": 3432,
    "potential": 7.968159568796649,
    "recent_spikes": [
        1,
        0,
        0,
        0,
        1
    ],
    "spike_train": [
        1481799158949570,
        1481799158967395,
        1481799160826577,
        1481799161294446,
        1481799161336468,
        1481799161597521,
        1481799166265145,
        1481799166818292,
        1481799167185924
    ],
    "spiking_rate": 0.6038707200818938,
    "threshold": 30.0
}
