{
    "count_spike": 468,
    "creation_time": 3432,
    "potential": 2.323955008433083,
    "recent_spikes": [
        3,
        0,
        0,
        13,
        2
    ],
    "spike_train": [
        1481799158666681,
        1481799158870375,
        1481799158899230,
        1481799159359085,
        1481799160866636,
        1481799162123739,
        1481799162339929,
        1481799162594634,
        1481799162629650,
        1481799162660245,
        1481799162677499,
        1481799162695790,
        1481799162719643,
        1481799162794860,
        1481799162811499,
        1481799162829299,
        1481799162875169,
        1481799162901217,
        1481799162922537,
        1481799162998842,
        1481799166009243,
        1481799166288134,
        1481799166329837,
        1481799166462371,
        1481799166549341,
        1481799166582757,
        1481799166620718,
        1481799166640591,
        1481799166658498,
        1481799166730357,
        1481799166749029,
        1481799166765460
    ],
    "spiking_rate": 4.402701438976,
    "threshold": 30.0
}
