{
    "count_spike": 148,
    "creation_time": 3432,
    "potential": 15.008673092776151,
    "recent_spikes": [
        0,
        0,
        0,
        0,
        1
    ],
    "spike_train": [
        1481799159174446,
        1481799160925355,
        1481799161178841,
        1481799161624108,
        1481799166977873
    ],
    "spiking_rate": 0.35188736020473443,
    "threshold": 30.0
}
