{
    "count_spike": 92,
    "creation_time": 3432,
    "potential": 0.24730449132916013,
    "recent_spikes": [
        0,
        0,
        0,
        0,
        0
    ],
    "spike_train": [],
    "spiking_rate": 5.315210571305058e-85,
    "threshold": 30.0
}
