{
    "count_spike": 19,
    "creation_time": 3432,
    "potential": 1.3352380819374335e-10,
    "recent_spikes": [
        0,
        0,
        0,
        0,
        0
    ],
    "spike_train": [],
    "spiking_rate": 5.984395087081371e-123,
    "threshold": 30.0
}
