{
    "count_spike": 573,
    "creation_time": 3432,
    "potential": 0.27909316641899734,
    "recent_spikes": [
        0,
        0,
        0,
        0,
        0
    ],
    "spike_train": [],
    "spiking_rate": 5.12004586052478e-07,
    "threshold": 30.0
}
