{
    "count_spike": 20,
    "creation_time": 3432,
    "potential": 1.5127240104904722,
    "recent_spikes": [
        0,
        0,
        0,
        0,
        0
    ],
    "spike_train": [],
    "spiking_rate": 3.937016445013705e-257,
    "threshold": 30.0
}
