{
    "count_spike": 123,
    "creation_time": 3432,
    "potential": 1.7367102620763006,
    "recent_spikes": [
        0,
        0,
        0,
        0,
        0
    ],
    "spike_train": [],
    "spiking_rate": 4.610363706699574e-45,
    "threshold": 30.0
}
