{
    "count_spike": 62,
    "creation_time": 3432,
    "potential": 0.36915333329455535,
    "recent_spikes": [
        0,
        0,
        0,
        0,
        0
    ],
    "spike_train": [],
    "spiking_rate": 2.8138490487485595e-36,
    "threshold": 30.0
}
