{
    "count_spike": 307,
    "creation_time": 3432,
    "potential": 14.016405758678935,
    "recent_spikes": [
        5,
        0,
        1,
        10,
        13
    ],
    "spike_train": [
        1481799161375654,
        1481799161418882,
        1481799161466274,
        1481799161517899,
        1481799161541170,
        1481799161558442,
        1481799161593701,
        1481799161616754,
        1481799161638774,
        1481799161661309,
        1481799161701669,
        1481799161719341,
        1481799161744279,
        1481799162032186,
        1481799162432815,
        1481799162477684,
        1481799162575393,
        1481799162591656,
        1481799162607802,
        1481799162723301,
        1481799162743718,
        1481799162764812,
        1481799162937643,
        1481799162965798,
        1481799163681731,
        1481799165915455,
        1481799165953952,
        1481799166101217,
        1481799166123600,
        1481799166389300,
        1481799166491367,
        1481799166532893
    ],
    "spiking_rate": 7.042959994961893,
    "threshold": 30.0
}
