{
    "count_spike": 75,
    "creation_time": 3432,
    "potential": 0.13675110371616833,
    "recent_spikes": [
        0,
        0,
        0,
        0,
        0
    ],
    "spike_train": [],
    "spiking_rate": 1.4270192600004178e-106,
    "threshold": 30.0
}
