{
    "count_spike": 95,
    "creation_time": 3432,
    "potential": 1.7052176199018232,
    "recent_spikes": [
        0,
        0,
        0,
        0,
        0
    ],
    "spike_train": [],
    "spiking_rate": 0.0011999993855999998,
    "threshold": 30.0
}
