{
    "count_spike": 128,
    "creation_time": 3432,
    "potential": 0.08463378700813796,
    "recent_spikes": [
        0,
        0,
        0,
        0,
        0
    ],
    "spike_train": [],
    "spiking_rate": 5.627698094362173e-37,
    "threshold": 30.0
}
