{
    "count_spike": 202,
    "creation_time": 3432,
    "potential": 0.7252332296720978,
    "recent_spikes": [
        0,
        0,
        0,
        0,
        0
    ],
    "spike_train": [],
    "spiking_rate": 1.599488e-05,
    "threshold": 30.0
}
