{
    "count_spike": 2,
    "creation_time": 3432,
    "potential": 3.2059487225509473,
    "recent_spikes": [
        0,
        0,
        0,
        0,
        0
    ],
    "spike_train": [],
    "spiking_rate": 6.48829415442512e-79,
    "threshold": 30.0
}
