{
    "count_spike": 92,
    "creation_time": 3432,
    "potential": 0.10711694159149476,
    "recent_spikes": [
        0,
        0,
        0,
        0,
        0
    ],
    "spike_train": [],
    "spiking_rate": 3.7605977149911764e-121,
    "threshold": 30.0
}
