{
    "count_spike": 91,
    "creation_time": 3432,
    "potential": 1.6265154882713304,
    "recent_spikes": [
        0,
        0,
        0,
        0,
        0
    ],
    "spike_train": [],
    "spiking_rate": 2.5591808e-08,
    "threshold": 30.0
}
