{
    "count_spike": 69,
    "creation_time": 3432,
    "potential": 0.4085272255509134,
    "recent_spikes": [
        0,
        0,
        0,
        0,
        0
    ],
    "spike_train": [],
    "spiking_rate": 6.551503854310837e-13,
    "threshold": 30.0
}
