{
    "count_spike": 76,
    "creation_time": 3432,
    "potential": 0.4208973954569809,
    "recent_spikes": [
        0,
        0,
        0,
        0,
        0
    ],
    "spike_train": [],
    "spiking_rate": 5.1195081129984e-08,
    "threshold": 30.0
}
