{
    "count_spike": 150,
    "creation_time": 3432,
    "potential": 6.530121013347427,
    "recent_spikes": [
        0,
        0,
        1,
        0,
        0
    ],
    "spike_train": [
        1481799164332627
    ],
    "spiking_rate": 0.24801599487999998,
    "threshold": 30.0
}
