{
    "count_spike": 159,
    "creation_time": 3432,
    "potential": 0.30163583224656887,
    "recent_spikes": [
        0,
        0,
        0,
        0,
        0
    ],
    "spike_train": [],
    "spiking_rate": 2.813849048103133e-36,
    "threshold": 30.0
}
