{
    "count_spike": 66,
    "creation_time": 3432,
    "potential": 1.8922413356237637,
    "recent_spikes": [
        0,
        0,
        0,
        0,
        0
    ],
    "spike_train": [],
    "spiking_rate": 2.8859917054059177e-43,
    "threshold": 30.0
}
