{
    "count_spike": 123,
    "creation_time": 3432,
    "potential": 1.7410625866202272,
    "recent_spikes": [
        0,
        0,
        0,
        0,
        0
    ],
    "spike_train": [],
    "spiking_rate": 3.688168223121194e-48,
    "threshold": 30.0
}
