{
    "count_spike": 84,
    "creation_time": 3432,
    "potential": 0.5192912153006636,
    "recent_spikes": [
        0,
        0,
        0,
        0,
        0
    ],
    "spike_train": [],
    "spiking_rate": 1.1740293103616e-18,
    "threshold": 30.0
}
