{
    "count_spike": 5,
    "creation_time": 3432,
    "potential": 1.7417926066993585,
    "recent_spikes": [
        0,
        0,
        0,
        0,
        0
    ],
    "spike_train": [],
    "spiking_rate": 2.55918080000067e-07,
    "threshold": 30.0
}
