{
    "count_spike": 368,
    "creation_time": 3432,
    "potential": 0.39547578883526546,
    "recent_spikes": [
        0,
        0,
        0,
        0,
        0
    ],
    "spike_train": [],
    "spiking_rate": 1.280818806784e-07,
    "threshold": 30.0
}
