{
    "count_spike": 91,
    "creation_time": 3432,
    "potential": 0.5339350703327728,
    "recent_spikes": [
        0,
        0,
        0,
        0,
        0
    ],
    "spike_train": [],
    "spiking_rate": 2.8813814833247274e-43,
    "threshold": 30.0
}
