{
    "count_spike": 979,
    "creation_time": 3432,
    "potential": 0.295850626188273,
    "recent_spikes": [
        0,
        0,
        0,
        0,
        0
    ],
    "spike_train": [
        1481799161010560,
        1481799161043720,
        1481799161307329,
        1481799161368380
    ],
    "spiking_rate": 0.199936,
    "threshold": 30.0
}
