{
    "count_spike": 147,
    "creation_time": 3432,
    "potential": 2.3048169368534994,
    "recent_spikes": [
        0,
        0,
        0,
        0,
        0
    ],
    "spike_train": [],
    "spiking_rate": 9.599406073446485e-05,
    "threshold": 30.0
}
