{
    "count_spike": 495,
    "creation_time": 3432,
    "potential": 9.64130689942532,
    "recent_spikes": [
        2,
        0,
        0,
        18,
        27
    ],
    "spike_train": [
        1481799158799412,
        1481799158941726,
        1481799158962893,
        1481799159012943,
        1481799159034512,
        1481799159181406,
        1481799159476210,
        1481799160845351,
        1481799160884069,
        1481799160937244,
        1481799160961501,
        1481799160987555,
        1481799160997175,
        1481799161040221,
        1481799161061279,
        1481799161081355,
        1481799161540933,
        1481799161609267,
        1481799161629801,
        1481799161651783,
        1481799161668795,
        1481799161681325,
        1481799161694561,
        1481799161710266,
        1481799161725925,
        1481799161740920,
        1481799161755581,
        1481799161773307,
        1481799161818678,
        1481799161840459,
        1481799161854064,
        1481799161872077,
        1481799161890274,
        1481799161910344,
        1481799161941261,
        1481799161961226,
        1481799161981627,
        1481799161995750,
        1481799162014572,
        1481799162051083,
        1481799162071281,
        1481799162085603,
        1481799162101665,
        1481799162479157,
        1481799162754058,
        1481799162788334,
        1481799162830615,
        1481799162851488,
        1481799162863282,
        1481799162876531,
        1481799162893894,
        1481799162974243,
        1481799162988308,
        1481799163050076,
        1481799163068722,
        1481799163084473,
        1481799163108726,
        1481799163141895,
        1481799163168648,
        1481799163221117,
        1481799163283702,
        1481799166180676,
        1481799166222110,
        1481799166481995,
        1481799166511985,
        1481799166534567,
        1481799166605880,
        1481799166720347,
        1481799166746577,
        1481799166795589,
        1481799166816031,
        1481799166835597,
        1481799166856703,
        1481799166888929,
        1481799166909557,
        1481799166920783,
        1481799166933463,
        1481799166999875
    ],
    "spiking_rate": 12.112572133376,
    "threshold": 30.0
}
