{
    "count_spike": 1,
    "creation_time": 3432,
    "potential": 1.033811962702427,
    "recent_spikes": [
        0,
        0,
        0,
        0,
        0
    ],
    "spike_train": [],
    "spiking_rate": 2.5209214434823452e-275,
    "threshold": 30.0
}
