{
    "count_spike": 52,
    "creation_time": 3432,
    "potential": 0.856214095831338,
    "recent_spikes": [
        0,
        0,
        0,
        0,
        0
    ],
    "spike_train": [],
    "spiking_rate": 5.118361600905678e-09,
    "threshold": 30.0
}
