{
    "count_spike": 77,
    "creation_time": 3432,
    "potential": 1.138407714770067,
    "recent_spikes": [
        0,
        0,
        0,
        0,
        0
    ],
    "spike_train": [],
    "spiking_rate": 3.3234829226839084e-56,
    "threshold": 30.0
}
