{
    "count_spike": 52,
    "creation_time": 3432,
    "potential": 2.4635976026208137,
    "recent_spikes": [
        0,
        0,
        0,
        0,
        0
    ],
    "spike_train": [],
    "spiking_rate": 8.79384104369333e-33,
    "threshold": 30.0
}
