{
    "count_spike": 931,
    "creation_time": 3432,
    "potential": 0.7333212697973039,
    "recent_spikes": [
        0,
        0,
        0,
        0,
        1
    ],
    "spike_train": [
        1481799161559318
    ],
    "spiking_rate": 0.24992,
    "threshold": 30.0
}
