{
    "count_spike": 693,
    "creation_time": 3432,
    "potential": 4.929095919425609,
    "recent_spikes": [
        1,
        0,
        0,
        0,
        1
    ],
    "spike_train": [
        1481799161516962,
        1481799166249636,
        1481799166469097,
        1481799166990030
    ],
    "spiking_rate": 0.44995198996473446,
    "threshold": 30.0
}
