{
    "count_spike": 241,
    "creation_time": 3432,
    "potential": 11.654529257112737,
    "recent_spikes": [
        0,
        0,
        0,
        0,
        0
    ],
    "spike_train": [
        1481799160833185
    ],
    "spiking_rate": 0.050064004094361604,
    "threshold": 30.0
}
