{
    "count_spike": 73,
    "creation_time": 3432,
    "potential": 0.017619910527226754,
    "recent_spikes": [
        0,
        0,
        0,
        0,
        0
    ],
    "spike_train": [],
    "spiking_rate": 3.354369458176351e-20,
    "threshold": 30.0
}
