{
    "count_spike": 117,
    "creation_time": 3432,
    "potential": 0.4203811270960323,
    "recent_spikes": [
        0,
        0,
        0,
        0,
        0
    ],
    "spike_train": [],
    "spiking_rate": 3.1744000000001673e-06,
    "threshold": 30.0
}
