{
    "count_spike": 8,
    "creation_time": 3432,
    "potential": 4.342984308237189,
    "recent_spikes": [
        0,
        0,
        0,
        0,
        0
    ],
    "spike_train": [],
    "spiking_rate": 1.37394973006889e-28,
    "threshold": 30.0
}
