{
    "count_spike": 88,
    "creation_time": 3432,
    "potential": 0.00032702719879590956,
    "recent_spikes": [
        0,
        0,
        0,
        0,
        0
    ],
    "spike_train": [],
    "spiking_rate": 1.6466343375675836e-54,
    "threshold": 30.0
}
