{
    "count_spike": 277,
    "creation_time": 3432,
    "potential": 3.570498974605556,
    "recent_spikes": [
        0,
        0,
        0,
        0,
        0
    ],
    "spike_train": [],
    "spiking_rate": 2.5157770992651932e-18,
    "threshold": 30.0
}
