{
    "count_spike": 27,
    "creation_time": 3432,
    "potential": 0.33582866750788515,
    "recent_spikes": [
        0,
        0,
        0,
        0,
        0
    ],
    "spike_train": [],
    "spiking_rate": 3.1681123800903915e-71,
    "threshold": 30.0
}
