{
    "count_spike": 97,
    "creation_time": 3432,
    "potential": 1.219989033764057,
    "recent_spikes": [
        0,
        0,
        0,
        0,
        0
    ],
    "spike_train": [
        1481799158663514
    ],
    "spiking_rate": 0.00199936,
    "threshold": 30.0
}
