{
    "count_spike": 117,
    "creation_time": 3432,
    "potential": 3.683650506138328,
    "recent_spikes": [
        0,
        0,
        0,
        0,
        0
    ],
    "spike_train": [],
    "spiking_rate": 2.0473446400000002e-10,
    "threshold": 30.0
}
