{
    "count_spike": 433,
    "creation_time": 3432,
    "potential": 0.45505692440532725,
    "recent_spikes": [
        0,
        0,
        0,
        0,
        3
    ],
    "spike_train": [
        1481799158804373,
        1481799158979896,
        1481799160519428,
        1481799160634825,
        1481799160671134,
        1481799160865494,
        1481799160906533,
        1481799161015785,
        1481799161050095,
        1481799161438077,
        1481799161497453,
        1481799161551632
    ],
    "spiking_rate": 1.10364672,
    "threshold": 30.0
}
