{
    "count_spike": 179,
    "creation_time": 3432,
    "potential": 10.183682570384466,
    "recent_spikes": [
        0,
        0,
        0,
        0,
        0
    ],
    "spike_train": [
        1481799166803889
    ],
    "spiking_rate": 1.599488e-05,
    "threshold": 30.0
}
