{
    "count_spike": 84,
    "creation_time": 3432,
    "potential": 0.10938916999364759,
    "recent_spikes": [
        0,
        0,
        0,
        0,
        0
    ],
    "spike_train": [],
    "spiking_rate": 7.831513475461915e-27,
    "threshold": 30.0
}
