{
    "count_spike": 290,
    "creation_time": 3432,
    "potential": 2.9212062657860156,
    "recent_spikes": [
        0,
        0,
        0,
        0,
        0
    ],
    "spike_train": [
        1481799159083043,
        1481799159112815,
        1481799159221612,
        1481799161207443,
        1481799166763114
    ],
    "spiking_rate": 0.05603006464,
    "threshold": 30.0
}
