{
    "count_spike": 81,
    "creation_time": 3432,
    "potential": 0.033568119984457655,
    "recent_spikes": [
        0,
        0,
        0,
        0,
        0
    ],
    "spike_train": [],
    "spiking_rate": 5.118558145259866e-08,
    "threshold": 30.0
}
