{
    "count_spike": 53,
    "creation_time": 3432,
    "potential": 1.8516283297797123,
    "recent_spikes": [
        0,
        0,
        0,
        0,
        0
    ],
    "spike_train": [],
    "spiking_rate": 3.0213474083808816e-56,
    "threshold": 30.0
}
