{
    "count_spike": 5,
    "creation_time": 3432,
    "potential": 2.3721215087186054,
    "recent_spikes": [
        0,
        0,
        0,
        0,
        0
    ],
    "spike_train": [],
    "spiking_rate": 1.2672449520361566e-72,
    "threshold": 30.0
}
