{
    "count_spike": 30,
    "creation_time": 3432,
    "potential": 0.5608940722252891,
    "recent_spikes": [
        0,
        0,
        0,
        0,
        0
    ],
    "spike_train": [],
    "spiking_rate": 1.2284067840000043e-10,
    "threshold": 30.0
}
