{
    "count_spike": 147,
    "creation_time": 3432,
    "potential": 10.025621171478,
    "recent_spikes": [
        0,
        0,
        0,
        0,
        0
    ],
    "spike_train": [],
    "spiking_rate": 2.885991693603479e-43,
    "threshold": 30.0
}
