{
    "count_spike": 246,
    "creation_time": 3432,
    "potential": 0.08992549425119145,
    "recent_spikes": [
        0,
        0,
        0,
        0,
        0
    ],
    "spike_train": [],
    "spiking_rate": 2.6206013740058613e-12,
    "threshold": 30.0
}
