{
    "count_spike": 280,
    "creation_time": 3432,
    "potential": -21.391972321619242,
    "recent_spikes": [
        0,
        1,
        0,
        0,
        0
    ],
    "spike_train": [
        1481799164463464
    ],
    "spiking_rate": 0.24003198996473446,
    "threshold": 30.0
}
