{
    "count_spike": 48,
    "creation_time": 3432,
    "potential": 0.2639727697137974,
    "recent_spikes": [
        0,
        0,
        0,
        0,
        0
    ],
    "spike_train": [],
    "spiking_rate": 4.0946892800268357e-11,
    "threshold": 30.0
}
