{
    "count_spike": 189,
    "creation_time": 3432,
    "potential": 1.1892169889404605,
    "recent_spikes": [
        0,
        0,
        0,
        0,
        0
    ],
    "spike_train": [],
    "spiking_rate": 2.5592463151257572e-08,
    "threshold": 30.0
}
