{
    "count_spike": 36,
    "creation_time": 3432,
    "potential": 0.6387092565787535,
    "recent_spikes": [
        0,
        0,
        0,
        0,
        0
    ],
    "spike_train": [],
    "spiking_rate": 1.7592184271789964e-33,
    "threshold": 30.0
}
