{
    "count_spike": 141,
    "creation_time": 3432,
    "potential": 3.4901173742885456,
    "recent_spikes": [
        0,
        0,
        0,
        3,
        1
    ],
    "spike_train": [
        1481799161797003,
        1481799162712013,
        1481799162804446,
        1481799162852808
    ],
    "spiking_rate": 0.9987359950847345,
    "threshold": 30.0
}
