{
    "count_spike": 51,
    "creation_time": 3432,
    "potential": 9.83825623887406,
    "recent_spikes": [
        1,
        0,
        0,
        0,
        0
    ],
    "spike_train": [
        1481799166106967,
        1481799166922560
    ],
    "spiking_rate": 0.2000000000409469,
    "threshold": 30.0
}
