{
    "count_spike": 35,
    "creation_time": 3432,
    "potential": 0.05317242891012421,
    "recent_spikes": [
        0,
        0,
        0,
        0,
        0
    ],
    "spike_train": [],
    "spiking_rate": 5.031554187264e-19,
    "threshold": 30.0
}
