{
    "count_spike": 3,
    "creation_time": 3432,
    "potential": 2.8921782418412016,
    "recent_spikes": [
        0,
        0,
        0,
        0,
        0
    ],
    "spike_train": [],
    "spiking_rate": 3.1681123800903915e-71,
    "threshold": 30.0
}
