{
    "count_spike": 71,
    "creation_time": 3432,
    "potential": 0.9618720786691282,
    "recent_spikes": [
        0,
        0,
        0,
        0,
        0
    ],
    "spike_train": [],
    "spiking_rate": 1.279590400125789e-07,
    "threshold": 30.0
}
