{
    "count_spike": 11,
    "creation_time": 3432,
    "potential": 0.0670188655832257,
    "recent_spikes": [
        0,
        0,
        0,
        0,
        0
    ],
    "spike_train": [],
    "spiking_rate": 3.3543694609239004e-20,
    "threshold": 30.0
}
