{
    "count_spike": 80,
    "creation_time": 3432,
    "potential": 5.8039277101395275,
    "recent_spikes": [
        0,
        1,
        1,
        0,
        2
    ],
    "spike_train": [
        1481799158933243,
        1481799161751762,
        1481799161842406,
        1481799164226388,
        1481799164399421,
        1481799166837801,
        1481799166932168
    ],
    "spiking_rate": 0.9899193589759999,
    "threshold": 30.0
}
