{
    "count_spike": 194,
    "creation_time": 3432,
    "potential": 0.34706010967374795,
    "recent_spikes": [
        0,
        0,
        1,
        1,
        0
    ],
    "spike_train": [
        1481799160717894,
        1481799160968848,
        1481799161327361,
        1481799163063335,
        1481799164234577,
        1481799166952835
    ],
    "spiking_rate": 0.6475679954942034,
    "threshold": 30.0
}
