{
    "count_spike": 1,
    "creation_time": 3432,
    "potential": 14.087508350119638,
    "recent_spikes": [
        0,
        0,
        0,
        0,
        0
    ],
    "spike_train": [],
    "spiking_rate": 1.1195140119301536e-239,
    "threshold": 30.0
}
