{
    "count_spike": 4,
    "creation_time": 3432,
    "potential": 0.6570654272157105,
    "recent_spikes": [
        0,
        0,
        0,
        0,
        0
    ],
    "spike_train": [],
    "spiking_rate": 6.551586707236453e-14,
    "threshold": 30.0
}
