{
    "count_spike": 36,
    "creation_time": 3432,
    "potential": 0.7024502021502437,
    "recent_spikes": [
        0,
        0,
        0,
        0,
        0
    ],
    "spike_train": [],
    "spiking_rate": 1.0063108374528e-19,
    "threshold": 30.0
}
