{
    "count_spike": 30,
    "creation_time": 3432,
    "potential": 0.2940156673772931,
    "recent_spikes": [
        0,
        0,
        0,
        0,
        0
    ],
    "spike_train": [],
    "spiking_rate": 5.550756909478315e-27,
    "threshold": 30.0
}
