{
    "count_spike": 29,
    "creation_time": 3432,
    "potential": 0.8125022484672665,
    "recent_spikes": [
        0,
        0,
        0,
        0,
        0
    ],
    "spike_train": [],
    "spiking_rate": 6.139548343625039e-74,
    "threshold": 30.0
}
