{
    "count_spike": 412,
    "creation_time": 3432,
    "potential": 15.633383767901044,
    "recent_spikes": [
        4,
        0,
        3,
        20,
        23
    ],
    "spike_train": [
        1481799158463552,
        1481799158546489,
        1481799158656445,
        1481799158803014,
        1481799158834183,
        1481799158852617,
        1481799158870730,
        1481799158905985,
        1481799158950609,
        1481799158966479,
        1481799158990032,
        1481799159028738,
        1481799159095382,
        1481799159156379,
        1481799159172241,
        1481799159193501,
        1481799159361512,
        1481799159382040,
        1481799159397766,
        1481799161222537,
        1481799161554866,
        1481799161578919,
        1481799161612919,
        1481799161670638,
        1481799161701041,
        1481799161720771,
        1481799161742965,
        1481799161770134,
        1481799161807323,
        1481799161821488,
        1481799161842195,
        1481799161880476,
        1481799161909451,
        1481799161945664,
        1481799161965376,
        1481799161983785,
        1481799162000548,
        1481799162016329,
        1481799162052479,
        1481799162091483,
        1481799162164424,
        1481799162211306,
        1481799162299286,
        1481799162726600,
        1481799162759138,
        1481799162817021,
        1481799162840503,
        1481799162855411,
        1481799162871893,
        1481799162888863,
        1481799162900786,
        1481799162911223,
        1481799162924142,
        1481799163028319,
        1481799163043275,
        1481799163055482,
        1481799163071058,
        1481799163116919,
        1481799163145753,
        1481799163216482,
        1481799163246557,
        1481799163282924,
        1481799163325629,
        1481799163994059,
        1481799164026028,
        1481799164125330,
        1481799166271473,
        1481799166319248,
        1481799166346041,
        1481799166379143,
        1481799166413688,
        1481799166475601,
        1481799166493148,
        1481799166514759,
        1481799166667587,
        1481799166692817,
        1481799166808106,
        1481799166823234,
        1481799166841522,
        1481799166915763,
        1481799166947504,
        1481799166999556,
        1481799167040551,
        1481799167060155
    ],
    "spiking_rate": 12.380129285118361,
    "threshold": 30.0
}
