{
    "count_spike": 532,
    "creation_time": 3432,
    "potential": 1.3234644511782356,
    "recent_spikes": [
        0,
        0,
        0,
        0,
        0
    ],
    "spike_train": [],
    "spiking_rate": 3.250176000000084e-05,
    "threshold": 30.0
}
