{
    "count_spike": 69,
    "creation_time": 3432,
    "potential": -0.28350186450730924,
    "recent_spikes": [
        0,
        0,
        0,
        0,
        0
    ],
    "spike_train": [],
    "spiking_rate": 7.999897599999999e-05,
    "threshold": 30.0
}
