{
    "count_spike": 67,
    "creation_time": 3432,
    "potential": -41.04075326405467,
    "recent_spikes": [
        1,
        0,
        0,
        0,
        0
    ],
    "spike_train": [
        1481799161049619,
        1481799161218250,
        1481799161294109,
        1481799166208512
    ],
    "spiking_rate": 0.349952,
    "threshold": 30.0
}
