{
    "count_spike": 6,
    "creation_time": 3432,
    "potential": 12.302429211443185,
    "recent_spikes": [
        0,
        0,
        0,
        0,
        0
    ],
    "spike_train": [],
    "spiking_rate": 7.019815211555626e-79,
    "threshold": 30.0
}
