{
    "count_spike": 582,
    "creation_time": 3432,
    "potential": 2.282047039782191,
    "recent_spikes": [
        0,
        0,
        0,
        5,
        26
    ],
    "spike_train": [
        1481799158936555,
        1481799159075391,
        1481799160647953,
        1481799160833496,
        1481799161449594,
        1481799161463756,
        1481799161477573,
        1481799161491303,
        1481799161517133,
        1481799161549078,
        1481799161584457,
        1481799161622479,
        1481799161659170,
        1481799161675681,
        1481799161709976,
        1481799161730958,
        1481799161765468,
        1481799161787492,
        1481799161810508,
        1481799161834118,
        1481799161855801,
        1481799161885397,
        1481799161918356,
        1481799161950006,
        1481799161971977,
        1481799161993560,
        1481799162007552,
        1481799162017965,
        1481799162038009,
        1481799162125444,
        1481799162939392,
        1481799163025146,
        1481799163053157,
        1481799163085542,
        1481799163109741,
        1481799166435539,
        1481799166962581,
        1481799167013159
    ],
    "spiking_rate": 7.849886720204734,
    "threshold": 30.0
}
