{
    "count_spike": 158,
    "creation_time": 3432,
    "potential": 2.2476051144353772,
    "recent_spikes": [
        0,
        0,
        0,
        0,
        0
    ],
    "spike_train": [],
    "spiking_rate": 0.0011999993855999998,
    "threshold": 30.0
}
