{
    "count_spike": 382,
    "creation_time": 3432,
    "potential": 17.228879982305212,
    "recent_spikes": [
        0,
        0,
        1,
        0,
        0
    ],
    "spike_train": [
        1481799159487326,
        1481799163930467
    ],
    "spiking_rate": 0.25802878996473444,
    "threshold": 30.0
}
