{
    "count_spike": 466,
    "creation_time": 3432,
    "potential": 2.897284810436232e-14,
    "recent_spikes": [
        0,
        0,
        0,
        0,
        0
    ],
    "spike_train": [],
    "spiking_rate": 1.9347463285811624e-32,
    "threshold": 30.0
}
