{
    "count_spike": 34,
    "creation_time": 3432,
    "potential": 6.318389511779003,
    "recent_spikes": [
        0,
        0,
        0,
        0,
        0
    ],
    "spike_train": [],
    "spiking_rate": 1.3417486461108304e-20,
    "threshold": 30.0
}
