{
    "count_spike": 188,
    "creation_time": 3432,
    "potential": 20.873278938430023,
    "recent_spikes": [
        1,
        0,
        2,
        8,
        3
    ],
    "spike_train": [
        1481799161701743,
        1481799161756973,
        1481799161860674,
        1481799162414605,
        1481799162546902,
        1481799162572361,
        1481799162620407,
        1481799162748576,
        1481799162842250,
        1481799162942624,
        1481799162985113,
        1481799163632691,
        1481799163951339,
        1481799166162230,
        1481799166499725,
        1481799166589021,
        1481799166686041,
        1481799166750502
    ],
    "spiking_rate": 3.4425600000409466,
    "threshold": 30.0
}
