{
    "count_spike": 20,
    "creation_time": 3432,
    "potential": 1.1755534069078366,
    "recent_spikes": [
        0,
        0,
        0,
        0,
        0
    ],
    "spike_train": [],
    "spiking_rate": 4.9462190282480026e-27,
    "threshold": 30.0
}
