{
    "count_spike": 13,
    "creation_time": 3432,
    "potential": 0.7560017742287132,
    "recent_spikes": [
        0,
        0,
        0,
        0,
        0
    ],
    "spike_train": [],
    "spiking_rate": 1.2795904000171074e-07,
    "threshold": 30.0
}
