{
    "count_spike": 156,
    "creation_time": 3432,
    "potential": 11.659605821459493,
    "recent_spikes": [
        0,
        0,
        0,
        0,
        0
    ],
    "spike_train": [],
    "spiking_rate": 0.00015999897567232,
    "threshold": 30.0
}
