{
    "count_spike": 34,
    "creation_time": 3432,
    "potential": 0.06825667077883299,
    "recent_spikes": [
        0,
        0,
        0,
        0,
        0
    ],
    "spike_train": [],
    "spiking_rate": 8.243698386131078e-28,
    "threshold": 30.0
}
