{
    "count_spike": 129,
    "creation_time": 3432,
    "potential": 1.238491579775084,
    "recent_spikes": [
        0,
        0,
        0,
        0,
        0
    ],
    "spike_train": [],
    "spiking_rate": 1.02367232e-09,
    "threshold": 30.0
}
