{
    "count_spike": 14,
    "creation_time": 3432,
    "potential": 0.22551905284859167,
    "recent_spikes": [
        0,
        0,
        0,
        0,
        0
    ],
    "spike_train": [],
    "spiking_rate": 7.13623773279282e-107,
    "threshold": 30.0
}
