{
    "count_spike": 1,
    "creation_time": 3432,
    "potential": 0.4933526316038901,
    "recent_spikes": [
        0,
        0,
        0,
        0,
        0
    ],
    "spike_train": [],
    "spiking_rate": 1.3345647000433846e-223,
    "threshold": 30.0
}
