{
    "count_spike": 130,
    "creation_time": 3432,
    "potential": 8.846075418002652,
    "recent_spikes": [
        0,
        0,
        3,
        1,
        2
    ],
    "spike_train": [
        1481799158885577,
        1481799161571722,
        1481799161921224,
        1481799163232905,
        1481799163809118,
        1481799164212409,
        1481799164276628
    ],
    "spiking_rate": 1.4954553550847343,
    "threshold": 30.0
}
