{
    "count_spike": 757,
    "creation_time": 3432,
    "potential": 4.525010718170525,
    "recent_spikes": [
        0,
        0,
        0,
        6,
        25
    ],
    "spike_train": [
        1481799158959991,
        1481799159100361,
        1481799160592911,
        1481799160703533,
        1481799160865234,
        1481799160913141,
        1481799160942580,
        1481799161083617,
        1481799161171545,
        1481799161233992,
        1481799161533625,
        1481799161548375,
        1481799161564681,
        1481799161587127,
        1481799161611182,
        1481799161634430,
        1481799161664381,
        1481799161702135,
        1481799161721710,
        1481799161761015,
        1481799161786712,
        1481799161819858,
        1481799161841922,
        1481799161862044,
        1481799161881473,
        1481799161899697,
        1481799161925756,
        1481799161972137,
        1481799162005412,
        1481799162031599,
        1481799162048927,
        1481799162064841,
        1481799162079837,
        1481799162092175,
        1481799162110404,
        1481799162975092,
        1481799163058027,
        1481799163088797,
        1481799163118869,
        1481799163142343,
        1481799163160614,
        1481799166405527,
        1481799166432223,
        1481799166466649,
        1481799166532211,
        1481799166552027,
        1481799166932161,
        1481799166947835,
        1481799167063283
    ],
    "spiking_rate": 8.14950270976,
    "threshold": 30.0
}
