{
    "count_spike": 93,
    "creation_time": 3432,
    "potential": 1.8274229077040025,
    "recent_spikes": [
        0,
        0,
        0,
        0,
        0
    ],
    "spike_train": [],
    "spiking_rate": 1.1802138314374548e-51,
    "threshold": 30.0
}
