{
    "count_spike": 71,
    "creation_time": 3432,
    "potential": 0.10041873038416263,
    "recent_spikes": [
        0,
        0,
        0,
        0,
        0
    ],
    "spike_train": [],
    "spiking_rate": 3.1691261760520203e-71,
    "threshold": 30.0
}
