{
    "count_spike": 45,
    "creation_time": 3432,
    "potential": 2.217969169785494,
    "recent_spikes": [
        0,
        0,
        1,
        0,
        0
    ],
    "spike_train": [
        1481799158886039,
        1481799158900689,
        1481799164191422
    ],
    "spiking_rate": 0.252078718976,
    "threshold": 30.0
}
