{
    "count_spike": 20,
    "creation_time": 3432,
    "potential": 0.8610545602791897,
    "recent_spikes": [
        0,
        0,
        0,
        0,
        0
    ],
    "spike_train": [],
    "spiking_rate": 0.00040010625712128006,
    "threshold": 30.0
}
