{
    "count_spike": 96,
    "creation_time": 3432,
    "potential": 3.0359596162134834,
    "recent_spikes": [
        1,
        0,
        0,
        0,
        0
    ],
    "spike_train": [
        1481799166248241,
        1481799166534925
    ],
    "spiking_rate": 0.20001599594461922,
    "threshold": 30.0
}
