{
    "count_spike": 197,
    "creation_time": 3432,
    "potential": 3.340960869361525,
    "recent_spikes": [
        0,
        0,
        0,
        0,
        0
    ],
    "spike_train": [
        1481799158960848,
        1481799160553009,
        1481799160957590
    ],
    "spiking_rate": 0.102047358976,
    "threshold": 30.0
}
