{
    "count_spike": 296,
    "creation_time": 3432,
    "potential": 2.5375730404621106,
    "recent_spikes": [
        2,
        0,
        0,
        12,
        14
    ],
    "spike_train": [
        1481799158673601,
        1481799158892505,
        1481799160286908,
        1481799160385466,
        1481799160443423,
        1481799161289598,
        1481799161338100,
        1481799161392005,
        1481799161427557,
        1481799161504087,
        1481799161525933,
        1481799161552232,
        1481799161576907,
        1481799161599027,
        1481799161620811,
        1481799161639485,
        1481799161658786,
        1481799161674961,
        1481799161694808,
        1481799161721860,
        1481799161743050,
        1481799161786855,
        1481799162397723,
        1481799162430571,
        1481799162456309,
        1481799162476294,
        1481799162495371,
        1481799162595004,
        1481799162629778,
        1481799162655674,
        1481799162681344,
        1481799162710767,
        1481799162753822,
        1481799162825961,
        1481799166327100,
        1481799166392483,
        1481799166437038,
        1481799166691685
    ],
    "spiking_rate": 7.1180083199999995,
    "threshold": 30.0
}
