{
    "count_spike": 2,
    "creation_time": 3432,
    "potential": 0.23033691376373536,
    "recent_spikes": [
        0,
        0,
        0,
        0,
        0
    ],
    "spike_train": [],
    "spiking_rate": 3.7402469294258106e-120,
    "threshold": 30.0
}
