{
    "count_spike": 32,
    "creation_time": 3432,
    "potential": 0.35860534783642967,
    "recent_spikes": [
        0,
        0,
        0,
        0,
        0
    ],
    "spike_train": [],
    "spiking_rate": 4.09468928e-11,
    "threshold": 30.0
}
