{
    "count_spike": 531,
    "creation_time": 3432,
    "potential": 3.2814675325666576,
    "recent_spikes": [
        0,
        3,
        19,
        27,
        2
    ],
    "spike_train": [
        1481799158879914,
        1481799158926264,
        1481799158964375,
        1481799159019554,
        1481799159491128,
        1481799162059309,
        1481799162093036,
        1481799162843596,
        1481799162878147,
        1481799162908560,
        1481799162935669,
        1481799162962135,
        1481799162976185,
        1481799162990159,
        1481799163003418,
        1481799163015611,
        1481799163028547,
        1481799163040400,
        1481799163058506,
        1481799163072388,
        1481799163085353,
        1481799163094868,
        1481799163104136,
        1481799163115516,
        1481799163135341,
        1481799163151364,
        1481799163167957,
        1481799163184407,
        1481799163205157,
        1481799163237398,
        1481799163259791,
        1481799163278975,
        1481799163298070,
        1481799163372261,
        1481799163396543,
        1481799163956830,
        1481799164020293,
        1481799164049074,
        1481799164075358,
        1481799164122158,
        1481799164146550,
        1481799164165123,
        1481799164182956,
        1481799164209621,
        1481799164225641,
        1481799164241347,
        1481799164257730,
        1481799164272100,
        1481799164290843,
        1481799164338030,
        1481799164359295,
        1481799164374017,
        1481799164389354,
        1481799164406042,
        1481799164424157,
        1481799164518508,
        1481799166475556
    ],
    "spiking_rate": 12.689082224844734,
    "threshold": 30.0
}
