{
    "count_spike": 79,
    "creation_time": 3432,
    "potential": 0.05014777842135067,
    "recent_spikes": [
        0,
        0,
        0,
        0,
        0
    ],
    "spike_train": [],
    "spiking_rate": 1.5841575696413573e-70,
    "threshold": 30.0
}
