{
    "count_spike": 14,
    "creation_time": 3432,
    "potential": 0.28519453873851863,
    "recent_spikes": [
        0,
        0,
        0,
        0,
        0
    ],
    "spike_train": [],
    "spiking_rate": 2.7478994657654767e-28,
    "threshold": 30.0
}
