{
    "count_spike": 1,
    "creation_time": 3432,
    "potential": 2.3537809333276143,
    "recent_spikes": [
        0,
        0,
        0,
        0,
        0
    ],
    "spike_train": [],
    "spiking_rate": 9.61655213730753e-263,
    "threshold": 30.0
}
