{
    "count_spike": 25,
    "creation_time": 3432,
    "potential": 7.237352869125439,
    "recent_spikes": [
        0,
        0,
        0,
        0,
        0
    ],
    "spike_train": [],
    "spiking_rate": 9.131696780928427e-112,
    "threshold": 30.0
}
