{
    "count_spike": 160,
    "creation_time": 3432,
    "potential": 0.405696242556719,
    "recent_spikes": [
        0,
        0,
        0,
        0,
        0
    ],
    "spike_train": [],
    "spiking_rate": 1.7586556545169938e-32,
    "threshold": 30.0
}
