{
    "count_spike": 200,
    "creation_time": 3432,
    "potential": 3.103105705275599,
    "recent_spikes": [
        0,
        0,
        0,
        0,
        0
    ],
    "spike_train": [],
    "spiking_rate": 1.3740376909901338e-28,
    "threshold": 30.0
}
