{
    "count_spike": 7,
    "creation_time": 3432,
    "potential": 0.3554530192318148,
    "recent_spikes": [
        0,
        0,
        0,
        0,
        0
    ],
    "spike_train": [],
    "spiking_rate": 1.2795904e-07,
    "threshold": 30.0
}
