{
    "count_spike": 201,
    "creation_time": 3432,
    "potential": 0.5236391246741855,
    "recent_spikes": [
        0,
        0,
        0,
        0,
        0
    ],
    "spike_train": [],
    "spiking_rate": 2.559410102600351e-08,
    "threshold": 30.0
}
