{
    "count_spike": 78,
    "creation_time": 3432,
    "potential": 0.7017398712543743,
    "recent_spikes": [
        0,
        0,
        0,
        0,
        0
    ],
    "spike_train": [],
    "spiking_rate": 1.3739497356965887e-28,
    "threshold": 30.0
}
