{
    "count_spike": 16,
    "creation_time": 3432,
    "potential": 4.588794872490859e-05,
    "recent_spikes": [
        0,
        0,
        0,
        0,
        0
    ],
    "spike_train": [],
    "spiking_rate": 1.5320051804955775e-128,
    "threshold": 30.0
}
