{
    "count_spike": 358,
    "creation_time": 3432,
    "potential": 0.03553848369062383,
    "recent_spikes": [
        0,
        0,
        0,
        0,
        0
    ],
    "spike_train": [],
    "spiking_rate": 1.4406907180580116e-42,
    "threshold": 30.0
}
