{
    "count_spike": 655,
    "creation_time": 3432,
    "potential": 18.121041380899253,
    "recent_spikes": [
        0,
        0,
        0,
        15,
        39
    ],
    "spike_train": [
        1481799158895248,
        1481799158924417,
        1481799158946299,
        1481799158965058,
        1481799159006575,
        1481799159070635,
        1481799159082505,
        1481799159107833,
        1481799159470923,
        1481799160598505,
        1481799160638311,
        1481799160677913,
        1481799160695261,
        1481799160739327,
        1481799160939851,
        1481799160972854,
        1481799161341649,
        1481799161356424,
        1481799161382983,
        1481799161445983,
        1481799161464038,
        1481799161477784,
        1481799161496939,
        1481799161520316,
        1481799161547579,
        1481799161567345,
        1481799161587856,
        1481799161599861,
        1481799161609976,
        1481799161624338,
        1481799161634907,
        1481799161646863,
        1481799161659338,
        1481799161674421,
        1481799161697508,
        1481799161726007,
        1481799161739885,
        1481799161751797,
        1481799161766360,
        1481799161782885,
        1481799161801889,
        1481799161818967,
        1481799161840703,
        1481799161864111,
        1481799161880268,
        1481799161894292,
        1481799161906980,
        1481799161918528,
        1481799161933597,
        1481799161951666,
        1481799161965822,
        1481799161979872,
        1481799161989760,
        1481799161999530,
        1481799162011902,
        1481799162027621,
        1481799162056225,
        1481799162082174,
        1481799162683885,
        1481799162711473,
        1481799162729717,
        1481799162745473,
        1481799162758780,
        1481799162775103,
        1481799162865678,
        1481799162886443,
        1481799162906754,
        1481799162934081,
        1481799162957211,
        1481799162975955,
        1481799162997043,
        1481799163059675,
        1481799163094443,
        1481799166410698,
        1481799166537389,
        1481799166583959,
        1481799166643777,
        1481799166664969,
        1481799166688361,
        1481799166707489,
        1481799166725964,
        1481799166748228,
        1481799166815958,
        1481799166833742,
        1481799166849659,
        1481799166875636,
        1481799166973297
    ],
    "spiking_rate": 14.016871678361468,
    "threshold": 30.0
}
