{
    "count_spike": 5,
    "creation_time": 3432,
    "potential": 0.24160442935250254,
    "recent_spikes": [
        0,
        0,
        0,
        0,
        0
    ],
    "spike_train": [],
    "spiking_rate": 6.552760736546817e-14,
    "threshold": 30.0
}
