{
    "count_spike": 20,
    "creation_time": 3432,
    "potential": 0.27189671837686064,
    "recent_spikes": [
        0,
        0,
        0,
        0,
        0
    ],
    "spike_train": [],
    "spiking_rate": 0.000800127754174464,
    "threshold": 30.0
}
