{
    "count_spike": 3,
    "creation_time": 3432,
    "potential": 0.8393183015108481,
    "recent_spikes": [
        0,
        0,
        0,
        0,
        0
    ],
    "spike_train": [],
    "spiking_rate": 1.279590400000335e-07,
    "threshold": 30.0
}
