{
    "count_spike": 9,
    "creation_time": 3432,
    "potential": 0.6275007429614599,
    "recent_spikes": [
        0,
        0,
        0,
        0,
        0
    ],
    "spike_train": [],
    "spiking_rate": 2.74789946579249e-28,
    "threshold": 30.0
}
