{
    "count_spike": 168,
    "creation_time": 3432,
    "potential": 12.455507673952118,
    "recent_spikes": [
        1,
        0,
        1,
        0,
        0
    ],
    "spike_train": [
        1481799163990026,
        1481799166182003
    ],
    "spiking_rate": 0.4480159959446192,
    "threshold": 30.0
}
