{
    "count_spike": 52,
    "creation_time": 3432,
    "potential": 0.020471749874812657,
    "recent_spikes": [
        0,
        0,
        0,
        2,
        0
    ],
    "spike_train": [
        1481799162790336,
        1481799162844477
    ],
    "spiking_rate": 0.49920000102367235,
    "threshold": 30.0
}
