{
    "count_spike": 11,
    "creation_time": 3432,
    "potential": 0.4093265405552525,
    "recent_spikes": [
        0,
        0,
        0,
        0,
        0
    ],
    "spike_train": [],
    "spiking_rate": 3.0938597588544734e-64,
    "threshold": 30.0
}
