{
    "count_spike": 831,
    "creation_time": 3432,
    "potential": 2.9426655327940936,
    "recent_spikes": [
        0,
        0,
        0,
        0,
        0
    ],
    "spike_train": [],
    "spiking_rate": 0.0003999998361468927,
    "threshold": 30.0
}
