{
    "count_spike": 4,
    "creation_time": 3432,
    "potential": 0.15883473732532985,
    "recent_spikes": [
        0,
        0,
        0,
        0,
        0
    ],
    "spike_train": [],
    "spiking_rate": 6.758207191249208e-79,
    "threshold": 30.0
}
