{
    "count_spike": 45,
    "creation_time": 3432,
    "potential": 0.17103180031672333,
    "recent_spikes": [
        0,
        0,
        0,
        0,
        0
    ],
    "spike_train": [],
    "spiking_rate": 3.686403930902212e-06,
    "threshold": 30.0
}
