{
    "count_spike": 58,
    "creation_time": 3432,
    "potential": 5.4069259719883185,
    "recent_spikes": [
        0,
        0,
        0,
        0,
        0
    ],
    "spike_train": [],
    "spiking_rate": 1.9654508544e-12,
    "threshold": 30.0
}
