{
    "count_spike": 59,
    "creation_time": 3432,
    "potential": 2.122478595598611,
    "recent_spikes": [
        0,
        0,
        0,
        0,
        0
    ],
    "spike_train": [],
    "spiking_rate": 9.599901530849446e-05,
    "threshold": 30.0
}
