{
    "count_spike": 189,
    "creation_time": 3432,
    "potential": 1.181511037419605,
    "recent_spikes": [
        0,
        0,
        0,
        0,
        0
    ],
    "spike_train": [],
    "spiking_rate": 5.7627629076380105e-43,
    "threshold": 30.0
}
