{
    "count_spike": 144,
    "creation_time": 3432,
    "potential": 0.5707716018980726,
    "recent_spikes": [
        0,
        0,
        0,
        0,
        0
    ],
    "spike_train": [],
    "spiking_rate": 1.758655654776318e-32,
    "threshold": 30.0
}
