{
    "count_spike": 124,
    "creation_time": 3432,
    "potential": 0.3834387522114281,
    "recent_spikes": [
        0,
        0,
        0,
        0,
        0
    ],
    "spike_train": [],
    "spiking_rate": 1.426790973444303e-106,
    "threshold": 30.0
}
