{
    "count_spike": 80,
    "creation_time": 3432,
    "potential": 0.04835378067751522,
    "recent_spikes": [
        0,
        0,
        0,
        0,
        0
    ],
    "spike_train": [],
    "spiking_rate": 1.5113886835363858e-27,
    "threshold": 30.0
}
