{
    "count_spike": 625,
    "creation_time": 3432,
    "potential": 27.793685196770593,
    "recent_spikes": [
        3,
        1,
        2,
        19,
        0
    ],
    "spike_train": [
        1481799158560545,
        1481799158814588,
        1481799158925661,
        1481799158953057,
        1481799158971934,
        1481799159014489,
        1481799159035876,
        1481799159046507,
        1481799159118356,
        1481799159190668,
        1481799159225259,
        1481799159446751,
        1481799159470114,
        1481799159884403,
        1481799160184555,
        1481799162794432,
        1481799162850614,
        1481799162881427,
        1481799162909836,
        1481799162926971,
        1481799162941559,
        1481799162956522,
        1481799162974310,
        1481799162984352,
        1481799162999855,
        1481799163087195,
        1481799163104135,
        1481799163115831,
        1481799163126720,
        1481799163145501,
        1481799163167182,
        1481799163191431,
        1481799163267249,
        1481799163294524,
        1481799164109588,
        1481799164132713,
        1481799164425643,
        1481799166300824,
        1481799166367163,
        1481799166386674,
        1481799166401810,
        1481799166430838,
        1481799166574741,
        1481799166598212,
        1481799166629031,
        1481799166801925,
        1481799166821913,
        1481799166843922,
        1481799166865408,
        1481799166877945,
        1481799166890425,
        1481799166911940,
        1481799166926888,
        1481799166938198,
        1481799166952313,
        1481799166993993,
        1481799167065503,
        1481799167169958
    ],
    "spiking_rate": 6.1404776900607345,
    "threshold": 30.0
}
