{
    "count_spike": 13,
    "creation_time": 3432,
    "potential": 0.44121439798705697,
    "recent_spikes": [
        0,
        0,
        0,
        0,
        0
    ],
    "spike_train": [],
    "spiking_rate": 2.74789946013778e-28,
    "threshold": 30.0
}
