{
    "count_spike": 721,
    "creation_time": 3432,
    "potential": 9.276036437581617,
    "recent_spikes": [
        0,
        0,
        0,
        0,
        15
    ],
    "spike_train": [
        1481799161272433,
        1481799161390923,
        1481799161433239,
        1481799161467029,
        1481799161493499,
        1481799161522062,
        1481799161545268,
        1481799161563754,
        1481799161585301,
        1481799161739258,
        1481799161787996,
        1481799161828632,
        1481799161851174,
        1481799161872467,
        1481799161905216,
        1481799161939206,
        1481799162002231
    ],
    "spiking_rate": 3.8487679999999997,
    "threshold": 30.0
}
