{
    "count_spike": 99,
    "creation_time": 3432,
    "potential": 0.011090305296134194,
    "recent_spikes": [
        0,
        0,
        0,
        0,
        0
    ],
    "spike_train": [],
    "spiking_rate": 2.079709064069119e-19,
    "threshold": 30.0
}
