{
    "count_spike": 6,
    "creation_time": 3432,
    "potential": 0.8553323464018412,
    "recent_spikes": [
        0,
        0,
        0,
        0,
        0
    ],
    "spike_train": [],
    "spiking_rate": 1.1748115605326472e-116,
    "threshold": 30.0
}
