{
    "count_spike": 362,
    "creation_time": 3432,
    "potential": 20.64587411216205,
    "recent_spikes": [
        0,
        0,
        0,
        0,
        0
    ],
    "spike_train": [
        1481799158866935,
        1481799160894579
    ],
    "spiking_rate": 0.05198336,
    "threshold": 30.0
}
