{
    "count_spike": 115,
    "creation_time": 3432,
    "potential": 4.875336676681771,
    "recent_spikes": [
        0,
        0,
        0,
        0,
        0
    ],
    "spike_train": [],
    "spiking_rate": 2.8859916936031757e-43,
    "threshold": 30.0
}
