{
    "count_spike": 514,
    "creation_time": 3432,
    "potential": 7.9976230536278,
    "recent_spikes": [
        0,
        0,
        1,
        0,
        1
    ],
    "spike_train": [
        1481799159200864,
        1481799160785779,
        1481799160825147,
        1481799160884205,
        1481799161504446,
        1481799164392082
    ],
    "spiking_rate": 0.64987136,
    "threshold": 30.0
}
