{
    "count_spike": 33,
    "creation_time": 3432,
    "potential": 3.0551887919174185,
    "recent_spikes": [
        0,
        0,
        0,
        0,
        0
    ],
    "spike_train": [],
    "spiking_rate": 0.0007999995904,
    "threshold": 30.0
}
