{
    "count_spike": 21,
    "creation_time": 3432,
    "potential": 1.5653859706999014,
    "recent_spikes": [
        0,
        0,
        0,
        0,
        0
    ],
    "spike_train": [],
    "spiking_rate": 1.0063108374528e-19,
    "threshold": 30.0
}
