{
    "count_spike": 152,
    "creation_time": 3432,
    "potential": 0.2490056727979025,
    "recent_spikes": [
        0,
        0,
        0,
        0,
        0
    ],
    "spike_train": [],
    "spiking_rate": 1.0236723200018112e-07,
    "threshold": 30.0
}
