{
    "count_spike": 71,
    "creation_time": 3432,
    "potential": 5.472469932934012,
    "recent_spikes": [
        1,
        0,
        0,
        1,
        0
    ],
    "spike_train": [
        1481799162443850,
        1481799166303442
    ],
    "spiking_rate": 0.44960000000000006,
    "threshold": 30.0
}
