{
    "count_spike": 86,
    "creation_time": 3432,
    "potential": 1.3005491632842676,
    "recent_spikes": [
        0,
        0,
        0,
        0,
        0
    ],
    "spike_train": [],
    "spiking_rate": 1.844084111560597e-47,
    "threshold": 30.0
}
