{
    "count_spike": 160,
    "creation_time": 3432,
    "potential": 0.5920145967731141,
    "recent_spikes": [
        0,
        0,
        5,
        13,
        0
    ],
    "spike_train": [
        1481799162746420,
        1481799162792892,
        1481799162826616,
        1481799162836715,
        1481799162895363,
        1481799162928829,
        1481799162955821,
        1481799162975839,
        1481799163021153,
        1481799163045361,
        1481799163088112,
        1481799163161101,
        1481799163200161,
        1481799163906129,
        1481799163999362,
        1481799164023377,
        1481799164047832,
        1481799164299927,
        1481799166719905,
        1481799166781614,
        1481799166810053,
        1481799166839981,
        1481799166910159,
        1481799166946342
    ],
    "spiking_rate": 4.484815995084735,
    "threshold": 30.0
}
