{
    "count_spike": 48,
    "creation_time": 3432,
    "potential": 1.9478161195864554,
    "recent_spikes": [
        0,
        0,
        0,
        0,
        0
    ],
    "spike_train": [],
    "spiking_rate": 2.0762541294160388e-75,
    "threshold": 30.0
}
