{
    "count_spike": 44,
    "creation_time": 3432,
    "potential": 0.1543608873048205,
    "recent_spikes": [
        0,
        0,
        0,
        0,
        0
    ],
    "spike_train": [],
    "spiking_rate": 1.333323238883358e-121,
    "threshold": 30.0
}
