{
    "count_spike": 283,
    "creation_time": 3432,
    "potential": 7.170522282596006,
    "recent_spikes": [
        0,
        0,
        0,
        0,
        0
    ],
    "spike_train": [
        1481799159539180
    ],
    "spiking_rate": 0.009996800000000004,
    "threshold": 30.0
}
