{
    "count_spike": 255,
    "creation_time": 3432,
    "potential": 11.377259446707646,
    "recent_spikes": [
        0,
        0,
        0,
        1,
        2
    ],
    "spike_train": [
        1481799158679495,
        1481799158975143,
        1481799158989460,
        1481799161739302,
        1481799161791682,
        1481799162509445
    ],
    "spiking_rate": 0.7554476033228407,
    "threshold": 30.0
}
