{
    "count_spike": 124,
    "creation_time": 3432,
    "potential": 0.510309932447329,
    "recent_spikes": [
        0,
        0,
        0,
        0,
        0
    ],
    "spike_train": [],
    "spiking_rate": 2.750537499896809e-29,
    "threshold": 30.0
}
