{
    "count_spike": 23,
    "creation_time": 3432,
    "potential": 0.6323358126752954,
    "recent_spikes": [
        0,
        0,
        0,
        0,
        0
    ],
    "spike_train": [],
    "spiking_rate": 2.881381424313493e-43,
    "threshold": 30.0
}
