{
    "count_spike": 24,
    "creation_time": 3432,
    "potential": 0.2921535899011069,
    "recent_spikes": [
        0,
        0,
        0,
        0,
        0
    ],
    "spike_train": [],
    "spiking_rate": 4.09468928e-11,
    "threshold": 30.0
}
