{
    "count_spike": 345,
    "creation_time": 3432,
    "potential": 3.797977805921932,
    "recent_spikes": [
        1,
        0,
        0,
        15,
        0
    ],
    "spike_train": [
        1481799158513584,
        1481799158956735,
        1481799158984806,
        1481799159009521,
        1481799159048963,
        1481799159070516,
        1481799159117379,
        1481799159142918,
        1481799159217951,
        1481799159873891,
        1481799159946179,
        1481799160025908,
        1481799162932478,
        1481799162965149,
        1481799162981779,
        1481799162997167,
        1481799163012035,
        1481799163024464,
        1481799163035266,
        1481799163133108,
        1481799163151926,
        1481799163164740,
        1481799163180220,
        1481799163208053,
        1481799163230667,
        1481799163286883,
        1481799163309923,
        1481799166382083,
        1481799166410957,
        1481799166430033,
        1481799166444229,
        1481799166461591,
        1481799166498141,
        1481799166562022,
        1481799166586257,
        1481799166604265,
        1481799166615339,
        1481799166628884,
        1481799166845939,
        1481799166864327,
        1481799166878822,
        1481799166895863,
        1481799166916125,
        1481799166930915,
        1481799166946056,
        1481799166959868,
        1481799166972061,
        1481799167091820,
        1481799167120039,
        1481799167166469,
        1481799167195833
    ],
    "spiking_rate": 3.9920043214847345,
    "threshold": 30.0
}
