{
    "count_spike": 51,
    "creation_time": 3432,
    "potential": 1.0354755348152533,
    "recent_spikes": [
        0,
        0,
        0,
        0,
        0
    ],
    "spike_train": [],
    "spiking_rate": 6.708738916352002e-21,
    "threshold": 30.0
}
