{
    "count_spike": 164,
    "creation_time": 3432,
    "potential": 6.965574044700788,
    "recent_spikes": [
        0,
        0,
        4,
        6,
        2
    ],
    "spike_train": [
        1481799161609275,
        1481799161833298,
        1481799162897030,
        1481799162924846,
        1481799162939830,
        1481799162961077,
        1481799162972699,
        1481799163017947,
        1481799163859731,
        1481799163911061,
        1481799164242797,
        1481799164312087
    ],
    "spiking_rate": 2.9895199991807346,
    "threshold": 30.0
}
