{
    "count_spike": 6,
    "creation_time": 3432,
    "potential": 0.09074050875333417,
    "recent_spikes": [
        0,
        0,
        0,
        0,
        0
    ],
    "spike_train": [],
    "spiking_rate": 2.5873266704848456e-161,
    "threshold": 30.0
}
