{
    "count_spike": 147,
    "creation_time": 3432,
    "potential": 1.5227990310923731,
    "recent_spikes": [
        0,
        0,
        0,
        0,
        0
    ],
    "spike_train": [],
    "spiking_rate": 0.0007999995904,
    "threshold": 30.0
}
