{
    "count_spike": 7,
    "creation_time": 3432,
    "potential": 0.31447201586836415,
    "recent_spikes": [
        0,
        0,
        0,
        0,
        0
    ],
    "spike_train": [],
    "spiking_rate": 2.5591808e-07,
    "threshold": 30.0
}
