{
    "count_spike": 568,
    "creation_time": 3432,
    "potential": 3.005902010237583,
    "recent_spikes": [
        0,
        0,
        0,
        1,
        11
    ],
    "spike_train": [
        1481799161036084,
        1481799161084282,
        1481799161138734,
        1481799161175004,
        1481799161249527,
        1481799161277659,
        1481799161302825,
        1481799161326859,
        1481799161346766,
        1481799161380917,
        1481799161456809,
        1481799161481051,
        1481799161507892,
        1481799161529499,
        1481799161578277,
        1481799161601001,
        1481799161626457,
        1481799161648588,
        1481799161671726,
        1481799161704205,
        1481799161743011,
        1481799162685931,
        1481799166544133
    ],
    "spiking_rate": 3.4985600001637875,
    "threshold": 30.0
}
