{
    "count_spike": 7,
    "creation_time": 3432,
    "potential": 12.190661311973617,
    "recent_spikes": [
        0,
        0,
        0,
        0,
        0
    ],
    "spike_train": [],
    "spiking_rate": 1.1781777827691301e-116,
    "threshold": 30.0
}
