{
    "count_spike": 2,
    "creation_time": 3432,
    "potential": 0.3063178517752766,
    "recent_spikes": [
        0,
        0,
        0,
        0,
        0
    ],
    "spike_train": [],
    "spiking_rate": 1.6610033035328309e-84,
    "threshold": 30.0
}
