{
    "count_spike": 179,
    "creation_time": 3432,
    "potential": 1.9256008016343558,
    "recent_spikes": [
        0,
        1,
        0,
        0,
        1
    ],
    "spike_train": [
        1481799161772368,
        1481799164478599
    ],
    "spiking_rate": 0.48993599508473445,
    "threshold": 30.0
}
