{
    "count_spike": 67,
    "creation_time": 3432,
    "potential": 1.4505361844590359,
    "recent_spikes": [
        0,
        0,
        0,
        0,
        0
    ],
    "spike_train": [
        1481799160876806,
        1481799160967855,
        1481799161128306
    ],
    "spiking_rate": 0.149952,
    "threshold": 30.0
}
