{
    "count_spike": 186,
    "creation_time": 3432,
    "potential": 2.0051863349430827,
    "recent_spikes": [
        0,
        0,
        0,
        0,
        0
    ],
    "spike_train": [
        1481799159453324,
        1481799159475989
    ],
    "spiking_rate": 0.0199936,
    "threshold": 30.0
}
