{
    "count_spike": 107,
    "creation_time": 3432,
    "potential": 8.510936773224392,
    "recent_spikes": [
        0,
        0,
        0,
        0,
        0
    ],
    "spike_train": [],
    "spiking_rate": 1.599508473446568e-05,
    "threshold": 30.0
}
