{
    "count_spike": 214,
    "creation_time": 3432,
    "potential": 5.907337053134505,
    "recent_spikes": [
        6,
        0,
        0,
        9,
        14
    ],
    "spike_train": [
        1481799161116063,
        1481799161168109,
        1481799161191847,
        1481799161223183,
        1481799161246698,
        1481799161272448,
        1481799161291489,
        1481799161321561,
        1481799161353354,
        1481799161378962,
        1481799161411631,
        1481799161434523,
        1481799161459767,
        1481799161481800,
        1481799161506719,
        1481799161534281,
        1481799161561699,
        1481799161583045,
        1481799161606774,
        1481799161724858,
        1481799162247227,
        1481799162297312,
        1481799162341699,
        1481799162367344,
        1481799162395601,
        1481799162432566,
        1481799162458183,
        1481799162484130,
        1481799162559291,
        1481799162584087,
        1481799162615497,
        1481799162647427,
        1481799162717831,
        1481799165882013,
        1481799165918475,
        1481799166226795,
        1481799166276017,
        1481799166348717,
        1481799166389170
    ],
    "spiking_rate": 7.445120000040947,
    "threshold": 30.0
}
