{
    "count_spike": 88,
    "creation_time": 3432,
    "potential": 0.15762491244749283,
    "recent_spikes": [
        0,
        0,
        0,
        0,
        0
    ],
    "spike_train": [
        1481799160903912
    ],
    "spiking_rate": 0.04999999492192962,
    "threshold": 30.0
}
