{
    "count_spike": 636,
    "creation_time": 3432,
    "potential": 5.006834192371271,
    "recent_spikes": [
        1,
        0,
        0,
        3,
        26
    ],
    "spike_train": [
        1481799159071399,
        1481799159110069,
        1481799159241793,
        1481799161090263,
        1481799161669714,
        1481799161689757,
        1481799161712656,
        1481799161731985,
        1481799161757351,
        1481799161786924,
        1481799161806818,
        1481799161831469,
        1481799161861378,
        1481799161878688,
        1481799161910825,
        1481799161933680,
        1481799161948760,
        1481799161961220,
        1481799161976514,
        1481799161995094,
        1481799162021460,
        1481799162037447,
        1481799162081793,
        1481799162103414,
        1481799162119552,
        1481799162137378,
        1481799162155968,
        1481799162169575,
        1481799162181876,
        1481799162196597,
        1481799163142640,
        1481799163162618,
        1481799163186268,
        1481799166370513,
        1481799166415617,
        1481799166518284,
        1481799166536858,
        1481799166562585,
        1481799166580528,
        1481799166594671,
        1481799166610354,
        1481799166728960,
        1481799166825181,
        1481799166946300,
        1481799167035295,
        1481799167072762,
        1481799167096790
    ],
    "spiking_rate": 7.50275006464,
    "threshold": 30.0
}
