{
    "count_spike": 110,
    "creation_time": 3432,
    "potential": 1.599047266869865,
    "recent_spikes": [
        0,
        0,
        0,
        0,
        0
    ],
    "spike_train": [],
    "spiking_rate": 8.793841043691481e-33,
    "threshold": 30.0
}
