{
    "count_spike": 138,
    "creation_time": 3432,
    "potential": 0.24686991917666354,
    "recent_spikes": [
        1,
        0,
        0,
        0,
        0
    ],
    "spike_train": [
        1481799160902065,
        1481799165672698
    ],
    "spiking_rate": 0.24998399999999998,
    "threshold": 30.0
}
