{
    "count_spike": 39,
    "creation_time": 3432,
    "potential": 0.5740237473312004,
    "recent_spikes": [
        0,
        0,
        0,
        0,
        0
    ],
    "spike_train": [],
    "spiking_rate": 3.1731829819720734e-71,
    "threshold": 30.0
}
