{
    "count_spike": 411,
    "creation_time": 3432,
    "potential": 3.8331403417404255,
    "recent_spikes": [
        0,
        0,
        0,
        0,
        0
    ],
    "spike_train": [],
    "spiking_rate": 0.00015999815673446398,
    "threshold": 30.0
}
