{
    "count_spike": 18,
    "creation_time": 3432,
    "potential": 0.5004131627310834,
    "recent_spikes": [
        0,
        0,
        0,
        0,
        0
    ],
    "spike_train": [],
    "spiking_rate": 1.812808445028528e-55,
    "threshold": 30.0
}
