{
    "count_spike": 666,
    "creation_time": 3432,
    "potential": 8.270305798267831,
    "recent_spikes": [
        0,
        1,
        0,
        12,
        42
    ],
    "spike_train": [
        1481799159014614,
        1481799161515618,
        1481799161680872,
        1481799161700898,
        1481799161752676,
        1481799161769172,
        1481799161781028,
        1481799161797066,
        1481799161808640,
        1481799161825028,
        1481799161840933,
        1481799161849850,
        1481799161863897,
        1481799161883593,
        1481799161913391,
        1481799161938284,
        1481799161953233,
        1481799161968423,
        1481799161983125,
        1481799161992941,
        1481799162001203,
        1481799162009201,
        1481799162020363,
        1481799162036899,
        1481799162053175,
        1481799162072320,
        1481799162092250,
        1481799162107659,
        1481799162122568,
        1481799162135207,
        1481799162148157,
        1481799162168731,
        1481799162183000,
        1481799162196453,
        1481799162208342,
        1481799162219627,
        1481799162230673,
        1481799162240940,
        1481799162251425,
        1481799162264421,
        1481799162312808,
        1481799162345443,
        1481799162359465,
        1481799162945003,
        1481799162975519,
        1481799163041428,
        1481799163069564,
        1481799163099136,
        1481799163150626,
        1481799163171688,
        1481799163195593,
        1481799163215227,
        1481799163229471,
        1481799163275830,
        1481799163347408,
        1481799164458000,
        1481799166553637,
        1481799166580748,
        1481799166594368,
        1481799166609036,
        1481799166640356,
        1481799166655704,
        1481799166667816,
        1481799166741670,
        1481799166828278,
        1481799166868121,
        1481799166921685,
        1481799166965365,
        1481799167014750,
        1481799167086190,
        1481799167097893,
        1481799167113965,
        1481799167129976
    ],
    "spiking_rate": 13.733839360409467,
    "threshold": 30.0
}
