{
    "count_spike": 1,
    "creation_time": 3432,
    "potential": 11.147829714757876,
    "recent_spikes": [
        0,
        0,
        0,
        0,
        0
    ],
    "spike_train": [],
    "spiking_rate": 4.478056047720614e-241,
    "threshold": 30.0
}
