{
    "count_spike": 90,
    "creation_time": 3432,
    "potential": 2.795967182621507,
    "recent_spikes": [
        0,
        0,
        0,
        0,
        0
    ],
    "spike_train": [],
    "spiking_rate": 3.0213474083810383e-57,
    "threshold": 30.0
}
