{
    "count_spike": 130,
    "creation_time": 3432,
    "potential": 2.8631026940500224,
    "recent_spikes": [
        0,
        0,
        0,
        0,
        0
    ],
    "spike_train": [],
    "spiking_rate": 3.37661885666525e-36,
    "threshold": 30.0
}
