{
    "count_spike": 146,
    "creation_time": 3432,
    "potential": 1.7355111466876356,
    "recent_spikes": [
        0,
        0,
        0,
        0,
        0
    ],
    "spike_train": [],
    "spiking_rate": 3.198976e-05,
    "threshold": 30.0
}
