{
    "count_spike": 1,
    "creation_time": 3432,
    "potential": 0.17013543117229582,
    "recent_spikes": [
        0,
        0,
        0,
        0,
        0
    ],
    "spike_train": [],
    "spiking_rate": 1.0780527793686861e-160,
    "threshold": 30.0
}
