{
    "count_spike": 184,
    "creation_time": 3432,
    "potential": 0.406934439199759,
    "recent_spikes": [
        0,
        0,
        0,
        0,
        0
    ],
    "spike_train": [],
    "spiking_rate": 5.627698670638458e-37,
    "threshold": 30.0
}
