{
    "count_spike": 100,
    "creation_time": 3432,
    "potential": 27.953189669601613,
    "recent_spikes": [
        1,
        0,
        0,
        2,
        2
    ],
    "spike_train": [
        1481799160557631,
        1481799160750413,
        1481799161448658,
        1481799161547729,
        1481799162480743,
        1481799162516396,
        1481799166197666,
        1481799166487887
    ],
    "spiking_rate": 1.299008,
    "threshold": 30.0
}
