{
    "count_spike": 46,
    "creation_time": 3432,
    "potential": 3.5339876503630245,
    "recent_spikes": [
        0,
        0,
        0,
        0,
        0
    ],
    "spike_train": [
        1481799161076223
    ],
    "spiking_rate": 0.049984,
    "threshold": 30.0
}
