{
    "count_spike": 21,
    "creation_time": 3432,
    "potential": 3.2085535048722917,
    "recent_spikes": [
        0,
        0,
        0,
        0,
        0
    ],
    "spike_train": [],
    "spiking_rate": 3.0938598348891716e-64,
    "threshold": 30.0
}
