{
    "count_spike": 61,
    "creation_time": 3432,
    "potential": 1.8221735379708983,
    "recent_spikes": [
        0,
        0,
        0,
        0,
        0
    ],
    "spike_train": [],
    "spiking_rate": 3.51843684859523e-33,
    "threshold": 30.0
}
