{
    "count_spike": 338,
    "creation_time": 3432,
    "potential": 0.6721957600779181,
    "recent_spikes": [
        2,
        0,
        0,
        1,
        0
    ],
    "spike_train": [
        1481799158887845,
        1481799159129079,
        1481799162940794,
        1481799166350365,
        1481799166373927
    ],
    "spiking_rate": 0.6536184012799999,
    "threshold": 30.0
}
