{
    "count_spike": 586,
    "creation_time": 3432,
    "potential": 1.4390609882140162,
    "recent_spikes": [
        0,
        0,
        0,
        0,
        0
    ],
    "spike_train": [],
    "spiking_rate": 6.8697486559721435e-28,
    "threshold": 30.0
}
