{
    "count_spike": 289,
    "creation_time": 3432,
    "potential": 8.140537698565026,
    "recent_spikes": [
        0,
        1,
        2,
        0,
        0
    ],
    "spike_train": [
        1481799164364576,
        1481799164380751,
        1481799164410143
    ],
    "spiking_rate": 0.736111988736,
    "threshold": 30.0
}
