{
    "count_spike": 318,
    "creation_time": 3432,
    "potential": 10.092565142585727,
    "recent_spikes": [
        7,
        0,
        0,
        12,
        11
    ],
    "spike_train": [
        1481799158783194,
        1481799158811103,
        1481799158831142,
        1481799158879063,
        1481799158900498,
        1481799159080665,
        1481799159121437,
        1481799161631157,
        1481799161670351,
        1481799161703199,
        1481799161731141,
        1481799161750188,
        1481799161786076,
        1481799161888946,
        1481799161918810,
        1481799161940239,
        1481799162004785,
        1481799162135074,
        1481799162634102,
        1481799162671398,
        1481799162710967,
        1481799162739680,
        1481799162759554,
        1481799162782658,
        1481799162799441,
        1481799162813171,
        1481799162831109,
        1481799163033141,
        1481799163147519,
        1481799163220208,
        1481799166173936,
        1481799166205826,
        1481799166241338,
        1481799166329373,
        1481799166353643,
        1481799166369757,
        1481799166391349,
        1481799166608571,
        1481799166638984,
        1481799166665127,
        1481799166700765,
        1481799166721517,
        1481799166742215,
        1481799166952872,
        1481799166997111
    ],
    "spiking_rate": 7.1583155199999995,
    "threshold": 30.0
}
