{
    "count_spike": 244,
    "creation_time": 3432,
    "potential": 5.260510086006374,
    "recent_spikes": [
        0,
        0,
        1,
        8,
        0
    ],
    "spike_train": [
        1481799158947999,
        1481799158966784,
        1481799158991192,
        1481799159027790,
        1481799160970389,
        1481799161015163,
        1481799162916056,
        1481799162945017,
        1481799163001151,
        1481799163032800,
        1481799163044528,
        1481799163063779,
        1481799163089830,
        1481799163324260,
        1481799163398254
    ],
    "spiking_rate": 2.35282941952,
    "threshold": 30.0
}
