{
    "count_spike": 562,
    "creation_time": 3432,
    "potential": -14.732745907248393,
    "recent_spikes": [
        2,
        0,
        0,
        5,
        24
    ],
    "spike_train": [
        1481799160751849,
        1481799161380236,
        1481799161404303,
        1481799161425444,
        1481799161444402,
        1481799161467451,
        1481799161527874,
        1481799161569019,
        1481799161627520,
        1481799161643998,
        1481799161662420,
        1481799161681371,
        1481799161749674,
        1481799161766471,
        1481799161785859,
        1481799161818650,
        1481799161865900,
        1481799161891685,
        1481799161910141,
        1481799161928073,
        1481799161940245,
        1481799161954410,
        1481799161967460,
        1481799161982746,
        1481799161996206,
        1481799162116777,
        1481799162868925,
        1481799162926535,
        1481799162966992,
        1481799162998995,
        1481799163083471,
        1481799166302729,
        1481799166333282,
        1481799166468365,
        1481799166848286
    ],
    "spiking_rate": 7.746048000204735,
    "threshold": 30.0
}
