{
    "count_spike": 20,
    "creation_time": 3432,
    "potential": 0.37279964378848385,
    "recent_spikes": [
        0,
        0,
        0,
        0,
        0
    ],
    "spike_train": [],
    "spiking_rate": 7.159066388356352e-107,
    "threshold": 30.0
}
