{
    "count_spike": 24,
    "creation_time": 3432,
    "potential": 0.27957758814097117,
    "recent_spikes": [
        0,
        0,
        0,
        0,
        0
    ],
    "spike_train": [],
    "spiking_rate": 8.793841043691024e-33,
    "threshold": 30.0
}
