{
    "count_spike": 33,
    "creation_time": 3432,
    "potential": 2.1845766681416703,
    "recent_spikes": [
        0,
        0,
        0,
        0,
        0
    ],
    "spike_train": [],
    "spiking_rate": 2.63803975885728e-32,
    "threshold": 30.0
}
