{
    "count_spike": 125,
    "creation_time": 3432,
    "potential": 0.3534934823332569,
    "recent_spikes": [
        0,
        0,
        0,
        0,
        0
    ],
    "spike_train": [],
    "spiking_rate": 6.869748655972148e-28,
    "threshold": 30.0
}
