{
    "count_spike": 179,
    "creation_time": 3432,
    "potential": 3.221141405774156,
    "recent_spikes": [
        0,
        0,
        0,
        0,
        0
    ],
    "spike_train": [],
    "spiking_rate": 4.09468928e-11,
    "threshold": 30.0
}
