{
    "count_spike": 732,
    "creation_time": 3432,
    "potential": 2.156122842148813,
    "recent_spikes": [
        0,
        0,
        0,
        0,
        0
    ],
    "spike_train": [],
    "spiking_rate": 1.637875712e-10,
    "threshold": 30.0
}
