{
    "count_spike": 377,
    "creation_time": 3432,
    "potential": 2.4047981901477486,
    "recent_spikes": [
        0,
        0,
        0,
        0,
        0
    ],
    "spike_train": [],
    "spiking_rate": 1.599488e-05,
    "threshold": 30.0
}
