{
    "count_spike": 13,
    "creation_time": 3432,
    "potential": 0.36113772007908285,
    "recent_spikes": [
        0,
        0,
        0,
        0,
        0
    ],
    "spike_train": [],
    "spiking_rate": 2.358973738388858e-116,
    "threshold": 30.0
}
