{
    "count_spike": 1599,
    "creation_time": 3432,
    "potential": 0.022020975765269214,
    "recent_spikes": [
        0,
        0,
        0,
        0,
        0
    ],
    "spike_train": [],
    "spiking_rate": 1.373949735696631e-28,
    "threshold": 30.0
}
