{
    "count_spike": 95,
    "creation_time": 3432,
    "potential": 1.0362739548347613,
    "recent_spikes": [
        0,
        0,
        0,
        0,
        0
    ],
    "spike_train": [],
    "spiking_rate": 8.793841046572409e-33,
    "threshold": 30.0
}
