{
    "count_spike": 26,
    "creation_time": 3432,
    "potential": 1.8846463453835336,
    "recent_spikes": [
        0,
        0,
        0,
        0,
        0
    ],
    "spike_train": [],
    "spiking_rate": 8.385923645440023e-19,
    "threshold": 30.0
}
