{
    "count_spike": 19,
    "creation_time": 3432,
    "potential": 0.048388861144186196,
    "recent_spikes": [
        0,
        0,
        0,
        0,
        0
    ],
    "spike_train": [],
    "spiking_rate": 1.3739497300868977e-28,
    "threshold": 30.0
}
