{
    "count_spike": 319,
    "creation_time": 3432,
    "potential": 7.24053172120047,
    "recent_spikes": [
        0,
        0,
        3,
        5,
        4
    ],
    "spike_train": [
        1481799158407427,
        1481799158662537,
        1481799159015085,
        1481799161489255,
        1481799161600605,
        1481799161854980,
        1481799162206209,
        1481799162922053,
        1481799162940265,
        1481799162953373,
        1481799162971345,
        1481799163104253,
        1481799163922307,
        1481799164037128,
        1481799164214369
    ],
    "spiking_rate": 2.9976780812284067,
    "threshold": 30.0
}
