{
    "count_spike": 88,
    "creation_time": 3432,
    "potential": 2.919654954928208,
    "recent_spikes": [
        0,
        0,
        0,
        0,
        0
    ],
    "spike_train": [],
    "spiking_rate": 3.021347408380935e-56,
    "threshold": 30.0
}
