{
    "count_spike": 21,
    "creation_time": 3432,
    "potential": 0.9529138619159156,
    "recent_spikes": [
        0,
        0,
        0,
        0,
        0
    ],
    "spike_train": [],
    "spiking_rate": 7.145369224240939e-107,
    "threshold": 30.0
}
