{
    "count_spike": 90,
    "creation_time": 3432,
    "potential": 0.6270710702408764,
    "recent_spikes": [
        0,
        0,
        0,
        0,
        0
    ],
    "spike_train": [],
    "spiking_rate": 1.0574715929333137e-54,
    "threshold": 30.0
}
