{
    "count_spike": 577,
    "creation_time": 3432,
    "potential": 10.619810703749817,
    "recent_spikes": [
        0,
        0,
        0,
        0,
        1
    ],
    "spike_train": [
        1481799159242810,
        1481799159897231,
        1481799159915853,
        1481799160192694,
        1481799160965786,
        1481799162077949
    ],
    "spiking_rate": 0.33193895956473446,
    "threshold": 30.0
}
