{
    "count_spike": 167,
    "creation_time": 3432,
    "potential": 1.893803305366746,
    "recent_spikes": [
        0,
        0,
        0,
        0,
        0
    ],
    "spike_train": [],
    "spiking_rate": 5.7812037487536164e-43,
    "threshold": 30.0
}
