{
    "count_spike": 8,
    "creation_time": 3432,
    "potential": 5.297969919519181,
    "recent_spikes": [
        0,
        0,
        0,
        0,
        0
    ],
    "spike_train": [],
    "spiking_rate": 4.09468928e-11,
    "threshold": 30.0
}
