{
    "count_spike": 3,
    "creation_time": 3432,
    "potential": 0.8320973002035338,
    "recent_spikes": [
        0,
        0,
        0,
        0,
        0
    ],
    "spike_train": [],
    "spiking_rate": 1.5106737041904408e-55,
    "threshold": 30.0
}
