{
    "count_spike": 45,
    "creation_time": 3432,
    "potential": 1.4649687593790879,
    "recent_spikes": [
        0,
        0,
        0,
        0,
        0
    ],
    "spike_train": [],
    "spiking_rate": 1.923310427461506e-261,
    "threshold": 30.0
}
