{
    "count_spike": 178,
    "creation_time": 3432,
    "potential": 2.354482934563836,
    "recent_spikes": [
        0,
        0,
        0,
        0,
        0
    ],
    "spike_train": [],
    "spiking_rate": 0.0007999995904,
    "threshold": 30.0
}
