{
    "count_spike": 182,
    "creation_time": 3432,
    "potential": 3.1102825004977244,
    "recent_spikes": [
        0,
        0,
        0,
        0,
        0
    ],
    "spike_train": [],
    "spiking_rate": 6.86974865034445e-28,
    "threshold": 30.0
}
