{
    "count_spike": 331,
    "creation_time": 3432,
    "potential": 7.112970375733182,
    "recent_spikes": [
        3,
        0,
        0,
        3,
        25
    ],
    "spike_train": [
        1481799160413818,
        1481799160578336,
        1481799160606319,
        1481799161246123,
        1481799161275271,
        1481799161302836,
        1481799161321411,
        1481799161338923,
        1481799161359475,
        1481799161377127,
        1481799161396082,
        1481799161424388,
        1481799161442399,
        1481799161457653,
        1481799161476556,
        1481799161494967,
        1481799161514998,
        1481799161538424,
        1481799161559789,
        1481799161580966,
        1481799161606767,
        1481799161630066,
        1481799161646527,
        1481799161667661,
        1481799161702889,
        1481799161730707,
        1481799161754586,
        1481799161790549,
        1481799161809280,
        1481799161826093,
        1481799161839291,
        1481799161855854,
        1481799161871996,
        1481799161980641,
        1481799162002768,
        1481799162823319,
        1481799162848366,
        1481799162875272,
        1481799166163095,
        1481799166186730,
        1481799166206441,
        1481799166589432,
        1481799166679189,
        1481799166700651,
        1481799166723614,
        1481799166750773,
        1481799167114408
    ],
    "spiking_rate": 8.096640000122841,
    "threshold": 30.0
}
