{
    "count_spike": 465,
    "creation_time": 3432,
    "potential": 0.29141358429629166,
    "recent_spikes": [
        1,
        0,
        0,
        1,
        1
    ],
    "spike_train": [
        1481799160676948,
        1481799161949622,
        1481799162842290,
        1481799166297197,
        1481799166671878,
        1481799166691701
    ],
    "spiking_rate": 0.749504,
    "threshold": 30.0
}
