{
    "count_spike": 40,
    "creation_time": 3432,
    "potential": 0.007195538041921004,
    "recent_spikes": [
        0,
        0,
        0,
        0,
        0
    ],
    "spike_train": [],
    "spiking_rate": 2.7213878125096205e-94,
    "threshold": 30.0
}
