{
    "count_spike": 235,
    "creation_time": 3432,
    "potential": 2.5610040311068714,
    "recent_spikes": [
        0,
        0,
        0,
        0,
        0
    ],
    "spike_train": [],
    "spiking_rate": 1.7592184245857533e-33,
    "threshold": 30.0
}
