{
    "count_spike": 519,
    "creation_time": 3432,
    "potential": 11.890639190724762,
    "recent_spikes": [
        2,
        0,
        3,
        22,
        21
    ],
    "spike_train": [
        1481799158502328,
        1481799158556179,
        1481799158609402,
        1481799158660623,
        1481799158688554,
        1481799158791827,
        1481799158812699,
        1481799158826505,
        1481799158842951,
        1481799158865927,
        1481799158908802,
        1481799158937762,
        1481799158956029,
        1481799158993665,
        1481799159043350,
        1481799159075034,
        1481799159113450,
        1481799159132590,
        1481799159152648,
        1481799159167259,
        1481799159304692,
        1481799159334844,
        1481799159361528,
        1481799161548400,
        1481799161579600,
        1481799161622243,
        1481799161651943,
        1481799161673398,
        1481799161693495,
        1481799161712022,
        1481799161748727,
        1481799161772435,
        1481799161788205,
        1481799161811057,
        1481799161842997,
        1481799161875266,
        1481799161905649,
        1481799161926072,
        1481799161947746,
        1481799161968538,
        1481799161987772,
        1481799162032511,
        1481799162148341,
        1481799162253380,
        1481799162669568,
        1481799162715219,
        1481799162757290,
        1481799162779464,
        1481799162796156,
        1481799162811940,
        1481799162829392,
        1481799162846361,
        1481799162856205,
        1481799162867024,
        1481799162882458,
        1481799162975624,
        1481799162992152,
        1481799163004802,
        1481799163023884,
        1481799163072493,
        1481799163110805,
        1481799163139594,
        1481799163159039,
        1481799163192880,
        1481799163235411,
        1481799163266490,
        1481799163953626,
        1481799163987481,
        1481799164298693,
        1481799166259767,
        1481799166287003,
        1481799166460005,
        1481799166652112,
        1481799166676835,
        1481799166717420,
        1481799166758265,
        1481799166773090,
        1481799166795248,
        1481799166868603,
        1481799166942593,
        1481799166982805,
        1481799167008554,
        1481799167042241
    ],
    "spiking_rate": 11.929585279180735,
    "threshold": 30.0
}
