{
    "count_spike": 225,
    "creation_time": 3432,
    "potential": 0.5575219814910296,
    "recent_spikes": [
        0,
        0,
        0,
        0,
        0
    ],
    "spike_train": [],
    "spiking_rate": 8.793841046574248e-33,
    "threshold": 30.0
}
