{
    "count_spike": 16,
    "creation_time": 3432,
    "potential": 0.7748944723962582,
    "recent_spikes": [
        0,
        0,
        0,
        0,
        0
    ],
    "spike_train": [],
    "spiking_rate": 9.314591357509678e-131,
    "threshold": 30.0
}
