{
    "count_spike": 221,
    "creation_time": 3432,
    "potential": 2.001866041850249,
    "recent_spikes": [
        0,
        0,
        0,
        0,
        0
    ],
    "spike_train": [],
    "spiking_rate": 0.0003999997952,
    "threshold": 30.0
}
