{
    "count_spike": 39,
    "creation_time": 3432,
    "potential": 1.2102634462334958,
    "recent_spikes": [
        0,
        0,
        0,
        0,
        0
    ],
    "spike_train": [],
    "spiking_rate": 3.1691667278904865e-71,
    "threshold": 30.0
}
