{
    "count_spike": 75,
    "creation_time": 3432,
    "potential": 0.01613947783583459,
    "recent_spikes": [
        0,
        0,
        0,
        0,
        18
    ],
    "spike_train": [
        1481799159780923,
        1481799159806672,
        1481799159828530,
        1481799159848670,
        1481799159867125,
        1481799159886909,
        1481799159906342,
        1481799159919346,
        1481799159936274,
        1481799159951724,
        1481799159968495,
        1481799159988034,
        1481799160007140,
        1481799160027375,
        1481799160048449,
        1481799160068614,
        1481799160097686,
        1481799160121087,
        1481799160142572,
        1481799160168220,
        1481799161511528,
        1481799161552562,
        1481799161574621,
        1481799161598570,
        1481799161620379,
        1481799161640425,
        1481799161661994,
        1481799161689136,
        1481799161711019,
        1481799161739807,
        1481799161770883,
        1481799161793333,
        1481799161821243,
        1481799161861493,
        1481799161892372,
        1481799161931818,
        1481799161972915,
        1481799162022675
    ],
    "spiking_rate": 4.6984960000000004,
    "threshold": 30.0
}
