{
    "count_spike": 23,
    "creation_time": 3432,
    "potential": 0.3007286829880426,
    "recent_spikes": [
        0,
        0,
        0,
        0,
        0
    ],
    "spike_train": [],
    "spiking_rate": 4.05518384651571e-76,
    "threshold": 30.0
}
