{
    "count_spike": 72,
    "creation_time": 3432,
    "potential": 0.10306494889505721,
    "recent_spikes": [
        0,
        0,
        0,
        0,
        0
    ],
    "spike_train": [],
    "spiking_rate": 1.4331412480335444e-09,
    "threshold": 30.0
}
