{
    "count_spike": 6,
    "creation_time": 3432,
    "potential": 0.3946178885579406,
    "recent_spikes": [
        0,
        0,
        0,
        0,
        0
    ],
    "spike_train": [],
    "spiking_rate": 1.9152760607735664e-126,
    "threshold": 30.0
}
