{
    "count_spike": 238,
    "creation_time": 3432,
    "potential": 3.0828801998351523,
    "recent_spikes": [
        0,
        0,
        1,
        0,
        0
    ],
    "spike_train": [
        1481799158970987,
        1481799159063917,
        1481799160758091,
        1481799160872223,
        1481799164385898
    ],
    "spiking_rate": 0.35198271488,
    "threshold": 30.0
}
