{
    "count_spike": 320,
    "creation_time": 3432,
    "potential": 11.883519583574687,
    "recent_spikes": [
        0,
        1,
        0,
        0,
        1
    ],
    "spike_train": [
        1481799159014207,
        1481799159038579,
        1481799159223315,
        1481799160859071,
        1481799161538449,
        1481799164429241
    ],
    "spiking_rate": 0.5459500646400001,
    "threshold": 30.0
}
