{
    "count_spike": 87,
    "creation_time": 3432,
    "potential": 3.6466790918606553,
    "recent_spikes": [
        0,
        0,
        0,
        0,
        0
    ],
    "spike_train": [],
    "spiking_rate": 9.004316950979477e-40,
    "threshold": 30.0
}
