{
    "count_spike": 39,
    "creation_time": 3432,
    "potential": 0.6299875894655468,
    "recent_spikes": [
        0,
        0,
        0,
        0,
        0
    ],
    "spike_train": [],
    "spiking_rate": 3.168114002163932e-71,
    "threshold": 30.0
}
