{
    "count_spike": 323,
    "creation_time": 3432,
    "potential": 0.6194303767922608,
    "recent_spikes": [
        0,
        0,
        0,
        0,
        0
    ],
    "spike_train": [],
    "spiking_rate": 1.759781196988433e-33,
    "threshold": 30.0
}
