{
    "count_spike": 315,
    "creation_time": 3432,
    "potential": 4.882540252142405,
    "recent_spikes": [
        3,
        0,
        0,
        7,
        19
    ],
    "spike_train": [
        1481799158590815,
        1481799158858552,
        1481799160253628,
        1481799160299691,
        1481799160335657,
        1481799160484338,
        1481799161050564,
        1481799161164592,
        1481799161251664,
        1481799161283969,
        1481799161310130,
        1481799161328970,
        1481799161352584,
        1481799161369438,
        1481799161388574,
        1481799161410660,
        1481799161451399,
        1481799161473699,
        1481799161489773,
        1481799161510486,
        1481799161536910,
        1481799161561473,
        1481799161580102,
        1481799161600378,
        1481799161622733,
        1481799161658602,
        1481799161678798,
        1481799161696500,
        1481799161714815,
        1481799161730223,
        1481799161747792,
        1481799161775696,
        1481799161831031,
        1481799161856275,
        1481799162412162,
        1481799162477189,
        1481799162507397,
        1481799162545261,
        1481799162729693,
        1481799162852609,
        1481799162893949,
        1481799166004125,
        1481799166039021,
        1481799166353146,
        1481799166403883,
        1481799166552068,
        1481799166574703,
        1481799166595922,
        1481799166612650
    ],
    "spiking_rate": 7.629509120081894,
    "threshold": 30.0
}
