{
    "count_spike": 33,
    "creation_time": 3432,
    "potential": 0.19521196842330377,
    "recent_spikes": [
        0,
        0,
        0,
        0,
        0
    ],
    "spike_train": [],
    "spiking_rate": 1.6020473773455593e-05,
    "threshold": 30.0
}
