{
    "count_spike": 96,
    "creation_time": 3432,
    "potential": 0.09734606529816706,
    "recent_spikes": [
        0,
        0,
        0,
        0,
        0
    ],
    "spike_train": [],
    "spiking_rate": 4.0551838516714505e-76,
    "threshold": 30.0
}
