{
    "count_spike": 181,
    "creation_time": 3432,
    "potential": 1.4883868462504748,
    "recent_spikes": [
        0,
        0,
        0,
        0,
        0
    ],
    "spike_train": [],
    "spiking_rate": 5.031554197568624e-18,
    "threshold": 30.0
}
