{
    "count_spike": 88,
    "creation_time": 3432,
    "potential": 2.9163279990314077,
    "recent_spikes": [
        0,
        0,
        0,
        0,
        0
    ],
    "spike_train": [],
    "spiking_rate": 3.434874325172225e-27,
    "threshold": 30.0
}
