{
    "count_spike": 58,
    "creation_time": 3432,
    "potential": 1.5656678673230267,
    "recent_spikes": [
        0,
        0,
        0,
        0,
        0
    ],
    "spike_train": [],
    "spiking_rate": 6.869748650346246e-28,
    "threshold": 30.0
}
