{
    "count_spike": 8,
    "creation_time": 3432,
    "potential": 0.7425904696456321,
    "recent_spikes": [
        0,
        0,
        0,
        0,
        0
    ],
    "spike_train": [],
    "spiking_rate": 1.1770557086903029e-116,
    "threshold": 30.0
}
