{
    "count_spike": 13,
    "creation_time": 3432,
    "potential": 0.508386173042711,
    "recent_spikes": [
        0,
        0,
        0,
        0,
        0
    ],
    "spike_train": [],
    "spiking_rate": 0.0008001275494400002,
    "threshold": 30.0
}
