{
    "count_spike": 3,
    "creation_time": 3432,
    "potential": 13.952138477984926,
    "recent_spikes": [
        0,
        0,
        0,
        0,
        0
    ],
    "spike_train": [],
    "spiking_rate": 1.2375440251973049e-65,
    "threshold": 30.0
}
