{
    "count_spike": 4,
    "creation_time": 3432,
    "potential": 2.5402766860741886,
    "recent_spikes": [
        0,
        0,
        0,
        0,
        0
    ],
    "spike_train": [],
    "spiking_rate": 2.534489904072313e-72,
    "threshold": 30.0
}
