{
    "count_spike": 38,
    "creation_time": 3432,
    "potential": 0.39128549295023163,
    "recent_spikes": [
        0,
        0,
        0,
        0,
        0
    ],
    "spike_train": [],
    "spiking_rate": 1.2375438986755687e-65,
    "threshold": 30.0
}
