{
    "count_spike": 1916,
    "creation_time": 3432,
    "potential": 0.8858659579491961,
    "recent_spikes": [
        0,
        0,
        0,
        0,
        1
    ],
    "spike_train": [
        1481799161216895,
        1481799161250928,
        1481799161290882,
        1481799161329527,
        1481799161750946
    ],
    "spiking_rate": 0.4498560002047345,
    "threshold": 30.0
}
