{
    "count_spike": 533,
    "creation_time": 3432,
    "potential": 2.695918974988281,
    "recent_spikes": [
        3,
        0,
        0,
        3,
        15
    ],
    "spike_train": [
        1481799160164295,
        1481799160205134,
        1481799160245394,
        1481799160333728,
        1481799160379106,
        1481799161168777,
        1481799161195568,
        1481799161219448,
        1481799161236251,
        1481799161260507,
        1481799161282489,
        1481799161304099,
        1481799161327472,
        1481799161355739,
        1481799161381387,
        1481799161402773,
        1481799161427708,
        1481799161452359,
        1481799161468166,
        1481799161491695,
        1481799161530500,
        1481799161574653,
        1481799161597293,
        1481799161618607,
        1481799161637545,
        1481799161653435,
        1481799161672760,
        1481799161698151,
        1481799161783185,
        1481799161808626,
        1481799162430767,
        1481799162653371,
        1481799162685736,
        1481799165885661,
        1481799165924886,
        1481799165957768,
        1481799166493299,
        1481799166521401,
        1481799166541315
    ],
    "spiking_rate": 5.647424000122841,
    "threshold": 30.0
}
