{
    "count_spike": 39,
    "creation_time": 3432,
    "potential": 0.8722900435049141,
    "recent_spikes": [
        0,
        0,
        0,
        0,
        0
    ],
    "spike_train": [],
    "spiking_rate": 2.130049922908525e-54,
    "threshold": 30.0
}
