{
    "count_spike": 22,
    "creation_time": 3432,
    "potential": 0.34430445138478766,
    "recent_spikes": [
        0,
        0,
        0,
        0,
        0
    ],
    "spike_train": [],
    "spiking_rate": 1.02367232e-08,
    "threshold": 30.0
}
