{
    "count_spike": 178,
    "creation_time": 3432,
    "potential": 8.37817296527808,
    "recent_spikes": [
        1,
        0,
        6,
        13,
        3
    ],
    "spike_train": [
        1481799161547039,
        1481799161653529,
        1481799161777281,
        1481799162480991,
        1481799162508200,
        1481799162614837,
        1481799162674290,
        1481799162705029,
        1481799162728146,
        1481799162749560,
        1481799162764083,
        1481799162796743,
        1481799162844131,
        1481799162870127,
        1481799162907006,
        1481799162993866,
        1481799163635682,
        1481799163774443,
        1481799163812755,
        1481799163835834,
        1481799163944609,
        1481799164093603,
        1481799166280916,
        1481799166465325,
        1481799166546046,
        1481799166577006,
        1481799166605353,
        1481799166631367
    ],
    "spiking_rate": 5.682575995002841,
    "threshold": 30.0
}
