{
    "count_spike": 40,
    "creation_time": 3432,
    "potential": 1.3617665308082576,
    "recent_spikes": [
        0,
        0,
        0,
        0,
        0
    ],
    "spike_train": [],
    "spiking_rate": 8.305016517936288e-84,
    "threshold": 30.0
}
