{
    "count_spike": 99,
    "creation_time": 3432,
    "potential": 2.4778951676581205,
    "recent_spikes": [
        0,
        0,
        0,
        0,
        0
    ],
    "spike_train": [],
    "spiking_rate": 1.510673704190473e-56,
    "threshold": 30.0
}
