{
    "count_spike": 804,
    "creation_time": 3432,
    "potential": 1.5369523174179798,
    "recent_spikes": [
        0,
        0,
        0,
        0,
        0
    ],
    "spike_train": [],
    "spiking_rate": 5.6276980989723795e-37,
    "threshold": 30.0
}
