{
    "count_spike": 188,
    "creation_time": 3432,
    "potential": 0.22047918395097071,
    "recent_spikes": [
        0,
        0,
        1,
        0,
        0
    ],
    "spike_train": [
        1481799164154758
    ],
    "spiking_rate": 0.24800000040946896,
    "threshold": 30.0
}
