{
    "count_spike": 155,
    "creation_time": 3432,
    "potential": 0.22650019881652472,
    "recent_spikes": [
        0,
        0,
        0,
        0,
        0
    ],
    "spike_train": [],
    "spiking_rate": 1.383064263914493e-45,
    "threshold": 30.0
}
