{
    "count_spike": 170,
    "creation_time": 3432,
    "potential": 0.09234733666150535,
    "recent_spikes": [
        0,
        0,
        0,
        0,
        0
    ],
    "spike_train": [],
    "spiking_rate": 1.099159784055112e-27,
    "threshold": 30.0
}
