{
    "count_spike": 78,
    "creation_time": 3432,
    "potential": 0.8568526783250361,
    "recent_spikes": [
        0,
        0,
        0,
        0,
        0
    ],
    "spike_train": [],
    "spiking_rate": 3.1744163787573207e-06,
    "threshold": 30.0
}
