{
    "count_spike": 456,
    "creation_time": 3432,
    "potential": 0.6231835307879984,
    "recent_spikes": [
        0,
        0,
        0,
        0,
        0
    ],
    "spike_train": [],
    "spiking_rate": 1.2795904071280348e-07,
    "threshold": 30.0
}
