{
    "count_spike": 1,
    "creation_time": 3432,
    "potential": 0.7206773798102474,
    "recent_spikes": [
        0,
        0,
        0,
        0,
        0
    ],
    "spike_train": [],
    "spiking_rate": 1.9233104274615062e-263,
    "threshold": 30.0
}
