{
    "count_spike": 609,
    "creation_time": 3432,
    "potential": -52.38158581643639,
    "recent_spikes": [
        0,
        1,
        1,
        1,
        0
    ],
    "spike_train": [
        1481799160067571,
        1481799162841955,
        1481799164134205,
        1481799164486084
    ],
    "spiking_rate": 0.7476133070847345,
    "threshold": 30.0
}
